s1	rid	c1	c2	n1	n2	a1	a2
S1-976449704	S3-850159575	US	US	Cooper Silver Renewable Inc	#Cóopersilver	225 Philadelphia Avenue, Pinebluff, NC	225 Philadelphia Avenue, Pinebluff, North Carolina
S1-68199740	S2-189324047	US	US	OSA Mountain Token LLC	0SA MOUNTAIN TOKEN (LLC)	13021 Percival Road, Walton Ky, KY	13021 Percival Rd, WALTON KY, KY
S1-140957746	S2-377787205	US	US	Hyacinthie Harris, D.C.	Hyacinthie Haemhis D.C.	700 Corporate Center Drive, Unit 537, Raleigh, NC	700. CORPORATE CENTER DR, RALEIGH, NC
S1-212184980	S2-54566850	US	US	Ericksen School of Medicine	ERICKSEN SCHOOL OF MEDICINE	6445 Sonoma Way, Florence, AZ	6445 Sonoma Way, FLORENCE ITY, AZ
S1-169499238	S3-554370616	US	US	Housing Charities	Housing-Charities Corporation	2338 19th Court, Gresham, OR	Gresham, Oregon, 2338 19th Ct
S1-491328534	S3-842793589	India	India	Lakshmi Construction Limited	Lakshmi Limited Services	B602, Floor 6, Vikas Apartment, Dadabhai Chamarbaug Road, Near Kem Hospit, Al, Parel, Mumbai City, Maharashtra	Floor 6, Vikas Apartment, Dadabhai Chamarbaug Road, Near Kem Hospit, Al, Mumbai City, MH, B602, Parel
S1-61568787	S3-152582423	US	US	Jones Jaws Inc	Jones Jaws	3516 Pinetree Terrace, Fairfax County, VA	Pinetree Terrace, Fairfax County, Virginia
S1-698313931	S2-57162911	India	India	Golden Engineers	GOLDEN  ENGINEERS	Plot No 157, Siri Valley, Qutubullapur, Hyderabad, Telangana	PLOT NO 157, SIRI VALLEY, QUTUBULLAPUR, Telangana
S1-332756098	S3-795890282	US	US	Joan Donahue, DMD	Orbinex formerly Joan Donahue, DMD	6214 Big Horn Drive, Granbury, TX	6214 Big Horn Drive, Granbury, TX
S1-583401953	S2-869989987	US	US	Jordan Keystone Rice LLC	Jordan Keystone Risoce LLC	1640 Fountain Avenue, Baton Rouge, LA	1640-C FOUNTAIN AVENUE, BATON ROUGE, LA
S1-50860594	S3-661903980	US	US	Vision Medicine Company	Vision Merdicine Company	4629 Arlington Park Drive, Unit 1, West Valley City, UT	4629 Arlington Park Drive, Unit 1, West Valley City, Utah
S1-373681471	S2-807972889	India	India	Saj Ventures Private Limited	Saj Ventures Private	N-204, City Avenue, Near Sayaji Hotel Bhumkar Chowk, Wakad, Pune, Maharashtra	N-204, CITY AVENUE, NEAR SAYAJI HOTEL BHUMKAR CHOWK, WAKAD, PUNE, N/A, Maharashtra
S1-385845558	S2-873791787	US	US	Bryson, Golden & Darnell LLC	BRYSON, GOLDEN & DARNELL LLC	Amarillo, TX, 18701 Tucumcari Drive	18701 Tucumcari Drive, AMARILLO, TX
S1-50630653	S3-780901681	US	US	Hassell and Amador Series	Hassell And Amador Series	8100 Scott Street, Dugger, IN	Dugger, Indiana, Scott St
S1-13501255	S2-122489427	India	India	Ivana (India) Advertising Pvt Ltd	Ivana (India) Advertising Pvt Limited	20 B T Road, Kolkata, Howrah, West Bengal	NO 20 B T ROAD, KOLKATA, KOLKATA, West Bengal
S1-71551880	S3-199530398	India	India	Good Sun Properties Private Limited	Good Limited Properties Private Sun	Plot-65 Sector-1, Gandhidham, Gujarat, Kachchh	Plot-65 Secdor-1, Kachchh, Gandhidham, GJ
S1-291757939	S2-89272361	US	US	Trinity Lutheran Church LLC	Trinity Lerna Church LLC	238 St Rte 511, Nova, OH	238 ST RTE 511, NOVA, OH
S1-519173997	S3-440071573	US	US	Gillie Alfaro Industries, Inc.	Gillie Alfaro Industries Inc.	56 Smith Knob Road, Andrews, NC	56 1/2 Smith Knob Rd, North Carolina, Andrews
S1-243636400	S2-343811134	India	India	Radiance Dimensions Private Limited	Mr Radiance  Dimensions Private Limited - 6565975528	3, 4 T. N. Mishra Marg, Everest Vihar Nirman Nagr, Jaipur, Rajasthan	3, 4 T. N. MISHRA MARG, EVEREST VIHAR NIRMAN NAGR, JAIPUR, राजस्थान
S1-843686957	S2-13529425	India	India	Himanshu Men	Himanshu [Men]	2Nd Floor, Snehi Chs Ltd, Plot No 75 Ambivali, Lokhandwala Rd, Andheri West, Mumbai City, Mumbai, Fl B - 6, Maharashtra	FL B - 6, 2ND FLOOR, SNEHI CHS LTD, PLOT NO 75 AMBIVALI, LOKHANDWALA RD, ANDHERI WEST, MUMBAI, Maharashtra
S1-893177377	S3-589195493	US	US	Desert Institute of Technology	Desert Institute Of (Technology)	2935 Cavins Drive, Springfield, OH	2935 Cavins Dr, Springfield, Ohio
S1-347379564	S3-414662585	India	India	Consulting Outsourcing Hospital Private Limited	Consulting Outsourcing Hospital Private	Ganeshpur Deva Road, Chinhat, Lucknow, Uttar Pradesh	Ganeshpur Deva Road, Chinhat, Lucknow, UP
S1-120407554	S2-565840326	India	India	Golden Care Private Limited	Golden केयर Private Limited	Microcab Industries & Logistics Private Limited, S.No.39/7, 9, 11, 40, Nasik Highway, Kurund, Thane, Maharashtra	MICROCAB INDUSTRIES & LOGISTICS PRIVATE LIMITED, S.NO.39/7, 9, 11, 40, NASIK HIGHWAY, KURUND, महाराष्ट्र
S1-807772135	S2-244453245	US	US	Midwest Academy	Midwest Center	2735 Gifford Place, New Lenox, IL	2735 Gifford Place, NWE LENOX, IL
S1-991711424	S2-814125860	India	India	Gandhi Healthcare LLP	Gandhi Htadthcare LLP	28-59 Quthbullahpur, Rr Nagar, Rangareddy, K.V.Rangareddy, Telangana	28-59 QUTHBULLAHPUR, RR NAGAR, RANGAREDDY, తెలంగాణ
S1-286803490	S2-936076873	India	India	ML Feed Pvt Ltd	ML Feed Pvt Pvt Ltd	C-25, Ground Floor (Front Portion), Nanagal Dewat Scheme, Vasant Kunj, South West Delhi, Delhi	H.NO D/345 C-25, GROUND FLOOR (FONT PORTION), NANAGAL DEWAT SCHEME, VASANT KUNJ, N/A, Delhi
S1-46661812	S2-358157283	India	India	Instyle College Ltd	Instyle College	E/70/6 Sugnya Co Op H Soc, Ltd, Nrjuhapura, Sarkhej Rd, Ahmadabad City, Ahmedabad, Gujarat	E/70/6 SUGNYA CO OP H SOC, LTD, NRJUHAPURA, SARKHEJ RD, AHMADABAD CITY, Gujarat
S1-17428332	S2-806867506	India	India	Mustang (India) Digital Pvt Ltd	MUSTANGINDIA.COM	7Th Floor Corporate Centreopp Hotel Sunshee L M Road Andheri East, Mumbai, Maharashtra	Maharashtra, #G-7TH FLOOR CORPORATE CENTREOPP HOTEL SUNSHEE L M ROAD ANDHERI EAS,T MUMBAI
S1-844197459	S2-544285795	US	US	Cynthie Ricketts Platinum Foods Corp	Cynthie Ricetts Platinum Foods Corp	124 Coldwater Lane, Benton, KY	124 COLDWATER LN, BENTON, KY
S1-432702535	S2-902297563	US	US	Vanguard Packaging Products, Inc	Vanguard Packaging Products, (Inc)	1350 Honeysuckle Road, City Of Hartford, WI	1350 HONEYSUCLKE ROAD, PMB 9584, CITY OF HARTFORD, WI
S1-865793994	S3-572431748	India	India	Seven Foundation	SEVEN FOUNDATION	S-295, Sahara Shopping Centre, Lucknow, Uttar Pradesh	No 56 S-295, Sahara Shopping Centre, Lucknow, Indira Nagar Lucknow, UP
S1-57142677	S2-647096748	US	US	Heart Initiative LLC	Heart  Initiative LLC	114 Hickory Hills Road, Church Hill, TN	114 HICKORY HILLS RD, CHURCH HILL, TN
S1-48789794	S2-473759109	US	US	Noa	Noa	4116 Chandler Haven Drive, Charlotte, NC	4116C CHANDLER HAVEN DR, CHARLOTTE, NC
S1-978101314	S3-321939525	US	US	Certified Edp	Certified Édp	144 Decatur Street, Brooklyn, NY	144 1/2 Decatur St, New York, Brooklyn
S1-536069093	S2-738367478	US	US	Crystal Catalyst Inc	CRYSTAL CATALYST INC	142 Twin Oaks Lane, Middleburgh, NY	142 TGIN OAKS LN, MIDDLEBURGH, NY
S1-755735468	S2-367643350	US	US	Desert Vanguard Dividend LLC	Desert Vanguard Dividend	8974 Coffman Path, Inver Grove Heights, MN	
S1-242826954	S3-595480353	US	US	Fadyne Anchor Aviation Corp	Fadyne Anchor Avcaton Corp	2015 Whitman Avenue, Butte-silver Bow, MT	2015 Whitman Ave, PMB 8425, Butte, Montana
S1-975838621	S3-334243859	India	India	Raj Consultants Private Limited	Dr Raj Consultants Private  Limited	17-1-470/1 Krishna Nagar, Saidabad, Hyderabad, Telangana	Door No 17-1-470/1 Krishna Nagar, Saidabad, Hyderabad, L.b.nagar, Andhra Pradesh
S1-776065047	S2-647418514	India	India	All Systems Private Limited	ऑल सिस्टम्स प्राइवेट लिमिटेड	S-21, Darrya Heights Gandhi Chouk, M.G.Road, Akola, Maharashtra	BLOCK E-74 S-21, AKOLA, Maharashtra
S1-223530685	S2-241947961	US	US	Jones Holding Company L.L.C.	Jones Holding Company	29 Blueberry Cove Road, Yarmouth, ME	PO BOX 8674, 29 BLUEBERRY COVE RD, ME, YARMOUTH
S1-685412590	S3-963010190	India	India	Swastik Public School	Shri Swastik Public Center	Madhya Pradesh, Gwalior, Thatipur, Bhadauria Villa Galla Kothar	Bhadauria Villa Galla Kothar, Thatipur, Gwalior, मध्य प्रदेश
S1-134166110	S3-942445924	US	US	Rapid Centurion, LLC	Rapid Cneutrtir, LLC	678 James Madison Highway, VA, Louisa County	678-682 James Madison Hwy, PMB 4100, Louisa County, Virginia
S1-703613912	S2-567570623	US	US	Stanford Veterinary Clinic LLC	STANFORD VETERINARY	316 Landon Lane, Sneads Ferry, NC	316 LANDON LN, SNEADS FERRY, NC
S1-540676554	S2-196434312	US	US	Avila Preparatory Academy LLC	Avila Academy Preparatory LLC	4300 Newport Rd, Louisville, KY	04300 NEWPORT RD, LOUISVILLE, KY
S1-584552254	S2-270707049	India	India	Creative Enterprises Private Limited	Creative Enterprises Private  Limited	S. No. 667P2, Neknam Paddhari Road, At Neknam, Taluka Tankara, Dist Morbi, Tankara, Rajkot, Gujarat	###75 S. NO. 667P2, NEKNAM PADDHARI ROAD, AT NEKNAM, TALUKA TANKARA, DIST MORBI, TANKARA, Gujarat
S1-38204649	S2-312329066	India	India	High Infrastructure Private Limited	हाई इंफ्रास्ट्रक्चर प्राइवेट लिमिटेड	104, Ganga Vihar, Mahesh Nagar, Tonk Phatak, Jaipur, Rajasthan	104, GANGA VIHAR, MAHESH NAGAR, JAIPUR, Rajasthan
S1-240995741	S3-358787474	US	US	Burton Pacific Truist LLC	Burton Pacific Tiruist LLC	120 Haven Lane, Murphy, NC	120 Haven Ln, Murphy, North Carolina
S1-714083699	S2-12802345	US	US	Avon Homecare	Avon Homecare	71 New Road, Avon, CT	71 NEW ROAD, AVON, CT
S1-350070908	S3-964316419	India	India	Century Industries Group Limited	Century  Industries	Road No 3 Kazipur Quarters, Bihar, Patna, Opp To Quarter No 11, Patna	Opp To Quarter No #11, Patna, बिहार
S1-259390999	S3-905250863	US	US	Kristina's Keystone Technologies	Kristina's  Keystone Technologies	160 204 Pintail Loop, Hamilton, MT	160 204 Pintail Loop, Hamilton, Montana
S1-47786113	S2-504604520	US	US	Youth Association V	Y0uth Association V LLC	96 Alton Lane, King William County, VA	VA, 96  ALTON LANE, KING WILLIAM
S1-999928282	S2-186066097	US	US	Patriot Coastal LLC	Patriot Coastal L.L.C.	100 Pine Street, Unit 146, City Of Wilson, NC	100D PINE STREET, CITY OF WILSON, NC
S1-778822937	S3-615185138	US	US	Stewart Kimco of Springdale	Stewart Kimco	19778 Bennington, Springdale, AR	19778 Bennington, Springdale, AR
S1-606729885	S2-329681108	India	India	Kala Technologies Pvt. Ltd.	kalatechnologies.com	7/H/23, Raicharan Pal Ln Kolkata, Kolkata, Kolkata, Howrah, West Bengal	7/H/23, RAICHARAN PAL LN KOLKATA, KOLKATA, KOLKATA, West Bengal
S1-562554435	S3-644264610	India	India	Seven Shiva Infrastructure Limited	Seven  Shiva Infrastructure	House.No.7-124/1/C1 Sagar Ring Road, Manneguda Village, Hyderabad, Telangana	House.no.7-124/1/c1 Sagar Ring Road, Manneguda Village, Hyderabad, తెలంగాణ
S1-253969400	S3-402312163	US	US	Bush Piedmont Sui	Bush  Piedmont Sui	561 950, Norris City, IL	##561 950, Norris City, Illinois
S1-272414264	S2-771927923	India	India	Akshat Traders Corp	Akshat (Traders)	Viii396 B4 Ktk Tower, Second Floor, Nadapuram, Kozhikode, Kerala	VIII96 B4 KTK TOWER, SECOND FLOOR, NADAPURAM, Keralam
S1-132184099	S2-983649961	India	India	Basa Communications Private Limited	Mr basa communications private limited	No.567, Beml Embcs Layout 5Th Stage, Rr Nagar, Bangalore, Karnataka	NO.567  , BEML EMBCS LAYOUT 5TH STAGE, RR NAGAR, BANGALORE, ಕರ್ನಾಟಕ
S1-264706299	S2-313001001	India	India	Shree Scrap Private Limited	Shree Scrap  Private Limited	Shop No 2, Chetak Chs Ltd, Nargis Dutt Road, 41, Pali Hill, Bandra West, Mumbai, Mumbai City, Maharashtra	SHOP NO C-2 , CHETAK CHS LTD, NARGIS DUTT ROAD, 41, PALI HILL, BANDRA WEST, MUMBAI, Maharashtra
S1-249067184	S2-55983019	India	India	Red Hospitality	রেড হসপিটালিটি	7 Loyans Range, Kolkata, Calcutta, West Bengal	7 LOYANS RANGE, KOLKATA, CALCUTTA, West Bengal
S1-527232002	S3-631793971	US	US	Flint Battery Inc	flint battery inc	812 Havenwood Lane, Fort Worth, TX	812 Havenwood Ln, Fort Worth, Texas
S1-513650026	S3-134787601	India	India	Consultants Saboo Chemicals	Chemicals Sáboo Consultants	Flat No. T2 604, Kishangarh Pride, Parasiya, Ajmer Road, Kishangarh, Ajmer, Rajasthan	Flat No. T02 604, Kishangarh Pride, Parasiya, Ajmer Road, Kishangarh, Ajmer, राजस्थान
S1-61571831	S2-508160533	US	US	Cepeda Ventures	Cepeda Ventures	2390 Pine Hall Road, Belews Creek, NC	2390 PINE HALL RD, BELEWS CREEK, NC
S1-749073077	S2-148847539	India	India	Studio Holdings	Sbrdfo [Holdings]	Delhi, Kh.No. 123/13, 1St Floor, North Delhi, House No Pvt-691, North	HOUE NO PVT-691, NORTH, NORTH DELHI, दिल्ली
S1-169908935	S3-630425733	India	India	Shree Forwarder Private Limited	Mr Shree Forwarder Private Ltd	Patna, Kuan, West Lohanipur Near Goria Asthan, Kadam, Bihar, Rajendar Bhawan C/O Rajendra Prasad Yadav	Block B-646 Rajendar Bhawan C/o Rajendra Prasad Yadav, West Lohanipur Near Goria Asthan, Kadam, Kuan, Patna, BR
S1-818174437	S2-371552540	US	US	Carola Chen, DO	Carola Chen, DÓ	9 Hughes Street, Unit 1, Quincy, MA	9 HUGHES STREET, QUINCY, MA
S1-758750831	S3-884212721	US	US	2791 Third Place Holdings	2791 Third Place Hóldings	1346 8th Street, Noblesville, IN	1346 Eighth St, Noblesville, Indiana
S1-156922683	S3-82076650	India	India	West Champaran Forex Private Limited	West Champaran Forex Private Límited	Bihar, West Champaran, Vill.P.O.- Dumaria Estate, P.S.- Shikarpur, West Champaran	Vill.p.o.- Dumaria Estate, BR, West Champaran, P.s.- Shikarpur, West Champaran
S1-256044528	S3-991004285	India	India	Delta Share LLP	Jaxzeta	Gf-14, 15 Swaminarayan Business Park, Opp.Gokulesh Petrol Pump, Near Narol Cross Road, Daskroi, Ahmedabad, Gujarat	Gf-14, 15 Swaminarayan Business Park, Opp.Gokulesh Petrol Pump, Near Narol Cross Road, Daskroi, Ahmedabad, Gujarat
S1-868330451	S2-142609410	US	US	Uptown Nails, Inc	Upt0wn Nlna,  Inc	4010 116th Street, Runnells, IA	4010 116ND ST, RUNNELLS, IA
S1-498801979	S2-44975227	India	India	North Baba Foundation Private Limited	NORTH BABA FOUNDATION PRIVATE LIMITED	Khata No.2334/117, Sy No., 117/2, 117/3, 117/4, 117/5, Bangalore North, Bangalore, Karnataka	KHATA NO.2334/117, SY NO., 117/2, 117/3, 117/4, 117/5, BANGALORE NORTH, ಕರ್ನಾಟಕ
S1-32268609	S3-599551379	US	US	Claggett, Michelle, MD	Orbiorbi	9 Foster Street, Woburn, MA	9 Foster Street, Massachusetts, Woburn
S1-499564522	S3-799201913	US	US	Mountain Superior Perfect LLC	Mountain  Superior Perfect	9615 Ford Road, Edwards, IL	615 Ford Rd, Edwards, Illinois
S1-374608723	S3-422324918	US	US	Surgical Center Partners	Surgical Center  Partners	Charlottesville City, Unit # 4, 1410 Grady Avenue, VA	1410 Grady Avenue, Unit # 4, Charlottesville, Virginia
S1-905462176	S2-947080014	US	US	Williams, Nanci, D.D.S. Corp	Williams, Nánci, D.D.S. Corp	1722 Garden Point Lane, League City, TX	#1722 GARDEN POINT LN, LEAGUE CITY, TX
S1-432367414	S2-747459570	US	US	Janine Kuykendall Allied Seas Inc.	JANINE KUYKENDALL SEAS INC. (CENTER)	Salt Lake City, UT, 925 Donner Way, Unit 2500	925 DONNER WAY, SALT LAKE CITY, UT
S1-566216864	S2-450537004	US	US	007 Oncology	007 Ootlsoby	6928 Old Sauk Court, City Of Madison, WI	6928 OLD SAUK COURT, MADISON, WI
S1-200350978	S2-792626497	US	US	Prairie Storage L.L.C.	Prairie 5torage [L.L.C.]	7025 Georgetown Road, Walkersville, WV	7025D GEORGETOWN RD, WALKERSIVLLE, WV
S1-400885403	S2-345140643	US	US	Choice Piedmont Rockwool	Pfnedmet Choice Rockwool	8447 New Haven Drive, City Of El Paso, TX	8447 NEW HAVEN DRIVE, CITY OF EL PASO, TX
S1-172658134	S3-622027208	US	US	Lambert Music LLC	Lambert Music	1923 6th Avenue, Altoona, PA	1923 6th Avenue, Altoona, PA
S1-394709873	S3-647934033	US	US	Michel Plum LLC	Miche1 Plum-LLC	N1524 Deer Haven Court, Village Of Greenville, WI	NULL, Village Of Greenville, Deer Haven Court, Wisconsin
S1-61494795	S2-841124173	US	US	Demers & Watson Applied PLLC	Demers & Watson	2860 Coy Kaylor Drive, Unit Apt 3, Fayetteville, AR	AR, 4860 COY KAYLOR DR, FAYETTEVILLE
S1-313580681	S3-413065272	US	US	Ariel Lee Precious	Ariel Lee Precious	2309 Helena Avenue, Oakdale, MN	2309 Helena Avenue, Oakdale, Minnesota
S1-354706083	S3-207817796	US	US	Francis, Rios & Schall Grupo	Francis, Rios Sacll & Grupo	AK, Anchorage, 12000 Lorraine Street	12000d Lorraine St, Ancorage, Alaska
S1-478719082	S2-782091666	US	US	Value Mountain Chadwick LLC	Value Mountain Ctdaiik  LLC	6 Head Of The Tide Road, Belfast, ME	01 HEAD OF THE TIDE RD, BELFAST, ME
S1-732649465	S2-321862053	India	India	Products God Bar Limited	Products God Bar [[Limited]]	E, Floor- 02, 203, Bejanwala Complex, Opp. West Zone, Rander Road, Tadwadi, Surat, Gujarat	BLOCK C-497 E, FLOOR- 02, 203, BEJANWALA COMPLEX, OPP. WEST ZONE, RANDER ROAD, TADWADI, SURAT, Gujarat
S1-848348965	S2-949183776	US	US	Blue Cascade Apparel LP	Blue Cascade Alntpaeael LP	701 Warren Street, Unit Suite 4B, Hudson, NY	WARREN ST, HUDSON, NY
S1-48445597	S2-977025597	India	India	Dahisar East System Private Limited	Dahisar East System System Private	Gurukul Chs, J S Road, Maharashtra, Mumbai, A/0803, Dahisar East	A/0803, GURUKUL CHS, J S ROAD, DAHISAR EAST, Maharashtra
S1-916238481	S3-58587537	US	US	Thompson and Acres	Thompson ánd Acres	164 Shinnville Ridge Lane, Mooresville, NC	##164 Shinnville Ridge Ln, Mooresville, North Carolina
S1-807163987	S2-13641762	US	US	Liberty Creative Distribution LLC	LIBERTY CREATIVE DNSTRIMUTLON  LLC	MA, Saugus, 9 Willis Street	
S1-2981423	S3-917857236	US	US	Deena Torrez Complete Health	Deena Torrez Complete Health Inc.	2111 91st Street, Lincoln, NE	2111 91st Street, Nebraska, Lincoln
S1-872163054	S3-505968125	India	India	Premier Foundation Private Limited	Premier Foundation Private Ltd	C-230, Gyan Marg, Tilak Nagar, Jaipur, Rajasthan	C-230, Jaipur, RJ
S1-651007442	S2-804969974	US	US	Tiffie Christian, Esq.	TIFFIE CHRISTIAN,  (ESQ.)	832 62nd Street, City Of Kenosha, WI	832  62ND STREET, CITY OF KENOSHA, WI
S1-11347868	S3-790340900	US	US	Valley Piedmont Northwest PLLC	Valley Piedmont PLLC Service	1994 East Street, Pittsfield, MA	1994 East Street, Pittsfield Township, Massachusetts
S1-853851732	S3-156848001	India	India	US Sustainables Ltd	US Sustainables-Ltd	Pl No 16 & 17, Manikonda, Rangareddy, Telangana	Pl No ##16 & 17, Rangareddy, తెలంగాణ
S1-281233521	S3-753926980	US	US	Devue Capital Partners LLC	Devue Capital Pártnérs LLC	4600 Cunningham Road, Unit 604, Killeen, TX	4600 Cunningham Road, # 604, Killeen, Texas
S1-578805165	S3-79117263	US	US	Gibson & Sanchez Arts, LLC	Gibs0n Sanchez Arts, LLC Service	748 Twp Rd 109, South Point, OH	748 Twp Rd 109, South Point, Ohio
S1-265944121	S2-181678078	US	US	Vion LLC	VION.COM	1512 State Street Road, Belleville, IL	1512 STATE STREET RD, PMB 3295, BELLEVILLE, IL
S1-461206993	S2-591774555	US	US	Patriot Rapid Motors LLC	Patriot Rapid Mótors LLC	TN, Nashville, Unit 306, 3225 Creekwood Drive	3224 CREEKWOOD DR, NASHVILLE, TN
S1-398378463	S3-361767049	US	US	Vision Medicine, Inc	visionmedicine.com	400 Saratoga Drive, Elburn, IL	400 Saratoga Dr, Elburn, Illinois
S1-433845887	S2-673352042	US	US	Williams, Navarro and Gonzales Supply Corp	Williams, Návarro and Gonzales Supply Corp	111 Iroquois Court, Newark, DE	DE, NEWARK, 00111 IROQUOIS CT
S1-479165249	S2-682765521	India	India	International Surya Agro	ఇంటర్నేషనల్ సూర్య ఆగ్రో	Telangana, Hyderabad, C-22, Electronic Complex, Kushaiguda	C-22, HYDERABAD, Telangana
S1-414569142	S3-708622510	US	US	Cooperative Supply Union LLC	cooperative supply union llc	MO, Saint Louis, 925 Evans Avenue, Fl 0	925 Evans Avenue, PO Box 7233, Missouri, Saint Louis
S1-347392599	S3-841209989	India	India	Consultants Ramdullari Business Private Limited	Consultants Ramdullari Private Limited Partners	C/O Rajendra Battuwar, Battuwar Complex, Gadchiroli, Maharashtra	No A-464 C/o Rajendra Battuwar, Battuwar Complex, Gadchiroli, MH
S1-781427190	S3-549040012	US	US	Vo Apex Storage Inc	Voapexstorage.Com	142 Old Churchmans Road, New Castle, DE	142 Old Churchmans Road, New Castle, Delaware
S1-210849781	S3-895784814	US	US	Urology Partners Inc	Urology Partners-Inc	6207 Ocean Front Avenue, VA, Virginia Beach City	#6207 Ocean Front Ave, Virginia Beach, Virginia
S1-217984446	S2-568174615	US	US	Pacific Midwest Oyster Corp	Pacific Midwest Otgsyter Corp	Madawaska, 291 Golf Course Road, ME	GOLF COURSE ROAD, N/A, SAINT DAVID, ME
S1-392415815	S2-948578913	India	India	OGN Strategies Private Limited	OGN Strategies	Sy.No: 480/2 Amtz Campus, Pragati Maidan, Pedagantyada, Visakhapatnam, Vishakhapatnam, Andhra Pradesh	SY.NO: 480/2 AMTZ CAMPUS, PRAGATI MAIDAN, PEDAGANTYADA, VISAKHAPATNAM, Andhra Pradesh
S1-843520677	S3-256907563	US	US	Foundry, LLC	Faonmyr, LLC	1705 Tipperary Drive, Middletown, OH	1705 Tipperary Drive, Middletown, Ohio
S1-793452925	S3-204486964	US	US	Select Marketing Consultants	Select Marketing Consultants LLC	IN, 5400 Cunningham Drive, Evansville	5400 Cunningham Drive, Evansville, Indiana
S1-507257808	S2-593918447	US	US	Temple Cathedral	Temple Cathedral	1683 Strong Road, Tyre, NY	NY, TYRE, 1683 STRONG RD
S1-672173262	S3-749765074	India	India	One Foundation Private Limited	One Foundation  Private Limited	No 25/1, Museum Road Bangalore, Karnataka, Bangalore, Karnataka	No 25/1, Museum Road Bangalore, Karnataka, Bangalore, ಕರ್ನಾಟಕ
S1-70573178	S3-396291523	India	India	Lotus Black Services Private Limited	Lotus Black Services Services Private Ltd	Shop No 4, Rittika Residency Tapan Mitra Sarani Purbanchal Tentutalla, Kolkata, Parganas North, West Bengal	
S1-212943045	S3-965244264	US	US	V & G Twelve Inc	V & G-Twelve	275 Sugar Hollow Road, S Irv-wagersville, KY	275 Sugar Hollow Rd, S Irv-Wagersville, Kentucky
S1-367159673	S3-849914845	India	India	Ramnath India Private Limited	Ramnath Infda Private (Limited)	16-2-664/1, Third Floor, Press Road, Judges Colony, New Malakpet, Chanchalgud, A, Hyderabad, Telangana	TG, Hyderabad, Third Floor, Press Road, Judges Colony, New Malakpet, Chanchalgud, A, 16-2-664/1
S1-419692656	S3-569339484	India	India	Gangika Web Private Limited	Kornex d/b/a Gangika Web Private Limited	C/O Akhil Chakraborty, Pragati Granthagr, Jamuria, Bardhaman, West Bengal	C/O Akhil Chakraborty, Pragati Granthagr, Jamuria, Bardhaman, West Bengal
S1-973587019	S2-93995259	India	India	Ss Industries Limited	SS INDUSTRIES LIMITED	H.No.6-126/1866/G2, Vaishnavi Residency 3Rd Layout, Pragathi Nagar, Hyderabad, Telangana	#6-126/1866/G2 , VAISHNAVI RESIDENCY 3RD LAYOUT, PRAGATHI NAGAR, HYDERABAD, Telangana
S1-626066534	S2-729305059	US	US	Behavioral Health Physicians LLC	BEHAVIORAL HEALTH PHYSÍCIANS LLC	303 Horseshoe Loop, Liberty Hill, TX	##303 HORSESHOE LOOP, LIBERTY HILL, TX
S1-138529221	S2-16424142	India	India	Super Software Private Limited	SUPER SFOE PRIVATE LIMITED	Instrumentation Ltd.F E/2, Malviya Ind. Area, Jaipur, Rajasthan	INSTRUMENTATION LTD.F E/2, JAIPUR, Rajasthan
S1-944495478	S2-123736918	US	US	Midwest Program	Midwest Prógram	960 Merrill Drive, Unit 9202, Leander, TX	TX, LEANDER, 960 MERRILL DR
S1-318200121	S2-367771183	India	India	Yukti Trading Limited	Yukti Yukti Tllrig Limited	I 489 Beta 2, Greater Noida Gautam Budh Nagar, Gautambudhnagar, Gautam Buddha Nagar, Uttar Pradesh	I D/489 BETA 2, GREATER NOIDA GAUTAM BUDH NAGAR, GAUTAMBUDHNAGAR, उत्तर प्रदेश
S1-428974692	S3-561482000	US	US	Urgent Care Medicine of Pinehurst	Urgent Medicine Of Pinehurst Partners	220 Juniper Creek Boulevard, Pinehurst, NC	220 Juniper Creek Blvd, Pinehurst, North Carolina
S1-475458477	S3-271954939	India	India	Laser & Sons Limited	Limited Laser & Ss	45 Vinayagam Street, Venkatesh Nagar, Chennai City Corporation, Chennai, Tamil Nadu	Door No 45 Vinayagam Street, Chennai, Chennai City Corporation, TN
S1-869873015	S2-895793728	US	US	Citadel LLC	Citadel LLC	15 Littlejohn Road, Jacksonville, AL	AL, 15 LITTLEJOHN ROAD, JACKSOVNILLE
S1-12751029	S3-494250230	India	India	Skg Processors Private Limited	Skg Processors  Private Limited	New Delhi, M-76 G.K. 1, South Delhi, Delhi	M-76 G.k. 1, New Delhi, South Delhi, दिल्ली
S1-868045442	S2-633032319	India	India	Maa Great Exports Private Limited	মা গ্রেট এক্সপোর্টস প্রাইভেট লিমিটেড	B 253 Private Roaddum Dum, Kolkata, South 24 Parganas, West Bengal	H.NO C-742 B 253 PRIVATE ROADDUM DUM, KOLKATA, SOUTH 24 PARGANAS, West Bengal
S1-144933483	S3-261065057	US	US	Hall, Orsini & Johnson	Hall, Orsini & Johnson	Austin, 6110 Langham Street, TX	6110 Langham Street, Austin, Texas
S1-827677367	S2-365931021	US	US	Commission on Education	Commission on Ecaeigon	11 Burlington Avenue, Dayton, OH	011 BURLINGTON AVE, DAYTON, OH
S1-470278355	S3-470716583	India	India	Kritavi Foods Pvt Ltd	@kritavifoods	Building No. 11/362 Chempakamangalam Building, Kochuthovala, Kattappana, Idukki, Kerala	Building No. 11/362 Chempakamangalam Building, Kattappana, Idukki, കേരളം
S1-587540838	S2-51614826	India	India	Varada Group of Companies	Varada Group	A-25 F/F, New Ashoka Niketan, New Delhi, Delhi	
S1-811429864	S2-834245908	US	US	Department of Transportation of Colonie	Department of Transportation of	7 St Thomas Lane, Colonie, NY	7 ST THOMAS LN, SCHENECTADY, NY
S1-177014017	S3-224268783	India	India	Pyramid & Brothers Private Limited	Pyramid & Brothers  Private Limited	Shop No. 3, 2Nd Floor, B.No.E11/8 Prateek Center, Agra, Uttar Pradesh	Agra, 2Nd Floor, B.no.e11/8 Prateek Center, Agra, UP, Door No 2-3
S1-791147257	S2-156297907	India	India	Dream Exports Limited	ಡ್ರೀಮ್ ಎಕ್ಸ್‌ಪೋರ್ಟ್ಸ್ ಲಿಮಿಟೆಡ್	C/Otbhuvaneshwari, Bangalore North, No235, Binnamangala 2Nd Stage, Karnataka, Bangalore	C/OTBHUVANESHWARI, NO235, BINNAMANGALA 2ND STAGE, BANGALORE NORTH, BANGALORE, Karnataka
S1-573047502	S2-526490083	US	US	Neely Enterprises Corp	Neely Enterprises Corp	2009 Pulaski Giles Turnpike, Giles County, VA	PEARISBURG, VA, 2009  PULASKI GILES TURNPIKE
S1-648308964	S2-639138962	India	India	Mumbai Infrastructure Private Limited	mumbaiinfrastructure.com	103/104 1St Floor Orbit Plaza New Prabhadevi Marg Prabhadevi, Mumbai, Mumbai City, Maharashtra	103/104 1ST FLOOR OBRIT PLAZA NEW PRABHADEVI MARG PRABHADEVI, MUMBAI, Maharashtra
S1-205354199	S3-879314644	India	India	ESA Solutions Private Limited	esa solutions private limited	M-17, Pharma Tower, Second Floor, Badli Industrial Area, Badli, North West, Delhi	Plot 713 M-17, North West, Badli, दिल्ली
S1-966346892	S3-140908534	US	US	Mercado, Luo and Willoughby Industries LLC	Mercado, Luo and Willoughby LLC Center	MA, Shrewsbury, 1 Point Road	1 Point Rd, Shrewsbury, Massachusetts
S1-879320544	S3-11284251	US	US	Interstate Appliance Inc	Interstate Appliance Ínc	3650 Alton Court, Fairview, OR	03650 Alton Ct, Fairview, Oregon
S1-558880445	S2-100193434	US	US	Vogel Coastal Cross	vogelcoastalcross.com	3801 Swartout Road, Owasco, NY	##3801 SWARTOUT ROAD, AUBURN, NY
S1-702540775	S3-867686892	US	US	Roberson Safe Generation LLC	ROBERSON SÁFE GENERATION LLC	9845 Basil-western Road, Canal Winchester, OH	9845 Basil-Western Rd, Canal Winchester, Ohio
S1-796138884	S2-332501371	India	India	Tdc India Company	Dr Tdc India Co	Sadashiv Peth, Pune, Maharashtra	BLOCK D-#847 SADASHIV PETH, PUNE, Maharashtra
S1-247162404	S3-357678162	US	US	Complete Continental Hair Studio LLC	Complete Continental Hair Studio LLC	1835 Skyway Street, Salem, OR	
S1-338708416	S2-933808814	US	US	Solay Hotel Care	SOLAY HOTEL  CENTER	4509 49th Terrace, Kansas City, MO	4509 49TH TER, KANSAS CITY, MO
S1-354136732	S2-496103844	India	India	Rajchandra Cement Private Limited	Shri Rajchandra Cement Private	Vasai, Thane, Subhashini Chs, Sandor, Vasai, 002, Maharashtra	H.NO B3/584 002, SUBHASHINI CHS, SANDOR, VASAI, VASAI, Maharashtra
S1-397438903	S2-811524054	US	US	A 3 Crystal Southwest Inc	A Crystal 3  Southwest Inc	813 Jefferson Avenue, Valdese, NC	813 JEFFERSON AVENUE, VALDESE, NC
S1-651185354	S3-882862858	US	US	Vantent Resolution Inc	Vantent Resolution Inc	4539 Steadfast Way, Silver Bay, MN	539 Steadfast Way, Silver BAY CDP, Minnesota
S1-964961251	S2-87511690	US	US	Oncology Specialists Center	ONCOLOGY SPECIALISTS  CENTER	630 1st Avenue, Unit Apartment 525, Fargo, ND	630  FIRST AVE, FARGO, ND
S1-894572887	S2-188407865	US	US	Silver Diana, LLC	silverdiana.com	120 Neilson Road, MA, New Salem	0120 NEILSON ROAD, NEW SALEM, MA
S1-956093078	S3-977011901	US	US	Rua's Diamond Massage	Rua's Diamond  Massage	9225 Central Avenue, Fl 0, Wichita, KS	9225 Central Ave, Wichita, Kansas
S1-33454822	S2-372855202	India	India	Creative Priya Limited	Creative Priya-Limited	403, Ashirvad Paras, Corporate Road, Prahalad Nagar, Ahmedabad, Gujarat	
S1-358202936	S2-551373848	US	US	Catech Center	Catech Center C0rp	310 Philadelphia Street, Unit UNIT 101, Ontario, CA	310- PHILADELPHIA STREET, ONTARIO, CA
S1-142436178	S2-119986305	US	US	Upper Defense	Upper Defense	4242 Bunker Drive, Quincy, IL	4242D BUNKER DRIVE, QUNCY, IL
S1-398459659	S2-646298769	US	US	Bivaex Global Solution	Bivaex Global Solution LP	37 Lawson Court, NC, Smithfield	37 LAWSON CT, SMITHFIELD, NC
S1-696063817	S2-998042229	India	India	Lotus Engineering Private Limited	लोटस इंजीनियरिंग प्राइवेट लिमिटेड	C/O Umesh Tiwari, Bistauli, Basgaon, Gorakhpur, Uttar Pradesh	C/O UMESH TIWARI, BISTAULI, BASGAON, GORAKHPUR, Uttar Pradesh
S1-33130582	S3-359056142	India	India	Great Al Construction Private Limited	constructionalgreat.com	98, Old Gunj Bazar, Unjha, Mahesana, Gujarat	#670 98, Old Gunj Bazar, Mahesana, Unjha, GJ
S1-7063554	S3-788673331	India	India	Sheetal Brothers Private Limited	Dr Sheetal 8rothers Private Limited	Tatprasadbb13Tapovansoc.Opp.Yash Complexnr.Nuclear Parkgotri, Rd., Vadodara, Gujarat	Vadodara, GJ, #C-952 Tatprasadbb13tapovansoc.opp.yash Complexnr.nuclear Parkgotri, Vadodara
S1-611476987	S3-731268514	US	US	Trusted Regional Fortis LLC	Viopyra One	1742 Dumont Drive, Mineral Ridge, OH	1742 Dumont Drive, OH, Mineral Ridge
S1-38277579	S3-281699563	US	US	Delta Gss	Delta  Center	TX, 24700 Us Highway 281, San Benito	Texas, San Benito, 2470 Us Highway 281
S1-944869957	S3-664164319	India	India	Enterprises Prompt Technologies Private Limited	Enterprises Prompt Technologies Private Limited	Plot No 08, Flat No 004, Upper Ground, New Colony, Lady Fatima School, Nehru Lane, New Colony, Gurgaon, Haryana	Door No 08, Flat No 004, Upper Ground, New Colony, Lady Fatima School, Nehru Lane, Gurgaon, New Colony, HR
S1-357610946	S3-483189267	US	US	Porter Futurecrest, LLC	Porter-Futurecrest, [LLC]	IL, 509 Silver Lake Road, Cary	509-A Silver Lake Rd, Cary, Illinois
S1-312716856	S2-98417736	US	US	Sapphire LLC	Sápphire-LLC	2805 Page Road, Raleigh, NC	2805 PAGE ROAD, RALEIGH, NC
S1-32822599	S2-100766019	India	India	Varuna Nursing Home	Varuna Nursing Home Corp	Idea Lab, Vssut Burla Po/Ps Burla, Sambalpur, Orissa	IDEA LAB, VSSUT BURLA PO/PS BURLA, SAMBALPUR, Odisha
S1-638008019	S3-468134410	India	India	Gujarat Ventures Private Limited	குஜராத் வென்ச்சர்ஸ் பிரைவேட் லிமிடெட்	Chennai-17, Tamil Nadu, Chennai, New No.67Old No.32 Iind Floor Ii Phase Venkatanarayana Road, T.Nagar, Palani Centre	Palani Centre, New No.67old No.32 Iind Floor Ii Phase Venkatanarayana Road, T.nagar, Chennai, Chennai-17, TN
S1-215173180	S2-730702676	India	India	Fluid (india) Limited	Shri Fluid Limited (india)	Delhi, 2774 Gali Arya Samazbazar Sita Ram Chawri Bazar, North Delhi, Delhi	2774 GALI ARYA SAMAZBAZAR SITA RAM CHAWRI BAZAR, DELHI, Delhi
S1-25374562	S2-775521615	US	US	Sadie Brown Pharmaceuticals Co	Sadie Brówn	945 Redbud Lane, Bullard, TX	00945 REDBUD LANE, BULLARD, TX
S1-147585577	S2-823408344	US	US	Sivodyne Evo LLC	(LLC) Sivodyne Evo	314 Seventh Street, Irving, TX	314 7TH STREET, N/A, IRVING, TX
S1-359464145	S2-662348586	US	US	Brooks Unified Emera LLC	BROOKS-UNIFIED EMERA LLC	6 Upland Woods Circle, Unit 303, Norwood, MA	#6 UPLAND WOODS CIRCLE, NORWOOD, MA
S1-226752707	S2-550072202	US	US	Dudley's Machine Works	Dudley's Machine Works Co	1010 Main Street, Norman, OK	##1010 Main St, NORMAN, OK
S1-995545240	S3-380697049	US	US	Anderson Peak Redwood LLC	Anderson Peak Rédwood LLC	9911 Monroe Road, Unit 108, Charlotte, NC	9911 Monroe Road, Charlotte, North Carolina
S1-932202304	S3-182286926	US	US	Stacy Creative Liberty	stacycreativeliberty.com	4212 Boca Raton Road, Phoenix, AZ	4212 Boca Raton Rd, Phoenix, Arizona
S1-970460873	S3-149378970	US	US	Hugg, Denny, D.O., M.D., P.C.	Hugg, Dea, D.O., M.D., P.C.	9228 Arline Avenue, Saint Louis, MO	228 Arline Ave, Saint Louis, Missouri
S1-488280428	S3-244152696	India	India	Tea Hospital	Tea-Hospital	B-63, Vaishno Dham, Ground Floor Kanker Khera, Meerut, Uttar Pradesh	B-63, Meerut, UP
S1-420217576	S3-609979167	US	US	Eastern Learning Center	Eastern Learning	IN, South Bend, 3305 Hastings Street	3305 Hastings St, Sout Hbend, Indiana
S1-736147430	S3-211000042	US	US	Cooperative Health Advisors Inc	Cooperative Health Inc Center	Irondequoit, NY, 99 Vinedale Avenue	99- Vinedale Avenue, Irondequoit, New York
S1-510296039	S2-601982622	US	US	Environmental Council Inc	ENVIR0NMENTAL  COUNCIL INC	850 Sardis Road, Ashland, AL	850 SRDIS RD, ASHLAND, AL
S1-96437414	S3-22744525	India	India	Jain Properties Limited	Ltd Jain Properties	Plot No 43, Sr No 225, Ganesh Jinning, Maharashtra, Ctc No. 350/43, Jalna	Ctc No. 350/43, Plot No 43, Sr No 225, Ganesh Jinning, Jalna, MH
S1-885592435	S3-160498459	US	US	Classic Alliancebernstein, LLC	LLC Classic Alliancebernstein	4724 White Flower Lane, Unit 204, Columbus, OH	4724- White Flower Lane, Columbus, Ohio
S1-689147645	S3-311284973	US	US	Basalt P.C.	LLC Basalt	6240 Riverwoods Drive, Wilmington, NC	6240 Riverwoods Drive, PMB 6951, Wilmington CDP, North Carolina
S1-829184283	S2-510956436	India	India	Arihant Healthcare	अरिहंत हेल्थकेयर	23, Gali No 1, Ashram K Pass Devipura 1St Devipura 1St, Bulandshahar, Bulandshahar, Bulandshahr, Uttar Pradesh	BLOCK D-G-488 23, GALI NO 1, ASHRAM K PASS DEVIPURA 1ST DEVIPURA 1ST, BULANDSHAHAR, BULANDSHAHAR, <NULL>, Uttar Pradesh
S1-684283590	S2-462126513	India	India	Superior High Limited	Superior High High Ltd	G-42, Palam Vihar Gurgaon, Haryana, Gurgaon, Haryana	G-42, PALAM VIHAR GURGAON, HARYANA, Haryana
S1-743814297	S2-39652702	US	US	Meninet Inc	MENINET	3761 Cindy Lane, Tucson, AZ	376 CINDY LANE, TUCSON, AZ
S1-86315066	S3-893845965	India	India	Khandwa Finance Private Limited	Límited Khandwa Private Services	131, Anand Nagar Marg Gali Number 1 Anand Nagar Dist. Khandwa, Khandwa, Khandwa, East Nimar, Madhya Pradesh	131, Anand Nagar Marg Gali Number 1 Anand Nagar Dist. Khandwa, Khandwa, East Nimar, MP
S1-292132566	S3-581223011	India	India	One Premier Foundation Private Limited	वन प्रीमियर फाउंडेशन प्राइवेट लिमिटेड	B 21/124-4, Sarju Nagar Colony, Kamachha, Varanasi, Uttar Pradesh	B 21/124-4., Varanasi, UP
S1-907071537	S3-306060535	India	India	Mumbai Designs Care	Mumbai Designs Care  Corporation	203 Ravi Jangid Complex Mira Road East Thane, Mumbai, Thane, Maharashtra	Thane, ##203 Ravi Jangid Complex Mira Road East Thane, MH, N/A, Navi Mumbai Region
S1-543145234	S2-289775188	US	US	Advanced Peak Games LLC	Advanced Peak Games Llc #63499	10043 White Willow Trce, Unit 203, Louisville, KY	LOUISVILLE, KY, 10043 WHITE WILLOW TRCE
S1-413837413	S2-314335427	US	US	Heart Ministries	Heart [Mínistries]	85 Stanton Street, Worcester, MA	85 STANTON ST, WORCESTER, MA
S1-838246946	S3-948977873	India	India	Kp Ceramics Pvt Ltd	Kp Cemramcs Pvt Ltd	Kasra No.238 &239, Vill Artoni, Agra, Uttar Pradesh	224 Kasra No.238 &239, Agra, UP
S1-498592066	S2-945347889	India	India	Hari Developers Private Limited	ഹരി ഡെവലപ്പേഴ്സ് പ്രൈവറ്റ് ലിമിറ്റഡ്	9/105, Chaippankuzhy, Near Church, Chaippankuzhy P O, Mukundapuram, Thrissur, Kerala	THRISSUR, Kerala, 9/105, CHAIPPANKUZHY, NEAR CHURCH, CHAIPPANKUZHY P O, MUKUNDAPURAM
S1-799906290	S2-954299880	US	US	Vass, Brewster & Gant Elm Co	vassbrewster.com	33807 703 Drive, Wagoner, OK	33807-D 703 DRIVE, WAGONER, OK
S1-731192749	S3-534000710	US	US	123 First Avenue Holdings	Center Avenue Holdings 123	4849 862, Mckinney, TX	4849 862, Mckinney CITY, Texas
S1-511326937	S3-904896864	US	US	Beacon Valley Century LLC	Beacon Valtrly Century LLC	2885 Browning Road, Duck Creek Village Cpu, UT	2885 Browning Rd, Duck Creek Village Cpu, Utah
S1-339501417	S2-49356340	India	India	Universal Producer Limited	UNIVERSAL LIMITED  PRODUCER	Bd-171, Saltlake, Sector-1, Bidhannagar North 24 Parganas, Kolkata, Kolkata, Howrah, West Bengal	HN 492 BD-171, SALTLAKE, SECTOR-1, BIDHANNAGAR NORTH 24 PARGANAS, KOLKATA, KOLKATA, পশ্চিমবঙ্গ
S1-71602255	S3-508437417	India	India	Surya Infrastructure Private Limited	Ectojaxkelo One DBA Surya Infrastructure Private Limited	Iv/431, Ombalayil Buildings Kolenchery P O, Kolenchery, Ernakulam, Kerala	Iv/431, Ombalayil Buildings Kolenchery P O, Kolenchery, Ernakulam, Kerala
S1-290925165	S2-134530179	India	India	Catch Solutions (India) Private Limited	CATCH SOLUTIONS (INDIA) PRIVATE LIMITED	27-1-1642, Balaji Nagar, Nellore, Andhra Pradesh	Andhra Pradesh, 27-1-1642, BALAJI NAGAR
S1-772303199	S2-934866300	US	US	Rocky Signs	Rocky Signs	18282 Keith Road, Walton, OR	18282 KEITH ROAD, WALTON, OR
S1-355518577	S2-922738099	India	India	Kalp Resins Limited	Kalp Resins [Limited]	House No.6-3-347/22/6, Totem House Dwarakapuri Colony, Punjagutta, Hyderabad, Telangana	HOUSE NO.6-6-3-347/22/6, TOTEM HOUSE DWARAKAPURI COLONY, PUNJAGUTTA, HYDERABAD, Telangana
S1-578226963	S2-729123380	India	India	Birla Wires Private Limited	PRIVATE BIRLA LIMITED WIRES	Plot No. 77, Iii F, Blk-H, Pkt 32, Sec 3 Rohini, Delhi, North West Delhi, Delhi	#D/77, III F, BLK-H, PKT 32, SEC 3 ROHINI, DELHI, NORTH WEST DELHI, Delhi
S1-36923473	S3-343838108	US	US	Mancini Social	Mancini  Social	5609 Continental Way, Raleigh, NC	5609 Continental Way, Raleigh, North Carolina
S1-453841644	S3-298299141	India	India	Sarasan House Private Limited	Sarasan House Private  Limited	28, Venetian Villas, Opp Anand Niketan School, Daskroi, Ahmedabad, Gujarat	28, Venetian Villas, Opp Anand Niketan School, Ahmedabad, GJ
S1-289330550	S2-664837005	US	US	24HR Homecare, LLC	24hr Homecare, Llc	24 Charlotte Avenue, Cincinnati, OH	24 CHARLOTTE AVENUE, CINCCINNATI, OH
S1-852104007	S2-706659864	India	India	Shiva Builders Pvt Ltd	Shiva  Builders	South 24 Parganas, West Bengal, Kolkata, P-18 Taratala Rd	P-18 TARATALA RD, KOLKATA, West Bengal
S1-540289799	S3-506737793	India	India	Supreme Foods Private Limited	सुप्रीम फूड्स प्राइवेट लिमिटेड	Plot No. 15, Rana Pratap Nagar, Jaipur, Rajasthan	Plot No. 15, Jaipur, राजस्थान
S1-242471263	S2-738018892	US	US	Cascade Gulf Health	CASCADE GÚLF HEALTH	Salisbury, MD, 1107 Tyler Avenue	1107 TYLER AVE, SALISBURY, MD
S1-991901374	S3-26435608	India	India	Baba Foods	Shri baba foods	34/8 Sahapur Main Road, Kolkata, Calcutta, West Bengal	Calcutta, Door No B3/34/8 Sahapur Main Road, Calcutta, WB
S1-939466576	S2-601729479	US	US	Professional Talent Ventures LLC	PROFESSIONAL TALENT VENTURES [(LLC)]	18211 145th Avenue, Surprise, AZ	18211 145TH AVENUE, SURPRISE, AZ
S1-204266747	S2-309103044	US	US	Eastern Legacy First LLC	Eastern Legcy First LLC	63 Fowler Street, Boston, MA	63 FOWLER ST, PMB 6498, DORCHESTER, MA
S1-570208242	S3-534916652	US	US	Edney Pelican, Inc	Edney Pelican, (Inc)	TX, Unit UNIT B, 3510 Mt Sharp Road, Wimberley	Texas, Wimberley, ##3510 Mt Sharp Rd
S1-927266372	S3-585122113	India	India	Celestial Industry Pvt Ltd	Pvt Celestial Índustry Ltd	No.3782, 2Nd Cross Ext R.P.Road Nanjanagud Town, Nanjangud Rural, Mysore, Mysore, Karnataka	Mysore, KA, No 3782, Nanajanagudu
S1-122275934	S2-304450780	India	India	Mohta Exports Private Limited	Shri Mohta Exports Privaae Limited	Bb 192 Sector-1 Salt Lake City, Kolkata, North 24 Parganas, West Bengal	BB 192 SECTOR-1 SALT LAKE CITY, KOLKATA, পশ্চিমবঙ্গ
S1-278755777	S3-728812834	India	India	East Solutions Private Limited	East Solutions Private Ltd	Bldg No H, Fl No 6, Mantri Park, Kothrud, Pune City, Pune, Maharashtra	Bldg No H, Ue, Pune, MH
S1-705524712	S2-89152205	US	US	Certified Empire	Certified Empire	2212 Henry Road, Greenacres, WA	212 Henry Road, GREENACRES, WA
S1-142791633	S2-385128800	US	US	Marcelle Walker Blockchain, LLC	Marcelle Walker Blockchain LLC	301 A 46th Street, Seattle, WA	
S1-425886614	S2-418952758	India	India	Aarvora Infratech Private Limited	Aarvora Infratech Private-Limited	C/O Raja Spice & Food Product, Rk Dev Path, 3/16/B, Bt Road, Po-Titagarh, Kolkata, Parganas North, West Bengal	C/O RAJA SPICE & FOOD PRODUCT, RK DEV PATH, 3/16/B, BT ROAD, PO-TITAGARH, KOLKATA, পশ্চিমবঙ্গ
S1-86139565	S2-214297318	India	India	Mahaveer Academy	Mahaveer Academy	Plt No 2, 2 Flr, Amba Tower, Near Dc Chowk Community, Delhi, North West Delhi, Delhi	PLT NO 2, 2 FLR, AMBA TOWER, NEAR DC CHOWK COMMUNITY, DELHI, Delhi
S1-265400400	S3-817321070	India	India	Trivikrama Computer Private Limited	Trivikrama Computer Private Ltd	403 B, Manek Smruti, Above Hdfc Bank Nehru Road, Vile Parle East, Mumbai, Mumbai City, Maharashtra	403 B, Manek Smruti, Above Hdfc Bank Nehru Road, Vile Parle East, Mumbai, Mumbai City, MH
S1-394082093	S2-524953154	India	India	Innovative Global Pvt Ltd	Innovative Global Pvt	Flat No. 103, M I G Block 7C Regal Town, Khajuri Kalan, Awadhpuri, Bhopal, Madhya Pradesh	मध्य प्रदेश, 103 , M I G BLOCK 7C REGAL TOWN, KHAJURI KALAN, AWADHPURI, BHOPAL
S1-123941114	S2-190749256	US	US	Madden Residential LLC	maddenresidential.com	7111 Wilburton Lane, Unit LOT 113, Northport, AL	7111 WILBURTON LANE, NORTHPORT, AL
S1-432157124	S2-338922943	India	India	Jain Industries Private Limited	ജൈൻ ഇൻഡസ്ട്രീസ് പ്രൈവറ്റ് ലിമിറ്റഡ്	H.No.5/507, Indian Hardware Puthukkudi Muyyankandi, Kuttiadi, Kozhikode, Kerala	#5/507, Kerala, KOZHIKODE, NULL, KUTTIADI
S1-513538662	S2-684171562	India	India	Global Welfare Society	Global Welfare Society Co	C/O C 256, Nandgram, Gda Colony Nand Gram, Ghaziabad, Uttar Pradesh	C/O C 256, NANDGRAM, GDA COLONY NAND GRAM, GHAZIABAD, Uttar Pradesh
S1-654533963	S2-259842990	India	India	Ss Big Infrastructure LLP	एसएस बिग इंफ्रास्ट्रक्चर एलएलपी	191, Anoop Nagar, Indore, Madhya Pradesh	00191, ANOOP NAGAR, INDORE, मध्य प्रदेश
S1-21924732	S2-795980678	US	US	Strawn Universal LLC	Strawn  Universal	4247 Bedford Avenue, Brooklyn, NY	4247 BEDFORD AVE, PO BOX 4268, BROOKLYN, NY
S1-133175855	S2-209703165	US	US	Cordi's Vanguard Data	DATAVANGUARD.COM	1371 Turtlecreek-union Road, Lebanon, OH	1371 TURTLECREEK-UNION ROAD, LEBANON, OH
S1-958671831	S2-578969316	India	India	JW (india) Private Limited	JW (india) Private Ltd	Huda Techno Enclave, 3Rd Floor, 3A Trendz Metro, Image Hospital Road, Plot No. 1/2, Telangana, Hyderabad, Shaikpet	తెలంగాణ, H.NO A-1/2 , HUDA TECHNO ENCLAVE, 3RD FLOOR, 3A TRENDZ METRO, IMAGE HOSPITAL ROAD, SHAIKPET
S1-17714879	S3-160125075	US	US	Katherine's Tattoo LLC	#kátherinestattoo	7433 Greenport Drive, Fl 0, Saint Louis, MO	Missouri, Fl 0, Saint Louis, ##7433 Greenport Drive
S1-899781359	S2-6137305	India	India	Ireo & Sons Ltd	Ireo & Sons Ltd	508 Shriram Chambers R C Duttroad Alkapuri, Baroda, Vadodara, Gujarat	08 SHRIRAM CHAMBERS R C DUTTROAD ALKAPURI, BARODA, ગુજરાત
S1-666961169	S3-246981827	India	India	Anand Investment LLP	आनंद इन्वेस्टमेंट एलएलपी	1076/Gf, Sector 5 Greenwood Enclave, Wave City, Nh-24, Ghaziabad, Uttar Pradesh	C-1076/gf, Sector 5 Greenwood Enclave, Wave City, Nh-24, Ghaziabad, उत्तर प्रदेश
S1-328114960	S2-656406746	India	India	Alandi Tv Private Limited	ALANDI TV PRIVATE (LTD)	Plot No 85 A, Rangareddy, Telangana, Hyderabad, Kondapur, Serilingampally	85 A, KONDAPUR, SERILINGAMALLY, HYDERABAD, Telangana
S1-406444083	S2-5825582	US	US	Dupuis Solutions LLC	Dupuis LLC Center	548 B Tremont Street, Boston, MA	548 B-550 TREMONT STREET, BOSTON, MA
S1-137978844	S3-434943378	US	US	Precision Creative Union Inc	precisioncreativeunion.com	Howard, 2482 109, NY	2482 109, Hornell, New York
S1-77148224	S3-716048106	US	US	Bourne Trusted International Inc.	Inc. Bourne Trusted International	17270 State Highway 76, Lindsay, OK	17270 State Highway 76, Lindsay, Oklahoma
S1-196145220	S2-518672968	India	India	Tirupati Good Developers Private Limited	திருப்பதி குட் டெவலப்பர்ஸ் பிரைவேட் லிமிடெட்	Shriramhouse, No.4, Burkitroadt.Nagar, Chennai, Tamil Nadu	SHRIRAMHOUSE, NO.4, BURKITROADT.NAGAR, CHENNAI, Tamil Nadu
S1-656982019	S2-98477111	US	US	Bailey & James Analytics	Bailey & James	90 Bonita Pine Trail, Martinsburg, WV	MARTINSBURG, WV, 90 BONITA PINE TNAIL
S1-954316684	S3-939243541	US	US	Pioneer Property Global Inc	Pioneer Property Global Inc.	4101 Us Highway 50, Unit 388, Garden City, KS	4101-B Us Highway 50, Unit 388, Kansas, Garden City
S1-486548965	S2-121284402	India	India	Trans Educational Society	Trans Educational Society [Company]	81/2/7 Phears Lane Room No. 2/7, Kolkata, Calcutta, West Bengal	81/2/7 PHEARS LANE ROOM NO. 2/7, KOLKATA, West Bengal
S1-16782053	S2-801275520	India	India	Excellant (India) Pri Private Limited	Smt Excellant (India) Pri Limited Services	G-18, Royal Castle, Raja Colony 1St Main Road, 4Th Cross, Tiruchirappalli, Tamil Nadu	G-D/18, ROYAL CASTLE, RAJA COLONY 1ST MAIN ROAD, 4TH CROSS, TIRUCHIRAPPALLI, Tamil Nadu
S1-903899516	S2-274466196	India	India	Projects Vidyalaya	Sri Projects Vidyalaya	Kolkata, 4, Synagogue Street 10Th Floor, Kolkata, Howrah, West Bengal	4, SYNAGOGUE STREET 10TH FLOOR, KOLKATA, KOLKATA, N/A, West Bengal
S1-680583907	S3-841416195	US	US	Griswold Ace Wisconsin Inc	Griswold Ace Witbcnsin Witbcnsin Inc	242 Mansfield Street, Sharon, MA	242 Mansfield Street, Sharon CITY, Massachusetts
S1-691862495	S2-252612853	India	India	Km Fertilizers Pvt Ltd	Smt Km Fertilizers Pvt	127, Pappiny Palace Chennithala P O, Mavelikara, Alleppey, Alappuzha, Kerala	BLOCK D-128 127, PAPPINY PALACE CHENNITHALA P O, MAVELIKARA, ALLEPPEY, Kerala
S1-578613795	S2-43298027	India	India	Vaish Overseas Limited	Vaish Overseas (Limited)	Plot No F 11 Sect No 26, Sambhajichowk Nigdi Pradhikaran, Haveli, Pune, Maharashtra	PLOT NO F 11. SECT NO 26, SAMBHAJICHOWK NIGDI PRADHIKARAN, HAVELI, Maharashtra
S1-306148610	S3-133442055	US	US	Signature Metro Tpg LLC	Arcdova aka Signature Metro Tpg LLC	4621 Robert Holt Drive, City Of El Paso, TX	4621 Robert Holt Drive, City Of El Paso, TX
S1-276470293	S3-824378709	India	India	Somani (India) Healthcare Private Limited	Somani (India) Private Limited Partners	Ews Ggs E6 310, Samarth At Gomti Greens, Lucknow, Uttar Pradesh	Lucknow, Ews Ggs E##6 310, UP, Lucknow
S1-539614822	S3-298987699	India	India	Plm Consultants	Plm Consultants Limited	No 5M, 624/3, B M Complex Ombr Layout, Banasawadi, Channasandra, Bangalore, Karnataka	Door No 5M, Bangalore, KA
S1-251529292	S2-847839872	US	US	Metro Coalition	... Metro Coalition	10916 62nd Street, Douglas County, NE	10916 62ND STREET, NE, DOUGLAS COUNTY
S1-495640369	S3-15977434	India	India	Diva & Co	Diva &  Co	A-102, Subhadra Park Chs Ltd, 60 Feet Road Near T L Complex, Mira Road (E), Thane, Mumbai City, Maharashtra	A-102, Subhadra Park Chs Ltd, 60 Feet Road Near T L Complex, Mira Road (E), Thane, Mumbai City, MH
S1-27189719	S2-905321433	India	India	One Hospitality Private Limited	ওয়ান হসপিটালিটি প্রাইভেট লিমিটেড	C/O Karunamoy Banerjee Ashokpally Tewari Para Raniganj, Bardhaman, West Bengal	BURDWAN, BARDHAMAN, C/O KARUNAMOY BANERJEE ASHOKPALLY TEWARI PARA RANIGANJ, পশ্চিমবঙ্গ
S1-6241568	S2-215191509	US	US	Commercial Insurance Digital PLLC	Commercial Insurance Difal PLLC	172 Albright Drive, Huntsville, AL	0172 ALBRIGHT DR, HUNTSVILLE, AL
S1-330571443	S2-336459036	US	US	Brana Brothers, P.A.	Brana Brothers, P.A. LP	5226 Kathleen Road, Phoenix, AZ	KATHLEEN ROAD, PHOENIX, AZ
S1-782120071	S2-806218236	US	US	Cemaon Global Bitcoin	CEMAON 6LOBAL BITCOIN	16742 State Route 106, Belfair, WA	BELFAIR, 16742 STATE ROUTE 106, WA
S1-131946005	S2-246080868	India	India	Astha Advisors Private Limited	ASTHA-ADVISORS PIIAFCTE LÍMITED	Sf 06 No 337, Karuna Complex Sampige Rd, Bangalore North, Bangalore, Karnataka	SF 06 NO 337, KARUNA COMPLEX SAMPIGE RD, BANGALORE NORTH, ಕರ್ನಾಟಕ
S1-715872910	S2-180152099	India	India	KSJ Industries Pvt Ltd	KSJ Industries Pvt	1824 Shringeri Colony Tq Ashti, Beed, Bid, Maharashtra	#1824 SHRINGERI COLONY TQ ASHTI, BEED, महाराष्ट्र
S1-855586859	S3-601696715	US	US	Arlen Garnes Golden Abrdn LLC	Garnes, Arlen Golden Abrdn LLC	38 Mitchell Road, Unit A, Ipswich, MA	38 Mitchell Rd, Unit A, Ipswich, Massachusetts
S1-442503931	S2-4374799	US	US	Edmonds Oceanhawk	Edmonds Ocmenaohawk	108 Wiltshire Road, Claymont, DE	108 WILTSHIRE RD, CLAYMONT, DE
S1-678354850	S3-310379482	US	US	Turner Best Synchrony L.L.C.	Turner Best Synchrony	530 Shryock Avenue, Indiana, PA	
S1-772113492	S3-78171807	US	US	Jarliq Village Inc	Jarliq	3683 Pleiku Street, Unit UNIT C, Fort Irwin, CA	3683 Pleiku Street, Unit UNIT C, Fort Irwin, CA
S1-696932566	S2-273815113	India	India	Huzur Lifestyle	Huzur  Lifestyle	22/305 Gharonda Barrai, Katara, Huzur, Bhopal, Madhya Pradesh	मध्य प्रदेश, 022/305 GHARONDA BARRAI, KATARA, HUZUR
S1-752255314	S3-106788759	US	US	KE Worldwide LLC	KE Worldwide	NY, 935 Jefferson Avenue, Brooklyn	935 Jefferson Ave, Brooklyn, New York
S1-67601234	S3-924227183	US	US	Furness Guardian Inc	Deltaverazeph doing business as Furness Guardian Inc	17513 Windemere Circle, Lockport, IL	Lockport, 17513 Windemere Circle, IL
S1-196131931	S3-474380036	India	India	Sky Impex Limited	स्काई इम्पेक्स लिमिटेड	Officer Hostel Sisana Road, Mardan Colony, Uttar Pradesh, Baghpat, House No-342	House No-342, Officer Hostel Sisana Road, Mardan Colony, Baghpat, उत्तर प्रदेश
S1-882569432	S2-974553719	US	US	Oncology Continental Care	Oncology Continental	Chickasaw, AL, 210 Myrtlewood Avenue	00210 MYRTLEWOOD AVENUE, CHICKASAW, AL
S1-331123762	S3-428779462	India	India	Bharat Properties Pvt Ltd	Bharat Properties Pvt (Ltd)	109, Sahar Cargo Estate, V M Shah Marg, J B Nagar, Andheri (East), Mumbai, Mumbai City, Maharashtra	MH, 109, Mumbai City, Sahar Cargo Estate, V M Shah Marg, J B Nagar, Andheri (East)
S1-111703623	S3-965073130	US	US	Prairie American Redwood, LLC	Prairie American Redwood,  LLC	58325 Lashley Road, OH, Senecaville	58325 Lashley Rd, Senecaville, Ohio
S1-330603563	S2-341850073	India	India	Pioneer Trading Private Limited	Pioneer Private Trading Limited Limited	Town Thana Chowk Hajipur Vaishali, Vaishali, Bihar	TOWN THANA CHOWK HAJIPUR VAISHALI, VAISHALI, बिहार
S1-148762829	S2-880236129	US	US	Cascade Advisors	Cascade [Advisors]	874 Highgate Road, VT, Highgate	74 HIGHGATE RD, HIGHGATE, VT
S1-281107915	S3-48980027	US	US	DR Classic Spring Inc	DR  Classic	31 Travis Drive, Cameron, NC	31 Travis Drive, N/A, Cameron, North Carolina
S1-680840513	S3-381903148	US	US	Prova Holding Company	PROVA HOLDING COMPANY	109 2 Street, Tipp City, OH	##109 2 Street, Tipp City, Ohio
S1-4504594	S2-706807439	India	India	Agro Archana Estates Private Limited	Private Agro Archana Estates Ltd	8/270E, Periyar Colony, Anupparpalayam, Opposite, K.P.R.Knitts And Js Garden, Tiruppur Town, Tiruppur, Tiruppur, Coimbatore, Tamil Nadu	##8/270E, Tamil Nadu, COIMBATORE, TIRUPPUR
S1-881484916	S3-769832834	India	India	Hyderabad Developers Ltd	Cirasyn	5 9 327/A, Gunfoundry, Abids, Hyderabad, Telangana	N/A, Hyderabad, Gunfoundry, Abids, TG, No 5 9 327/A
S1-957712315	S3-903880936	US	US	Blue Guild	Blue Guild Guild	Chaska, 2407 Lano Street, MN	2407 Lano Street, Chaska, Minnesota
S1-864141652	S2-815520200	US	US	Main Street Pilates	Main Street Pilates Corporation	4696 Shadyside Lane, Morgantown, WV	4863 SHADYSIDE LANE, NULL, MORGANTTOWN CITY, WV
S1-491980624	S2-920094038	US	US	Secure Rapid Mining PLLC	securerapidmining.com	32 Coffin Drive, Jonesport, ME	JONESPORT, ME, #32 Coffin Drive
S1-411075511	S3-236403272	India	India	Universal & Sons Private Limited	Private Universal & Sons Limited	Memnagar, Ahmedabd, Opp Sterling Hospital Gurukul Road, Gujarat, B-102 Shakmba Tower	B-102 Shakmba Tower, Opp Sterling Hospital Gurukul Road, Memnagar, N/A, ગુજરાત
S1-512496334	S2-127361616	US	US	Mosasoft Investments Inc	Mosasoft Investments	750 Vanguard Way, Village Of Howard, WI	750 VANGUARD WAY, VILLAGE OF HOWARD, WI
S1-419256346	S3-902679843	US	US	Walker Learning Center LLC	Walker Learning Center LLC	719 Carbon Avenue, Hartshorne, OK	719 Carbon Aveeue, Hartshorne, Oklahoma
S1-141116637	S3-95678093	US	US	Coify Holding Company	Coify  Holding	Brookfield, CT, 37 Old Route 7	Brookfield, Connecticut, 37 Old Route 7
S1-862239088	S2-676831255	US	US	Cornerstone Transport Inc	Cornerstone Tarnsoprt Inc	3437 Belfry Park Drive, City Of El Paso, TX	3437 BELFRY PARK DR, PMB 2335, CITY OF EL PASO, TX
S1-626991792	S2-731652729	India	India	United Technologies Private Limited	ಯುನೈಟೆಡ್ ಟೆಕ್ನಾಲಜೀಸ್ ಪ್ರೈವೇಟ್ ಲಿಮಿಟೆಡ್	No.479, 2Nd Floor, 13Th Cross, 2Nd Main Road, Pai Layout, Bangalore North, Bangalore, Karnataka	NO.479, BANGALORE, <NULL>, Karnataka
S1-348188099	S3-680199088	US	US	Family Care Associates Center	Family Care (Associates)	6419 Tradewinds Drive, Prince George County, VA	Virginia, Tradewinds Dr, Prince Georgge
S1-52164765	S2-633794640	US	US	Johnson & Olson Sanayi LLC	Johnson & Olson	8349 Castle Rock Road, Crow Agency, MT	8349 CASTLE ROCK RD, CROW AGENCY CTY, MT
S1-136525286	S2-850994979	India	India	Apricot Agro Private Limited	Apricot Private Agro Limited	C-66 Anand Niketan, New Delhi, South Delhi, Delhi	C-66- ANAND NIKETAN, NEW DELHI, Delhi
S1-18393082	S2-338242010	US	US	Choice Cornerstone Packaging, LLC	LLC Ch0ice Cornerstone Packaging,	175 Ethan Lane, Evergreen, NC	NC, EVERGREEN, 175 ETHAN LN
S1-226867225	S2-776933118	US	US	Vadyne Safeguard Inc	VADYNE INC SERVICES	1010 Oak Street, Fl 1, Central Point, OR	OAK ST, CENTRAL POINT, OR
S1-292110585	S2-950079599	US	US	Charmion Martinez Custom Sunshine LLC	CHARMION MARTINEZ  CUSTOM SUNSHINE LLC	205 Mark Street, Fl 0, Bridgeport, TX	MARK ST, BRIDGEPORT, TX
S1-171483557	S2-596008301	India	India	Krishna Infra Limited	ಕೃಷ್ಣ ಇನ್‌ಫ್ರಾ ಲಿಮಿಟೆಡ್	B22 Mahogany, Tata Sherwood, Sherwood Road, Vibhutipura Extension, Bangalore, Karnataka	B0022 MAHOGANY, BANGALORE, THIPPASANDRA, Karnataka
S1-400839873	S3-152919743	India	India	Fortune Producer LLP	फॉर्च्यून प्रोड्यूसर एलएलपी	Flat No. A 1, Ganga Sagar Aptt. Canal Road, Ramdaspeth, Nagpur, Maharashtra	Flat No. A 1, Nagpur, MH
S1-185742342	S2-224116757	India	India	Sky Welfare Society Co	Sky  Welfare Sotcy Co	Shop F - 204, Megacenter, S. N.- 153 Magarpatta City, Near Nobel Hospital, Ha, Dapsar, Pune, Maharashtra	SHOP F - 204, MEGACENTER, S. N.- 153 MAGARPAGTA CITY, NEAR NOBEL HOSPITAL, HA, DAPSAR, PUNE, Maharashtra
S1-8253285	S2-733916821	US	US	Orbova Allocation	ORBOVA ALLCCATIION	2038 Marshall Avenue, Saint Paul, MN	2037 MARSHALL AVENUE, MN, SAINT PAUL
S1-268072287	S2-45834468	India	India	Msv Cold Private Limited	Msv Cmfd Private Limited	Ampa Skywalk, 3Rd Floor, Counter No.18, (Food Court ), Nelson Manickam Road, Ami, Njikarai, Chennai, Tamil Nadu	AMPA SKYWALK, 3RD FLOOR, CUNTER NO.18, (FOOD COURT ), NELSON MANICKAM ROAD, AMI, NJIKARAI, Tamil Nadu
S1-630993494	S2-465018500	India	India	Pioneer Systems Private Limited	पायोनियर सिस्टम्स प्राइवेट लिमिटेड	Ram Charitra Rai, Vill-Nohsa, Tola-Nohsa, Patna Sadar, Patna, Bihar	RAM CHARITRA RAI, PATNA SADAR, PATNA, बिहार
S1-654994088	S3-347820512	US	US	Sarine Goebel Allied Chadwick LLC	Sarine Goebel Allied LLC Center	1301 Roth Drive, Joliet, IL	
S1-925296916	S3-980623696	India	India	Vijay Marketing Pvt Ltd	Vijay Marketing Pvt	Indira Nagar, Miri Road, Shevgaon, Maharashtra, C/O Pralhad Sonawane, Ahmed Nagar	Plot 962 C/o Pralhad Sonawane, Shevgaon, Shahar Takli, MH
S1-310436095	S2-308454205	India	India	White Impex Private Limited	PRIVATE WHITE IMPEX LTD	Am-2/240, Sree Lekshmi Tower, Second Floor, Pulimoodu, Attingal, Chirayinkeezhu, Thiruvananthapuram, Trivandrum, Kerala	AM-2/240, SREE LEKSHMI TOWER, SECOND FLOOR, PULIMOODU, ATTINGAL, CHIRAYINKEEZHU, THIRUVANANTHAPURAM, TRIVANDRUM, കേരളം
S1-775084198	S2-139749288	US	US	Tina's Express Brewing	Express Tina's Bréwing	313 Boggs Hollow, Whitesburg, KY	313  BOGGS HOLLOW, WHITESBURG, KY
S1-542157271	S2-987748204	US	US	Creasy & Shah LLC	Creasy & 5hah	3 Anita Terrace, Wolcott, CT	3 ANITA TERRACE, WOLCOT, CT
S1-937453653	S2-476931257	India	India	Real Labs Co	Co. Real Labs	No.20, Vinayaga Nagar K.K.Nagar, Madurai, Tamil Nadu	NO.20, MADURAI, Tamil Nadu
S1-804187534	S2-130318780	India	India	VAH Pharma Private Limited	VAH PHARMA PRIVATE LIMITED	503, Addor Aspire, Nr. Jahanvee Rd, University To Panjrapole Rd, Ahmedabad, Gujarat	50, ADDOR ASPIRE, NR. JAHANVEE RD, UNIVERSITY TO PANJRAPOLE RD, AHMEDABAD, Gujarat
S1-166971890	S3-471857498	India	India	Silver Investments Private Limited	Vantagecalokelo doing business as Silver Investments Private Limited	T-265/C-8A, Chirag Delhi, New Delhi, South Delhi, Delhi	T-265/C-8A, Chirag Delhi, New Delhi, South Delhi, Delhi
S1-697462085	S2-153630085	US	US	Sauer Clear Rent LP	#SAUERCLEAR	108 Greenfield Road, Unit 1052, Mesa, AZ	108 GREENFIELD ROAD, MESA FALCON FIELD, AZ
S1-798429415	S3-303380151	US	US	Olivie Hastie Medical	Olivie Hastie Medical Society	12820 Travers Trail, Keller, TX	Texas, 12820a Travers Trl, Keller
S1-379291211	S3-566086972	India	India	Amity Products Private Limited	Private Amity Products Limited	F/104, Parsi Panchayat Complex, Opp Sharma Indl, Est Walbhat Road, Goregaon East, Mumbai, Maharashtra	F/104, Parsi Panchayat Complex, Opp Sharma Indl, Est Walbhat Road, Goregaon East, Mumbai, MH
S1-746289855	S2-439900981	India	India	Classic Infra Private Limited	क्लासिक इंफ्रा प्राइवेट लिमिटेड	Thane, Maharashtra, Navi Mumbai, 7 Menz House Plot No.# 41Sector 11 Juhugaon Vashi	Maharashtra, NEW MUMBAI, 12 MENZ HOUSE PLOT NO.# 41SECTOR 11 JUHUGAON VASHI, NAVI MUMBAI
S1-866515445	S3-189658907	US	US	Lust Tax Service LLC	Lust Tax Snrviec LLC	Los Banos, 657 Vine Court, CA	657 Vine Court, Los Banos, California
S1-262355031	S3-421665995	India	India	Perfect Food Private Limited	Private Perfect F0od [Limited]	Pune City, Pune, Sr. No. 127 & 128 Bldg-1C, Maharashtra, Fl No. 19 Sarod Nadbramha Warje	Sr. No. 127 & 128 Bldg-1c, Fl No. 19 Sarod Nadbramha Warje, Pune City, Pune, MH
S1-635980999	S3-403250300	US	US	Green Interstate Hub LLC	Green Interstate  Hub	3241 Hickox Road, Eden, NY	3241 Hickox Rd, Eden, New York
S1-536739010	S2-555656139	US	US	Orthopedic Health LLC	Orthopedic Healht LLC	60 Sterling Place, West Boylston, MA	60  STERLING PL, WEST BOYLSTON, MA
S1-28304323	S2-869286031	India	India	Aditita Synthetics Private Limited	Aditita Private  Synthetics Limited	H.No.-1304, Basement, Cross Point Dlf-4, Chakarpur, Gurgaon, Haryana	H.NO.-1304, BASEMENT, CROSS POINT DLF-4, CHAKARPUR, GURGAON, Haryana
S1-879974353	S2-162636229	India	India	Sky Media Private Limited	SKY MEMA PRIVATE LIMITED	C - 82, Sector - M, Aliganj, Lucknow, Uttar Pradesh	C - 082, SECTOR - M, ALIGANJ, LUCKNOW, Uttar Pradesh
S1-757732866	S3-606868423	India	India	Giga Engineering Private Limited	Giga Private Limited Services	C/O Hitesh Ji Shah, Udaipur Road, Dungarpur (M) Nagendra Singh Colony, Ajmer, Jaipur, Rajasthan	C/o Hitesh Ji Shah, Udaipur Road, Dungarpur (M) Nagendra Singh Colony, Ajmer, Jaipur, RJ
S1-619532285	S2-226263889	US	US	Optimal Infrastructure Alliance Inc	OPTIMAL INFRASTRUCTURE ALLIANCE INC	7 F Castle Hill Road, Agawam, MA	
S1-211034691	S3-158645043	India	India	Chennai Securities Limited	Chennai  Seburiiites Limited	B19, 2Nd Floor Behind Genpact Kesar Marg Malviya Nagar, Jaipur, Rajasthan	B19, Jaipur, RJ
S1-159162086	S3-194320575	US	US	Midwest Alliance II, Inc	Midwest Alilance II, Inc	1588 E 18, Streator, IL	##1588 East 18, Streator, Illinois
S1-794025087	S2-92493630	US	US	Torres Commodities of Stephentown Center	Torres Commodities of Stephentown ((Center))	NY, 69 Grange Hall Road, Stephentown	69 GRANGE HALL RD, STEPEHNTOWN, NY
S1-255656485	S3-536330564	US	US	Ninous Safe Lithium	Ninous Safe Líthium	1800 38th Half Street, Austin, TX	38th Half St, Ausin CDP, Texas
S1-939558416	S3-399277683	India	India	Kolkata Mills Private Limited	Kolkata Mlsl Private Limited	12 Ho-Chi-Minh Sarani 2Nd Floor, Kolkata, Howrah, West Bengal	0012 Ho-chi-minh Sarani 2Nd Floor, WB, Kolkata, Howrah
S1-770704548	S3-171376531	India	India	Shivam Software Private Limited	M/s Shivam Private Limited Center	Karnataka, Bhoomika, No.113/114, Ii Mainshivappanayaka Layout Shimoga	No.113/114, Bhoomika, Ii Mainshivappanayaka Layout Shimoga, KA
S1-711902670	S3-254635422	US	US	Clement, Martin and Causey Plum LLC	C1ement, Martin And Causey Plum LLC	4404 Eastway, Baltimore, MD	4404 Eastway, Baltimor Etownship, Maryland
S1-337222259	S2-268486991	India	India	Aastha (India) Construction Private Limited	Aastha  (India) Construction Private Limited	93 Dadi Shethagiary Lane Off Kalba Devi Road, Mumbai, Maharashtra	#G-93 DADI SHETHAGIARY LANE OFF KALBA DEVI ROAD, MUMBAI, Maharashtra
S1-257877808	S2-604362694	US	US	Creative Electronics Digital	Creative Electronics	282 Maple Street, Hempstead, NY	282 MAPLE ST, HEMPSTEAD, NY
S1-401556558	S3-119802312	US	US	Paulk Apex Ligand Holdings	Paulk  Apex Ligand LLC	30 Mcgurk Street, Unit 2, New Bedford, MA	30 Mcgurk St, New Bedford, Massachusetts
S1-227182268	S2-799827112	US	US	Integrated Regional Karman Inc.	(INC.) INTEGRATED REGIONAL KARMAN	263 Crescent Station Terrace, Leesburg Town, VA	263  CRESCENT STATION TERRACE, LEESBURG, VA
S1-830818536	S3-89642965	US	US	Castle, Barr and Mulqueen Medical Inc	Castle Barr And Mulqueen Medical	335 Devon Court, Grayslake, IL	335-337 Devon Ct, Garyslake, Illinois
S1-82371001	S2-73736503	US	US	Big Pizza	Big Pizza	3225 Century Drive, Tucson, AZ	
S1-582653866	S2-901879169	US	US	Glynis N. Morales, D.O.	Glynis N. Morales,	18 87 Street, New York, NY	18 87 ST, PO BOX 1496, NEW YORK, NY
S1-681695857	S3-104300993	India	India	Kaverendra Business Corp	Kaverendra Corp Services	Shanti Lal, 65, Hari Bhaw Upadhay Nagar, Ajmer, Rajasthan	Shanti Lal, RJ, Ajmer
S1-676072885	S3-720872844	US	US	Lynelle's Nails	LYNELLE'S NAILS	1750 Sewell Street, Lincoln, NE	1750 1/2 Sewell St, Linclon, Nebraska
S1-525160512	S3-525912659	India	India	Shiva Infra Private Limited	சிவா இன்ஃப்ரா பிரைவேட் லிமிடெட்	Sf.239/1A2&1A3, D3, Krc Amirthavarshini Kulathupalayam, Palangarai Village, Tiruppur, Coimbatore, Tamil Nadu	Sf.#239/1a2&1a3, Tiruppur, TN
S1-517014731	S3-147100834	US	US	Nesonnet Renaissancere, LLC	Nesonnet Renaissancere, Llc	Charlotte, NC, 2532 Sandra Street	#2532 Sandra St, Charlotte, North Carolina
S1-540871211	S2-432848491	US	US	Keystone Marketing Digital Inc	Inc Keystone Mabkrenfing Digital	11905 Rosevalley Lane, Fl 0, Saint Louis, MO	Rosevalley Ln, SAINT LOUIS, MO
S1-324475688	S3-699193241	India	India	Infrastructure Zeal Handicrafts Private Limited	infrastructure zeal hándicrafts private limited	C/O. Arjun Shivdas Gambare, At Post Palashi, Tal. Man, Satara, Maharashtra	C/o. Arjun Shivdas Gambare, महाराष्ट्र
S1-997273835	S3-135784671	US	US	Williams, Flowers and Aldrich Standard LLC	Williams, Flowers and Aldrich (Standard)	722 Boca Chica Drive, Fenton, MO	722 Boca Chica Dr, Fenton, Missouri
S1-264187148	S3-857132955	India	India	Ghaziabad Healthcare	Ghaziabad Hea1thcare Corporation	Uttar Pradesh, Ndirapuram Ghaziabad, Ghaziabad, 322/Fourth Floor Khand-Ii	No 322/Fourth Floor Khand-ii, Ndirapuram Ghaziabad, Ghaziabad, उत्तर प्रदेश
S1-327714993	S2-135081053	US	US	Vision Heritage Care	Vision Care Service	12499 Folsom Boulevard, Unit APT 178, Rancho Cordova, CA	12499 FOLSOM BLVD, RANCHO CORDOVA, CA
S1-446420510	S2-43726544	India	India	Gold Chemtex	6old Chemtex	Srisha Nivas, 7 Kovilpatty Gopalakrishnan Street, Karthikeyan Nagar, Madhuravoil, Chennai, Tamil Nadu	SRISHA NIVAS, 7 KOVILPATTY GOPALAKRISHNAN STREET, KARTHIKEYAN NAGAR, MADHURAVOIL, CHENNAI, Tamil Nadu
S1-509491797	S2-368345814	US	US	Gusty Brooks, L.C.S.W. Corp	Gusty Bbods, L.C.S.W. Corp	622 Quebec Street, Security-widefield, CO	622 QUEBEC STREET, SECURITY-WIDEFIELD, CO
S1-743165286	S2-275009201	US	US	Fresh Logistics Products Inc.	Fresh L0gistics Products Inc.	822 Crystal Palace Court, Owings Mills, MD	822 CRYSTAL PALACE COURT, OWINGS MILLS, MD
S1-268674912	S3-690005361	India	India	Lotus Brothers Private Limited	Lotus Brothers Prívate Limited	Flat No B 705, Sr.No42/2/1, Ritz Navalakha, Pune, Maharashtra	Flat No B 8-705, Sr.no42/2/1, Ritz Navalakha, Poona, Pune, MH
S1-892417475	S3-832103033	US	US	Kamrath & Jack, Inc	KAMRATH & JACK, INC	Hanover County, VA, 4497 Sandy Valley Road	4497c Sandy Valley Road, Mechanicsville, Virginia
S1-751281234	S2-839905536	India	India	Sanganer Consultants Company	Sanganer Csonsulatncbs Company	Rajasthan, Plot No.26, Asind Nagar, Sanganer, Jaipur, Sanganer	PLOT NO.26, ASIND NAGAR, SANGANER, SANGANER, Rajasthan
S1-917194349	S2-564673788	India	India	Grand Organics Private Limited	Grand Organics  Private Limited	South West Delhi, New Delhi, Mlu Pocket, Manish Locatn Plaza Sec12, Delhi, G-2 Plot No.1	HN 357 G-2 PLOT NO.1, MLU POCKET, MANISH LOCATN PLAZA SEC12, NEW DELHI, Delhi
S1-766333469	S3-520873040	India	India	Acton Constructions Private Limited	Acton Constructions	21/1 Arvind Park, Apartmentsmahesh Housing Soc Bibwewadi, Pune, Maharashtra	Door No 21/1 Arvind Park, Apartmentsmahesh Housing Soc Bibwewadi, Pune, MH
S1-65882390	S2-920396276	US	US	Platinum Mortgage Concepts, Inc	Platinum Mortgage Concepts Inc	1255 Baseline Road, Unit 212, Mesa, AZ	1255 BASELINE RD, MESA, AZ
S1-67187309	S2-40212790	US	US	Elaina Jimenez Stardust	Elaina Jimenez Stardust Corporation	5061 Revere Court, Mason, OH	5061 REVERE CT, MASON, OH
S1-543466881	S2-422986903	India	India	Urban Brothers	URBANBROTHERS.COM	F N. 203-D, P N. 203, Moti Vihar Panchyawala, Jaipur, Rajasthan	F N. #203-D, P N. 203, MOTI VIHAR PANCHYAWALA, JAIPUR, Rajasthan
S1-919050476	S3-126070584	US	US	Cassaundra A. See, L.C.S.W.	Cassaundra A. See, L.C.S.W. [Corp]	1004 Elmwood Drive, St Charles, MO	Elmwood Drive, St Charles, Missouri
S1-8834691	S2-157446405	India	India	Valsad Solutions Private Limited	VALSAD SOLUTIONS PRIVATE	Gujarat, Valsad, C 1 B 175 Gidckilla Pardi	Gujarat, C G-1 B 175 GIDCKILLA PARDI, VALSAD
S1-371575445	S2-695885484	US	US	Chiropractic Value Physicians Inc	Chiropractic  Value Physicians Inc Federation	1581 Jubilee Trail, Winston-salem, NC	1581 Jubilee Trail, KERNERSVILLE, NC
S1-257535505	S3-89044360	India	India	Special Foundation	Special Fóundation	Gut No.374, Plot No.110, Psba Road, Tata Car Godwin, Hirapur, Aurangabad, Maharashtra	Door No 679 Gut No.374, Aurangabad, MH
S1-799115961	S3-379007891	US	US	Piedmont Heritage Specialists, Inc	Piedmont Heritage Specialists,	95 Bond Avenue, Malverne, NY	95 Bond Avenue, Malevrne, New York
S1-494722197	S3-955878508	US	US	Economic Development Charities LLC	economicdevelopmentcharities.com	9327 Spur Drive, Peoria, AZ	327 Spur Dr, N/A, Peoria, Arizona
S1-31603194	S2-380061024	US	US	Sheeree Nole All Cadenza Inc	Sheeree Nole All Cadenza	957 Pine Grove Lane, Lincoln, NE	PINE GROVE LN, LINCOLN, NE
S1-258015500	S2-177175917	US	US	Collins & Lee Championsgate	Collins & Lee Championsgate LLC	5 Cross Street, Mount Pleasant, NY, Unit Suite 5J	5. CROSS STREET, PMB 2356, MT PLEASANT, NY
S1-219587946	S2-503643581	India	India	Videocon Trading Private Limited	Private Videocon Tlnading Limited	The President Nss Karayogam 795 Thakazhy, 13/392/F, Alappuzha, Kerala	THE PRESIDENT NSS KARAYOGAM 795 THAKAZHY, ALAPPUZHA, Keralam
S1-51227349	S3-779615209	India	India	Kohinoor (India) Solutions Ltd	-- kohinoorindiasolutionscom	107/5 S/F Krishna Nagar, New Delhi, South West Delhi, Delhi	1-07/5 S/f Krishna Nagar, New Delhi, South West Delhi, DL
S1-255762974	S3-348794141	US	US	Nunez, Conley & Crawford Construction Inc.	Nunez, Conley & Crawford Construction	9911 Hannon Drive, Houston, TX	Texas, Houstn, 09911 Hannon Drive
S1-349505587	S3-292328354	US	US	Orthopedic Specialists LLC	Orthopedic LLC Specialists	16529 Harding Road, Fl 0, Dillsboro, IN	16529 Harding Rd, Floor 0, Dillsbroo CDP, Indiana
S1-910459610	S2-41715620	India	India	Perfect Investments Private Limited	পারফেক্ট ইনভেস্টমেন্টস প্রাইভেট লিমিটেড	63/19 B Road Bamungachi, Salkia, Howrah, Howrah, West Bengal	DOOR NO 63/19 B ROAD BAMUNGACHI, SALKIA, HOWRAH, HOWRAH, পশ্চিমবঙ্গ
S1-121418274	S3-630454140	US	US	Peridara Aspac LLC	Ciracira	1405 Phillips Drive, Indianapolis, IN	1405. Phillips Drive, Indianapolis, Indiana
S1-934010952	S2-755625528	India	India	Energy Vitech Holidays LLP	energyvitechholidays.com	M-1, Ashoka Apartments Commercial Complex, New Delhi, Central Delhi, Delhi	M-1, ASHOKA APARTMENTS COMMERCIAL COMPLEX, NEW DELHI, Delhi
S1-6794073	S3-682033962	US	US	Children's Global Council P.C.	Children's Global (Council-PC)	3419 Mockingbird Lane, OK, Durant	3419 Mockingbird Lane, Oklahoma, Durant
S1-247936355	S3-935753831	India	India	Indo Impex Private Limited	Indo Impex Private	C/O Tanwir Alam, White House Compound, Gaya, Bihar	C/o Tanwir Alam, Gaya, बिहार
S1-610751456	S2-449906374	US	US	Rocky Summit Sachs Corp	rocky summit sachs corp	W9923 F, Town Of Deer Creek, WI	W9923A F, TOWN OF DEER CREEK, WI
S1-934363760	S3-853515880	US	US	Department of Environmental Protection	Department-Of Environmental Protection LP	300 Water Street, Clifton, TN	300 Water St, Clifton, Tennessee
S1-186948007	S2-869490240	India	India	Anand Academy	Anand Services	D/5/5/1 Surajpur, Greater Noida, Gautam Buddha Nagar, Uttar Pradesh	POT 69 D/5/5/1 SURAJPUR, GREATER NOIDA, Uttar Pradesh
S1-379460568	S2-678611052	India	India	Sai Platforms LLP	Sai Platforms  L.L.P.	Village & P.O. Satberia, P.S. Goghat, Hooghly, West Bengal	VILLAGE & P.O. SATBERIA, P.S. GOGHAT, HOOGHLY, West Bengal
S1-905720206	S3-161125686	India	India	Viraaj Brokerage (India) Pvt Ltd	Viraaj Br0kerage (India) Pvt Ltd	#38, Qvc The Hills, Angatha Village, Chickballapur, Kolar, Karnataka	#0038, Kolar, KA
S1-597849029	S3-813830236	US	US	Cemasoft L.L.C.	>> Cmefohft L.L.C.	1503 Cr 316, Brazoria, TX	1503 Cr 316, Brazoria, Texas
S1-255240515	S2-464309694	India	India	Tech Consultants Private Limited	టెక్ కన్సల్టెంట్స్ ప్రైవేట్ లిమిటెడ్	Flat No102, Kk Towers, Nagarjuna Nagar, Tarnaka, Secunderabad, Hyderabad, Telangana	తెలంగాణ, FLAT NO##102, HYDERABAD
S1-902624717	S3-249880653	US	US	Karylin Clancy Mozayyx Co	karylinclancymozayyx.com	3813 Whitebird Circle, West Valley City, UT	3813 Whitebird Circle, West Valley City, Utah
S1-525522106	S2-421775273	India	India	Shakti Services LLP	ശക്തി സർവീസസ് എൽഎൽപി	Building No. 406, Ward Number Vii, Pappinisseri Poyyil, Near Vadeswaram Siva Temple, Aroli Po, Keecherikkunnu, Kannur, Kerala	BUILDING NO. 406, KANNUR, Kerala
S1-955836688	S2-102861731	India	India	EK Rocks Private Limited	EK Rocks Private (Limited)	Wework Raheja Woods, Kalyani Nagar, Sr. No. 222/1, Bld No.8 Lower, Upper, Podium, 1St To 5Th Raheja Woods, 8, Central Avenue, Kalyani Nagar, Pune City, Pune, Maharashtra	WEWORK RAHEJA WOODS, KALYANI NAGAR, SR. NO. 222/1, BLD NO.8 LOWER, UPPER, PODIUM, 1ST TO 5TH RAHEJA WOODS, 8, CENTRAL AVENUE, KALYANI NAGAR, PUNE CITY, महाराष्ट्र
S1-12845389	S3-967171218	US	US	Nexus Controls	Nexus [Cfntros]	2200 Clearwater Drive, Round Rock, TX	2200 Clearwater Dr, Round Rock, Texas
S1-607462364	S2-717384145	US	US	Smith, Hussaini & Martinez	Smith, Hussaini & [Martinez]	6507 Golden Spring Lane, Columbia, MD	006507 GOLDEN SPRING LN, COLUMBIA, MD
S1-580093790	S3-40933078	US	US	Lantern Automobile	Lantern  Automobile	175 Main Street, Unit 850, Salt Lake City, UT	175 Main Street, Salt Lake City, Utah
S1-267381769	S3-747274988	US	US	Zephari Churchill LLC	Zephari Churchill	807 Pennsylvania Avenue, Roswell, NM	Pennsylvania Avenue, Roswell CDP, New Mexico
S1-38606762	S3-114587364	US	US	Valley Bay Pinnacle LLC	Valley-Bay	19 Stage Neck Road, Unit Unit 3, York, ME	19 Stage Neck Rd, York, Maine
S1-815350787	S2-614186649	India	India	Western & Co	Sri WESTERN &	C/O Bhagi Rathi, Dharmpur Hata, Kushinagar, Uttar Pradesh	DOOR NO 0544 C/O BHAGI RATHI, DHARMPUR HATA, KUSHINAGAR, Uttar Pradesh
S1-439052155	S2-879054893	India	India	Bhagya Foods Private Limited	Bhagya Foods	Niyogihouseukilpara, Jalpaiguri, West Bengal	NIYOGIHOUSEUKILPARA, JALPAIGURI, পশ্চিমবঙ্গ
S1-174874045	S2-441826905	US	US	Anchor Bond Inc	Anchor Bond Incorporated	15530 Cosby Village Avenue, Unit APT 307, Chesterfield County, VA	15530-D COSBY VILLAGE AVENUE, NULL, CHESTERFIELD COUNTY, VA
S1-191569265	S3-533241290	US	US	Strategic Infrastructure Worldwide LLC	Strategic [Infrastructure]	314 Water Wagon Trail, Jacksonville, NC	314 Wter Wagon Trl, Jacksonville, North Carolina
S1-474231146	S2-115897067	US	US	Conley Valley Acquisitions	Belobelo	1172 West Avenue, Fl Floor 1, Buffalo, NY	BUFFALO, 1172 WEST AVENUE, NY
S1-936158516	S3-793052344	India	India	Dex Traders Private Limited	Dr Dex  Traders Private Limited	Office No. 203, Dlf Prime Tower, Okhla Industrial Area, Phase 1, New Delhi, South Delhi, Delhi	Office No. 203, South Delhi, New Delhi, DL
S1-615026706	S3-322630454	US	US	Ear Nose & Throat Trusted Specialists LLC	Ear Nose & Throat Trusted Specialists LLC	3166 Sterling Way, Portsmouth City, VA	3166 Sterling Way, N/A, Portsmouth City, Virginia
S1-638403673	S3-544561204	US	US	Board of Transportation	Board Of [Transportation]	9104 Ayden Lane, Fairfax County, VA	9104 Ayden Ln, Fairfax County, Virginia
S1-347833076	S2-608722915	India	India	Red Estate Private Limited	ਰੈੱਡ ਇਸਟੇਟ ਪ੍ਰਾਈਵੇਟ ਲਿਮਟਿਡ	102-A, Metro Town, Zirakpur, Patiala, Punjab	102-A, N/A, CHANDIGARH, PATIALA, ਪੰਜਾਬ
S1-78054764	S3-377256815	India	India	Raj Consultants Pvt Ltd	Rajconsultants.Com	25/16, Aspiran Gardern 1St, Main Road Kilpauk, Perambur Purasawalkam, Chennai, Tamil Nadu	25/1, Aspiran Gardern 1St, Main Road Kilpauk, Chennai, Perambur Purasawalkam, தமிழ்நாடு
S1-36493733	S2-225502199	US	US	Seeman, Lindsey, Ph.D., DDS PC	The Seeman, Lindsey, Ph.D., DDS (PC)	3627 Windrush Place, Montgomery, AL	WINDRUSH PL, MONTGOMERY, AL
S1-36752442	S2-401302784	US	US	Quality Fresh Soulpower L.L.C.	Quality  Fresh	5709 Club Hill Circle, Dallas, TX	5709 CLUB HILL CIR, DALLAS, TX
S1-762486808	S2-70424548	US	US	Gretal Germany, M.D. Bullhead City	Gretal Germany, M.D. Bullhead Services	2277 Ponderosa Lane, Bullhead City, AZ	2277 PONDEROSA LN, BULLHEAD CITY, AZ
S1-471176640	S3-5337159	US	US	Oncology Care Associates L.L.C.	Oncology Care Ássociates L.L.C.	14660 Cassidy Drive, El Paso County, TX	14660 Cassidy Dr, El Paso County, Texas
S1-84673431	S3-481806893	US	US	Rosalia Hodges Deli, LLC	Rosalia-Hodges Deli, LLC	7306 A Boudinot Drive, Fairfax County, VA	7306 A Boudinot Dr, Fairfax County, Virginia
S1-674976473	S3-132872008	US	US	Orbeus Airport Center	0rbeus Airport Center	117 Monroe Street, Unit 1/2, Campbell, OH	00117 Monroe Street, Unit 1/2, Campbell, Ohio
S1-190157113	S2-967283804	India	India	Innovative Seven Trading Private Limited	Innovative Seven Trading Private Limited	C101, Gurukrupa Chs Ltd, Samartha Nagar Road No.2, Mumbai, Maharashtra	C00101, GURUKRUPA CHS LTD, SAMARTHA NAGAR ROAD NO.2, MUMBAI, Maharashtra
S1-384708834	S3-630471827	US	US	Johnson and Garcia Tsakos Inc	Johnson And Garcia Garcia Tsakos Incorporated	405 Service Drive, Unit J2, Georgetown, TX	405 Service Drive, Georgetown, Texas
S1-138750525	S2-334023330	US	US	Underwood Spa	UNDERWOOD SPA	590 Timberlake Wildersville Road, Lexington, TN	590  TIMBERLAKE WILDERSVILLE RD, LEXINGTON, TN
S1-221225453	S3-996436281	India	India	Vijay Sunrise Hospitality Pvt Ltd	Vijay Sunrise Hospitality Pvt Limited	Balewadi, Nandan Acura, Sn-22 Hn-125(P), Maharashtra, Pune, Fl- B1-703	Fl- B-703, Nandan Acura, Sn-22 Hn-125(p), Balewadi, Pune, MH
S1-575367673	S2-802351030	US	US	Eastern Bitcoin LLC	Eastern Bitcoin	209 Sunset Lane, Fort Worth, TX	SUNSET LANE, FORT WORTH, TX
S1-520593412	S3-74887237	India	India	Starlite Ventures	Starlite Ventures	Shop No 0, Aatmaram Colony, Near Wearhouse, Thanesar, Thanesar, Kurukshetra, Haryana	No 0, Aatmaram Colony, Near Wearhouse, Thanesar, Kurukshetra, HR
S1-432689138	S2-882622588	US	US	Nguyen Choice Hovnanian Inc	Nguyen  Choice Hovnanian Inc	IN, 1315 7th Street, Anderson	1315 SEVENTH STREET, ANDERSON, IN
S1-209154626	S3-878976051	India	India	Durlabh Solution (India) Private Limited	Durlabh Solution (Índia) Private [Ltd]	T2-503A, Parsvnath Majestic Floor Indirapuram, Ghaziabad, Uttar Pradesh	T002-503a, Ghaziabad, UP
S1-910218819	S3-327274935	India	India	JS Investment Clinic	JS Investment Clínic	Above Manhar Industries, 5, Bhakti Nagar Station Plot, Gujarat, Rajkot	439 Above Manhar Industries, 5, Rajkot, Bhakti Nagar Station Plot, GJ
S1-654704967	S2-956412882	US	US	Deor	Deor-Service	303 Glendale Drive, Boone, NC	00303 GLENDALE DRIVE, BOONE, NC
S1-878704408	S3-469873876	India	India	Reviera Infra Pvt Ltd	Reviera Ltd Pvt (Infra)	6, Thakur Bari Road, Kalighat Kolkata, West Bengal, Kolkata, Kolkata, Kolkata, Howrah, West Bengal	
S1-697861406	S3-41174735	US	US	Nance Peoples LLC	Nance Peoples	5056 70, Crossville, TN	70, Crossville, Tennessee
S1-557434361	S3-21011159	US	US	Abney, Turner and Quintana	Synvio Co formerly: Abney, Turner and Quintana	9136 Belvedere Drive, Keller, TX	9136 Belvedere Drive, Keller, TX
S1-319598464	S2-591795825	India	India	Sunbeam Consultancy Private Limited	Sunbeam Consultancy Private	138/1, Hapur Road, Near Shambhu Das Gate, Meerut, Uttar Pradesh	
S1-809039259	S2-54912826	India	India	Sai Apex Management Private Limited	Sai Apex Management Private	Bxi 317, Ward No 7 Street No 7L, Dogar Basti, Faridkot, Punjab	BXI 317, WARD NO 7 STREET NO 7L, DOGAR BASTI, FARIDKOT, Punjab
S1-109855785	S2-521569410	India	India	Shivaya (India) Resources Private Limited	Shri Shivaya (India) Resources  Private	1/213 A, Krishna Kripa Chungam, West Hill, Kozhikode, Kerala	Keralam, 1/213 A, KRISHNA KRIPA CHUNGAM, WEST HILL, KOZHIKODE
S1-887651120	S3-625236066	US	US	Haines Twp Human Rights Project LP	Haines Twp Human Ríghts Project Lp	379 Pine Creek Road, Haines Twp, PA	379 Pine Creek Road, Haines Twp, Pennsylvania
S1-524461327	S3-87378600	India	India	Maa Software Private Limited	Maa-Private Limited Services	No. 44, Vijaya Nagar 3Rd Main Road Velachery, Chennai, Tamil Nadu	No. C-44, Vijaya Nagar 3Rd Main Road Velachery, N/A, தமிழ்நாடு
S1-921364638	S3-676027135	US	US	Health Guild	Health Guild	133 Park Circle, Trenton, TN	133 Park Cir, Trenton, Tennessee
S1-631210944	S3-996451488	US	US	Cardinal PLLC	Cgrfoinral PLLC	123 Meadowbrook Parkway, Bldg Garage, Cheektowaga, NY	00123 Meadowbrook Parkway, Bldg. Garage, Buffalo, New York
S1-993760733	S3-366411355	India	India	Vijay Control LLP	Vijay Control L.L.P.	No. 25, 2Nd Cross, Munithhaiyappa Layout Road, Lingarajapuram, Bangalore, Karnataka	No. 0025, 2Nd Cross, Munithhaiyappa Layout Road, Lingarajapuram, Bangalore, KA
S1-703266935	S3-899450750	US	US	Cardiology Associates Inc	Cardiology Inc Center	1499 Ginkgo Court, Bandon, OR	1499 1/2 Ginkgo Court, Bandon, Oregon
S1-872525809	S3-217425201	US	US	Green Apparel, L.L.C.	Green Apaalefl, L.L.C.	OH, Loveland, 9254 Cactus Lane	9254 Cactus Lane, Loveland, Ohio
S1-306679085	S3-507292294	US	US	Maxy Freeman Pacific Odyssey Clinic	-- Maxy Freeman Pacific	1026 Bertrand Street, Unit A, Manhattan, KS	Bertrand St, Unit A, Manhattan, Kansas
S1-68557789	S2-828690280	US	US	Atlas Corporation	ATLAS	820 Highland Terrace, Atlanta, GA	820 HIGHLAND TER, ATLANTA, GA
S1-7444126	S2-56650725	US	US	P/W Home Improvements Care	P/W  HOME IMPROVEMENTS CARE INC	15601 89th Street, Vancouver, WA	15601 89TH ST, VANCOUVER, WA
S1-168727364	S3-260368085	US	US	Mcclure Royal Rogers LLC	Mcclure Royal	City Of Marshfield, 510 Holly Avenue, WI	
S1-725555522	S3-245883698	India	India	Shakti Smart Ventures Private Limited	शक्ति स्मार्ट वेंचर्स प्राइवेट लिमिटेड	Delhi, New Delhi, West Delhi, Plot No. 42-A, G/F Ashoka Park Main, Rohtak Road	G/f Ashoka Park Main, Rohtak Road, DL, West Delhi, Plot No. G-42-a, New Delhi
S1-85834240	S2-605453285	US	US	Silver Freight Technologies LLC	[LLC] Silver Freight Technologies	507 Regency Drive, El Campo, TX	REGENCY DR, EL CAMPO, TX
S1-240893410	S2-714037331	US	US	Dixon Institute of Technology	Dixon Institute	2352 Court Street, Dyersburg, TN	COURT STREET, DYERSBURG, TN
S1-188582661	S2-741700043	India	India	Swadeshi Services (India) Private Limited	Swadeshi Services (India)  Private (Limited)	Mahabubnagar, Telangana, 2-44, Bondal Pally Nagarkurnool (Mandal), Mahbubnagar	2-44, BONDAL PALLY NAGARKURNOOL (MANDAL), MAHBUBNAGAR, Andhra Pradesh
S1-481567818	S3-895530038	US	US	Benn, Safford and Marsh Super Inc.	Benn, Safford and Marsh Super	7392 Ridgepoint Drive, Unit 6, Cincinnati, OH	007392 Ridgepoint Dr, # 6, Cincinnati, Ohio
S1-355732676	S3-739756729	US	US	Cardiology Specialists	Fluxsyncira aka Cardiology Specialists	158 Saddlebrook Lane, Unit UNIT 323, Florence, KY	158 Saddlebrook Lane, Unit UNIT 323, Florence, KY
S1-128648182	S2-696240791	India	India	Rise Essentials Private Limited	RISE ESSENTIALS PRIVATE LIMITED	7-1-77/2/A, Telangana, St. Louis Scho, Wellness Hospital, Dk Road, Secunderabad, Hyderabad	Andhra Pradesh, 7-1-77/2/A, ST. LOUIS SCHO, WELLNESS HOSPITAL, DK ROAD, SECUNDERABAD
S1-83737350	S3-848068352	US	US	T & K Beyond	T + K Beyond	18351 Atlas Street, Omaha, NE	Nebraska, 18351 Atlas Street, Omaha
S1-303476945	S2-130026251	India	India	Asm Hotel Company	Mr asmhotel.com	305/258 Mahabirsthan, Siliguri, Darjeeling, West Bengal	#305/258 MAHABIRSTHAN, SILIGURI, West Bengal
S1-780418326	S3-649373846	India	India	Consulting Marvel Silks Ltd	Consulting Marvel Silks Ltd.	35 Sardar Patel Marg Rajgad Naka, Jhabhua, Jhabua, Madhya Pradesh	Door No #35 Sardar Patel Marg Rajgad Naka, Jhabua, Jhabhua, MP
S1-802324965	S3-561400198	US	US	Vania Roller Safe, LLC	Synlum fka Vania Roller Safe, LLC	156 Fir Road, Dubois, WY	156 Fir Road, Dubois, WY
S1-61566703	S2-103677594	India	India	Pal Associates LLP	Sri Pal LLP Service	S. No. 9/1A/1- B 203 Flat No. Cg-2 Siddhantwadi Wai Satara, Satara, Maharashtra	S. NO. 009/1A/1- B 203 FLAT NO. CG-2 SIDDHANTWADI WAI SATARA, SATARA, Maharashtra
S1-326724535	S2-333265556	India	India	Shiv Systems Private Limited	Shiv Systems Private	Ff-39, First Floor, Kb Complex, Plot No-Ls-01, Noida, Gautam Buddha Nagar, Uttar Pradesh	FF-39, FIRST FLOOR, KB COMPLEX, PLOT NO-LS-01, NOIDA, Uttar Pradesh
S1-858175599	S2-137107188	US	US	Gabbey Bartosh Keystone Kochav Company	GABBEY BARTOSH BARTOSH KEYSTONE	AZ, Paradise Valley, 5713 Solano Circle	5713 Solano Circle, PARADISE VALLEY, AZ
S1-293109738	S3-524722980	US	US	Human Rights Foundation	Rtfs Human Foundation	315 Sumner Avenue, Princeville, IL	315 Sumner Avenue, Princeville, Illinois
S1-474482141	S2-960646754	US	US	11/11 Atlanticus	11/11 Atlanticus	102 Main Street, Greenbrier, TN	02 MAIN ST, GREENBRIER, TN
S1-189972487	S3-60007058	India	India	Uttar Pradesh India Private Limited	Brixdova doing business as Uttar Pradesh India Private Limited	B-53 Ishwari Dayal Complex92-G B Marg Lucknow, Uttar Pradesh, Lucknow, Uttar Pradesh	B-53 Ishwari Dayal Complex92-G B Marg Lucknow, Uttar Pradesh, Lucknow, Uttar Pradesh
S1-443749127	S3-328136202	India	India	Super Tech Private Limited	సూపర్ టెక్ ప్రైవేట్ లిమిటెడ్	4/1/358, Hyderabad, Telangana, Hyderabad, Flat No.5, First Floor Asker Arcade, Reddy Hostel Road, Abids	4/1/358, Hyderabad, Koti, TG
S1-546366842	S2-531590872	US	US	Dental Quality Associates LLC	L.L.C. Dental Quality Associates	24 Ellis Brook Road, Dover, VT	24 ELLIS BROOK RD, DOVER, VT
S1-34426115	S2-133215004	US	US	Heartland Supply PLLC	Heartland Sucpply PLLC	MO, 13223 3rd Street, Amsterdam	13223 THIRD STREET, AMSTERDAM, MO
S1-635145674	S2-320414592	US	US	Modern Mustang, PLLC	MODERN MUTNGO,-PLLC	102 Kent Road, Kent, CT	102 KENT ROAD, KENT, CT
S1-796165660	S2-489009051	India	India	Saya Dynamics Private Limited	Mr Saya Dynamics Priavase Limited	No1-A/19 Othavadai Street, Navalpur, Ranipet, Walajapet Taluk, Vellore, Tamil Nadu	NO1-A/19 OTHAVADAI STREET, NAVALPUR, RANIPET, WALAJAPET TALUK, தமிழ்நாடு
S1-923568507	S2-888478056	India	India	Raj Management Private Limited	RAJ  MANA6EMENT PRIVATE - 7539284557	Howrah, West Bengal, C.I.T. Road, Ground Floor, Kolkata, Kolkata, P-89	West Bengal, P-89, C.I.T. ROAD, GROUND FLOOR, KOLKATA, KOLKATA
S1-765241143	S3-210000276	US	US	Bryant, Jones & Witbeck LLC	Bryant, Jones & Widtbk LLC	121 Engelke Street, NY, Brookhaven	121-B Engelke St, N/A, Patchogue, New York
S1-952131914	S3-93968176	US	US	Commission on Public Works	Commission on Publoi-Works	368 Mount Wesley Road, Telford, TN	368 Mt Wesley Rd, Telford, Tennessee
S1-915863116	S2-500350444	US	US	Liberty Network II	Liberty Network  II	1214 30, Unit 7101, Greenville, TX	214 30, GREENVILLE CITY, TX
S1-624183471	S3-296219548	US	US	Dominick and Sabillon Inc.	Inc. Dominick and Sabilaon	3710 Lambson Road, Middle River, MD	3710 Lambson Rd, Middle River, Maryland
S1-536145315	S3-31418257	India	India	Aditya It Private Limited	आदित्य आईटी प्राइवेट लिमिटेड	A-33, Gali-3, Ambedkar Vihar, Johri Pur Extn., Delhi, East Delhi, Delhi	Hn 8 A-33, Gali-3, Ambedkar Vihar, Johri Pur Extn., South, East Delhi, DL
S1-204186251	S2-565771325	US	US	Camero Trusted Wheeler LLC	Camero Trusted Wheeler Llc	4793 Copper Circle, Woodbury, MN	4793 COPPER CIRCLE, WOODBURY, MN
S1-227374753	S2-93513091	India	India	Bangalore Foods Limited	Bangalore  Foods	Ibc Knowledge Park Tower C, 6Th Floor, 4/1 Bannerghatta Road, Bangalore, Karnataka	Karnataka, IBC KNOWLEDGE PARK TOWER C, 6TH FLOOR, 4/1 BANNERGHATTA ROAD, BANGALORE
S1-781008462	S3-596339809	US	US	Dental Clinic of Bonney Lake LLC	Dental Clinic of Bonney Lae (LLC)	7708 182nd Avenue, Bonney Lake, WA	7708 182nd Ave, Bonney Lake, Washington
S1-671169018	S2-814520060	India	India	Brisk Farms Private Limited	BRISK FARMS PRIVATE LIMITED	Office No. 37, 2Nd Floor, Om Heera Panna Mall, Oshiwara, Andheri (, W), Mumbai, Maharashtra	OFFICE NO. 37, 2ND FLOOR, OM HEERA PANNA MALL, OSHIWARA, ANDHERI (, W), Maharashtra
S1-637883358	S3-5080009	India	India	Wintec Traders	Wintec  Traders	401, Gujarat, C - Suryam Sky Opp. Nilkanth Residency, New L.P. Savani School Road Palanpur West, Surat City, Surat	01, C - Suryam Sky Opp. Nilkanth Residency, New L.p. Savani School Road Palanpur West, Surat, Surat City, ગુજરાત
S1-525930203	S3-288849680	US	US	Katy Youth Direct Association LLC	Katy Katy Youth Direct Association LLC	1110 Bartlett Street, Katy, TX	Katy, Bartlett Street, Texas
S1-955750450	S2-136129560	India	India	Hari Investment Limited	हरि इन्वेस्टमेंट लिमिटेड	Plot No. 263, Ff-1, Niti Khand-1, Indirapuram, Ghaziabad, Uttar Pradesh	DOOR NO 263, GHAZIABAD, उत्तर प्रदेश
S1-269693445	S3-976124030	US	US	Ear Nose & Throat Health	Ear Nose & Throat Hh	301 Kansas Avenue, Hutchinson, KS	301 Kansas Ave, Hutchinson, Kansas
S1-279186584	S3-880772733	India	India	Bala Engineering Limited	Bala Límited Partners	H.No.8-7-98/85/P-1/7, Madonna Apt, Agriculture Colony, Karmanghat, Saroornagar, K.V.Rangareddy, Telangana	
S1-514819643	S2-16493709	India	India	Skp (India) Infotech Private Limited	Shri Skp Private-Infotech (India) Limited	S.No 52-9 52-10, Narhe, Haveli, Pune, Maharashtra	S.NO 52-9 52-10, NARHE, HAVELI, Maharashtra
S1-853175435	S3-256943204	US	US	Highland Society VI	Highland Society VI LP	2435 Elm Swamp Road, Lebanon, IN	2435 Elm Swamp Rfad, Lebanon, Indiana
S1-370947985	S3-840048554	India	India	Aegean & Co	M/s Aegean-+ Co	28/311 Surya, Nr Chandukunhan Library Thondayad, Chevarambalam Post, Calicut, Kozhikode, Kerala	28/311 Surya, Kozhikode, Calicut, Keralam
S1-774113050	S3-419369591	US	US	Innovative Equity Technologies LLC	Wexvantage d/b/a Innovative Equity Technologies LLC	738 Keystown Road, Grantsboro, NC	738 Keystown Road, Grantsboro, NC
S1-530368814	S3-505647711	US	US	Coastal Sony	Coastal-Sony	718 Germantown Road, Wilkesboro, NC	718 Germantown Rd, Wilkesboro, North Carolina
S1-847910460	S3-124012936	US	US	Ember Associates	ember associates	620 Nettle Court, Albemarle County, VA	620 Nettle Court, Charlottesville, Virginia
S1-824561263	S2-339239677	US	US	Quality General LLC	qualitygeneral.com	LA, Zachary City, 1900 Westchester Avenue	1900-1904 WESTCHESTER AVE, ZACHARY, LA
S1-518674134	S2-329426732	India	India	Hariyana Institute of Technology	Iriviobelo - 9101249468	K-8 B K Dutt Colony, New Delhi, West Delhi, Delhi	K-#8 B K DUTT COLONY, NEW DELHI, WEST DELHI, दिल्ली
S1-564659427	S3-56394395	US	US	Green Trading Systems	Green Trading	79 Yellow Brick Road, Fort Gay, WV	West Virginia, FT. Gay, Yellow Brick Road
S1-663480865	S3-77479358	US	US	Value Telecom Ventures Inc.	Value-Telecom Véntures	Durant, 614 7th Avenue, OK	61 7th Avenue, Durant, null, Oklahoma
S1-878804387	S3-944822170	India	India	Wings Protiens Pvt. Ltd.	Smt Wings Protiens Pvt. Ltd.	#411 C Block, Brigade Soliataire, Alanahalli Layout, 8Th Cross, Mysuru, Mysore, Karnataka	#411 C Block, Mysuru, Mysore, ಕರ್ನಾಟಕ
S1-947461833	S2-41417361	US	US	Brittany Maule Dynamic Corp	BRITTANY MALFE DYNAMIC  CORP	3408 Hixson Street, City Of El Paso, TX	HIXSON STREET, TX, CITY OF EL PASO
S1-595387827	S3-620065880	India	India	Export Services Private Limited	Export Services Private Límited	Booth No. 46, New Sunny Enclave, Sector 125, Kharar, Mohali, Punjab	
S1-882033735	S2-189663624	US	US	Jessalin Brown Noble Inc	JESSALIN BROWN NOBLE INC	326 Olenview Circle, Powell, OH	OH, POWELL, 326 OLENVIEW CIRCLE
S1-14612398	S2-789315847	US	US	Torres & Hutchison Inc	torres & hútchison inc	Unit C, TX, City Of El Paso, 11240 Montwood Drive	11240 MONTWOOD DRIVE, EL PASO, TX
S1-515215225	S2-492686955	India	India	Jmd Hotel Private Limited	JMD HOTEL LIMITED CENTER	2Nd Floor Sohan Kuan, Manglasthan, Bihar Sharif, Nalanda, Bihar	2ND  FLOOR SOHAN KUAN, MANGLASTHAN, BIHAR SHARIF, Bihar
S1-79908254	S2-680752670	India	India	Sneha Utpadak Limited	@snehautpadak	703 Daffodil, Vasant Valley Complex, Malad East, Mumbai, Maharashtra	NO 703 DAFFODIL, VASANT VALLEY COMPLEX, MALAD EAST, Maharashtra
S1-424530411	S2-425228120	US	US	Select Sunshine LLC	SELECT SUNSHINE  LLC	Pawnee, OK, 143 Mose Yellowhorse Drive	143 MOE YELLOWHORSE DRIVE, PAWNEE, OK
S1-572626872	S3-224299622	US	US	I 4 X Storage	I 4 X Stórage	2133 High Cedar View Drive, Cedar City, UT	High Cedar View Dr, N/A, Cedar Citycdp, Utah
S1-799509007	S2-723199711	US	US	Horizon Energy Enterprises Partners	HORIZON ENERGY ENTERPRISES [PARTNERS]	9305 All Saints Road, Laurel, MD	9305- ALL SAINTS RD, LAUREL, MD
S1-821708134	S2-361432880	US	US	Verron Paloma LLC	VERRON PALOMA [LLC]	13478 Tierra Oaks Drive, Redding, CA	REDDING, CA, 13478 TIERRA OAKS DRIVE
S1-632444383	S2-584450857	India	India	Chennai Advertisers Private Limited	Chennai  Advertisers Private Limited	3-7, Sbi Officers Colony, First Street, Arumbakkam, Chennai, Tamil Nadu	DOOR NO 148 3-7, SBI OFFICERS COLONY, FIRST STREET, ARUMBAKKAM, CHENNAI, Tamil Nadu
S1-298790522	S2-270323941	US	US	Akron Children's Program Associates	Akron Children's [Associates] Program	19 Ansel Avenue, Akron, OH	ANSEL AVENUE, AKRON, OH
S1-739411377	S3-785089382	India	India	Raj & Sons Private Limited	Raj &-Sons Private	Genexx Valley Tower Flat 3/4 (B), Kolkata, Howrah, West Bengal	
S1-93827545	S3-892055395	India	India	ROF Media Ltd	ROF Média	No.7/A Dyavasandra Industrial Area, Hoodi, Karnataka, Kr Puram Houbli, Mahadevapura, Bangalore	Hoodi, KA, Bangalore, No.07/a Dyavasandra Industrial Area
S1-305216412	S3-531852461	US	US	Pediatric Specialists	The Pediatric Specialists	301 G Street, Unit 313, Washington, DC	301 G St, Unit 313, Washington, District of Columbia
S1-290903854	S3-196579306	US	US	Mcdonald, Yoon and Krieger Inc	Mcdonald, Yoon and Krieger Inc	2152 Nomad Avenue, Dayton, OH	2152 Nomad Ave, Dayton, Ohio
S1-118587435	S3-374931107	India	India	Banker Holdings	Banker Banker Holdings	Bangalore, #598, Bangalore, Karnataka, Ms Ramaiah North City, Thanisandra Road Nagawara	#B3/598, Bangalore, KA
S1-689709863	S3-771995818	US	US	Global Fellowship VI Group	GLOBAL GROUP VI FELLOWSHIP	OK, 2905 Summer Set Trail, Edmond	2905 Summer Set Trl, Oklahoma, Edmond
S1-813983904	S3-446065379	US	US	Secure Defense Concepts LLC	Pyrazetakor doing business as Secure Defense Concepts LLC	12775 Hwy 59, Summers, AR	12775 Hwy 59, Summers, AR
S1-144925253	S3-37284773	India	India	Al Facilities Private Limited	Al Facilities Private	1181, Ground Floor, Sector-1, Opposite Sector-1 Market, Rohtak, Haryana	1181, Rohtak, HR
S1-784784589	S2-80570034	US	US	Elite Mobility Group	Elite Moabltiy Group	185 Halsbury Court, Westlake Village, CA	CA, 185 HALSBURY CT, WESTLAKE VILLAGE
S1-824424830	S2-16744284	US	US	Highland Federation PC	Highland PC [Federation]	2811 Rutland Circle, Unit 104, Naperville, IL	281 RUTLAND CIRCLE, NAPERVILLE, IL
S1-150051966	S3-829622856	US	US	Diamond Allocation	Diamond Allocation LP	170 Sulphur Springs Drive, Batavia, OH	170 Sulphur Springs Drive, Batava, Ohio
S1-517110505	S2-626795576	US	US	Olinger Valley Nmp LLC	Olinger Valley	3201 Sweet Almond Drive, NC, Holly Springs	03201 SWEET ALMOND DRIVE, HOLLY SPRINGS, NC
S1-935522031	S3-994792384	US	US	Pioneer Analytics LLC	Pioneer Analytics	5314 Highland Avenue, Adamsville, AL	5314 Highland Ave, Adamsville CITY, Alabama
S1-322730632	S3-15030260	India	India	Bansal (India) (madras) Pvt. Ltd.	Sri Bansal (India)  Ltd. Pvt. (madras)	First Floor, Naraina Vihar, B-182, Delhi, South West Delhi, New Delhi	B-182, New Delhi, South West Delhi, दिल्ली
S1-587820416	S2-614511552	India	India	Supreme Components Private Limited	Supreme Components Private  Limited	Flat No. 4, Ram Darshan Chs Ltd Raghuvir Nagar, Manpada Road, Dombivili, Thane, Maharashtra	Maharashtra, DOOR NO 4 , RAM DARSHAN CHS LTD RAGHUVIR NAGAR, MANPADA ROAD, DOMBIVILI
S1-541631497	S2-941111896	US	US	Demir Leapfrog Huntingburg LLC	DEMIR LEAPFROG HUNTINGBURG LLC	4605 162, Huntingburg, IN	4605 162, HUNTINGBURG, IN
S1-589064897	S2-794274742	US	US	Metro Blue Preferred LLC	Metro Blue Preferred (LLC)	12277 Utica Road, Greenwood, DE	UTICA ROAD, GREENNWOOD, DE
S1-727702559	S2-694358160	US	US	Todd Living L.L.C.	TODD LIVING	116 Water Street, Dover, DE	DVER, 116-C WATER ST, DE
S1-168920085	S2-838205847	US	US	Pliego & Raymo, LLC	Pliego & Raymo	14 A Granite Street, Somerville, MA	0014 A GRANITE STREET, SOMERVILLE, MA
S1-473204711	S3-399493948	US	US	Watkins, Brown and Hale PLLC	Watkins, Brown and Hale (PLLC)	4503 79th Street, City Of Kenosha, WI	Wisconsin, City Of Kenosha, 4503 79st Saint
S1-779259074	S3-204245106	US	US	Internal Medicine Best Care	medicine internal best care	1110 Chestnut Street, Walla Walla, WA	Chestnut Street, Walla Walla, Washington
S1-128261490	S3-785896042	US	US	Pava Hartford LLC	Pava LLC Center	3203 Ciniza Drive, Gallup, NM	Gallup, New Mexico, 203 Ciniza Dr
S1-293452202	S3-451783443	India	India	Urban Projects Private Limited	അർബൻ പ്രോജക്ട്സ് പ്രൈവറ്റ് ലിമിറ്റഡ്	Kp Vi/203-A, Thaliyath, Mariya Nagar Kudappanakunnu, Thiruvananthapuram, Thiruvananthapuram, Trivandrum, Kerala	Kp Vi/203-a, KL, Trivandrum, Thiruvananthapuram, Thaliyath, Mariya Nagar Kudappanakunnu, Thiruvananthapuram
S1-981992912	S3-242632427	India	India	Bangalore Prints Pvt. Ltd.	Bangalore Pirnt Pvt. [Ltd.]	#23, Sriranga, 1Stmainroad, Nanjarasappa, Layout, Behindcanarabankcolony, Nagara, Bhavi Road, Bangalore, Karnataka	Door No #23, Bangalore, Papa Reddi Palya, KA
S1-397933033	S2-347206554	India	India	Ascentia Paradise Ltd	Ascentia Paradise Limited	Street No.8, Near Corner Of Morbi Road Opp. Old City Station, Rajkot, Gujarat	STREET NO.8, NEAR CORNER OF MORBI ROAD OPP. OLD CITY STATION, RAJKOT, Gujarat
S1-511149693	S2-95254341	US	US	Derrickson and Jones	derricksonjones.com	7254 Stony Barr Road, Windsor Mill, MD	7254 STONY BARR RD, MD, WINDSOR MILL
S1-577798613	S2-24649896	US	US	Capital Ministries	Capital Service	379 Glazner Street, Hawkins, TX	379 GLAZNER STREET, HAWKINS, TX
S1-47478842	S3-222735748	India	India	ERI Roller LLP	ERI Róller LLP	7/551/A1, Nilakkalayam, Vadookara, Thrissur, Kerala	#132 7/551/A1, Thrissur, KL
S1-612524080	S2-670749052	India	India	Classic Exports Private Limited	Private Classic Exports Limited	211-217, H-10, Second Floor, Express Arcade, Netaji Subhash Palace, P, Itampura, Delhi, North West, Delhi	211-217, H-10, SECOND FLOOR, EXPRESS ARCADE, NETAJI SUBHASH PALACE, P, ITAMPURA, DELHI, NORTH WEST, Delhi
S1-578205270	S3-443647803	US	US	Behavioral Health Direct Center	Behavioral Health Drt Center	NY, 57 Maple Parkway, Staten Island	Maple Pkwy, Staten Island, New York
S1-665013340	S3-993508794	India	India	My Builders Limited	My Biblrdes Limited	First Floor, Brij Mohan Marg, D, Arya Ganj, Central Delhi, Delhi, New Delhi, Emca Chambers 4944/51	Emca Chambers #4944/51, First Floor, Brij Mohan Marg, D, Arya Ganj, New Delhi, Central Delhi, DL
S1-686804377	S3-905569234	US	US	Mariam T. Hansen, O.D., M.D., P.C.	Mariam T. Hansen, O.D., M.D.,	CT, 7 Matthew Street, Milford	7- Matthew Street, Milford, Connecticut
S1-774194970	S3-582466731	US	US	Anchor Inc	Ancfhcor Inc	6860 Bridgewater Drive, Nashville, TN	6860 Bridgewater Dr, Nashville, Tennessee
S1-799842032	S2-373976171	India	India	Nandini & Sons Private Limited	Nandini Limited Sons Private &	No 51 K No 220 51 Akshaya Nagar, Yelenahalli Begur Hobli, Bangalore South, Bangalore, Karnataka	NO 51 K NO 220 51 AKSHAYA NAGAR, YELENAHALLI BEGUR HOBLI, BANGALORE SOUTH, Karnataka
S1-467464744	S2-987106311	India	India	Balaji Logistics Private Limited	Balaji Logistics Private	Kurse Compound, 3Rd Cross, Banavasri Road, Sirsi, Uttara Kannada, Karnataka	KURSE COMPOUND, #3RD CROSS, BANAVASRI ROAD, SIRSI, ಕರ್ನಾಟಕ
S1-542459887	S3-357343976	US	US	Jablonski and Coulter Laboratories LLC	jablonskicoulterlaboratories.com	3306 Hilton Street, Unit 104, Baltimore, MD	3306 Hilton St, PO Box 146, Baltimore, Maryland
S1-7445526	S2-821313932	US	US	Price and Jones LLC	Price and Jones	4940 94th Avenue E, Tulsa, OK	4940 94TH AVE E, TULSA, OK
S1-28074704	S2-709235835	US	US	Cure Coffee	Cure  Coffee	3809 Frazier Drive, Unit 113, Raleigh, NC	3809 FRAZIER DRIVE, RALIGH, NC
S1-871190773	S2-315472325	US	US	Foot & Ankle United Associates LLC	FOOT & ANKLE UNITED ASSOCIATES LLC	15487 253rd Ave, Dalton, MN	15500 253RD AVE, DALTON, MN
S1-632851232	S3-646711242	India	India	Netway College Private Limited	Netway  College Private	Ls-443/1, Osia Hiver Mark, Near Honest Hotel, Bavla, Ahmedabad, Gujarat	Ls-443/1, Ahmedabad, Bavla, GJ
S1-348035126	S3-385155738	US	US	Womens Health Group	Womens Health	4500 Galbraith Road, Cincinnati, OH	4661 Galbraith Road, Cincinnati, Ohio
S1-569260563	S2-833908381	US	US	ET Valley Nuclear	ET Valley-Nuclear	820 5th Street, Unit 430, Charlotte, NC	820 FIFTH STREET, CHARLOTTE, NC
S1-220985496	S2-271425123	India	India	Veritas Brothers Private Limited	Veritas Brothers Private	1Stfloor, Bblock, Kavitashops&Flats, Timesofindiapressroad, Satellite, Ahmedabad, Gujarat	#3-864 1STFLOOR, BBLOCK, KAVITASHOPS&FLATS, TIMESOFINDIAPRESSROAD, SATELLITE, Gujarat
S1-497527744	S2-153539729	US	US	KN Mountain Healthcare Corp	KN Mountain Healthcare	IA, Davenport, 906 W 15th St	IA, 906 WEST 15TH ST, DAVENPRT
S1-135433434	S2-778441923	US	US	Zenith Apogee LLC	LLC Zenith Aploee	650 La Deney Drive, Ontario, CA	650 LA DENEY DR, PO BOX 6684, ONTARIO, CA
S1-721252163	S3-264976544	US	US	Anchor PC	Anchasr PC	8051 Monte Vista Circle, Sterling Ranch, CO	8051 Monte Vista Cir, Sterling Ranch, Colorado
S1-367607307	S3-553132647	India	India	Swiss Chit Public Limited	Dr Swiss Ct Públic Limited	Khudra Mandal Ganthi Sohai, Swetpur, North Parganas, Parganas North, West Bengal	Khudra Mandal Ganhi Sohai, Swetpur, North Parganas, Parganas North, WB
S1-865163625	S3-591155926	US	US	Foundry Company	Tavoriza+ f/k/a Foundry Company	2417 General Longstreet Drive, Virginia Beach City, VA	2417 General Longstreet Drive, Virginia Beach City, VA
S1-647712455	S3-919228901	US	US	Internal Medicine Health of Pocahontas PC	Internal Medicine Health of Pocahontas LLC	186 Bluebird Trail, Pocahontas, AR	186A Bluebird Trl, null, Pocahnotas, Arkansas
S1-498578619	S2-292475084	US	US	Supreme Investment Corporation	*** Supreme lnvestment Corporation	410 Pine Bluff Road, Salisbury, MD	410 PINE BLUFF RD, SLAISBURY, MD
S1-344221008	S3-329913299	US	US	Chambers, Jernigan and Rivera Inc	Inc Chambers, Jernigan and Reiva	2628 Hwy 45, Fort Smith, AR	2628 Hwy 45, Ft Smith, Arkansas
S1-766522374	S3-287109379	India	India	Navjeevan Enterprises Limited	Navjeevan Enterprises	S-1217, 6Th Main, 2Nd Phase, Bel Layout, Bharath Nagar, Bangalore North, Bangalore, Karnataka	S-1217, Bangalore North, Banglore, KA
S1-764955886	S3-152607587	India	India	Shyam Investments Private Limited	Orbicalocalo a/k/a Shyam Investments Private Limited	C/O Sharmajee, Ashok Nagar, Road No-14A Kankarbagh, Patna, Bihar	C/O Sharmajee, Ashok Nagar, Road No-14A Kankarbagh, Patna, Bihar
S1-957379426	S3-928385175	India	India	White Enterprises	White Center	Street No.2, Lakha Singh Street, Near Bus Stand, Mansa, Punjab	Street No.2, Lakha Singh Street, Near Bus Stand, Mansa, ਪੰਜਾਬ
S1-665605067	S3-743543336	India	India	ME Marketing LLP	ME Marketing LLP	Shop No. 220, Csno. 18345/1/7 Labh Chambers, Railway Station Road, Aurangabad, Maharashtra	Shop No. G-220, Csno. 18345/1/7 Labh Chambers, Railway Station Road, Aurangabad, MH
S1-469040306	S2-13123813	US	US	Duquette Columbia LLC	DUQUETTE LLC CENTER	600 Rothwood Avenue, Unit 1, Nashville, TN	600 ROTHWOOD AVE, NASHVILLE, TN
S1-170357750	S2-338943918	India	India	High Tech Private Limited	High Tech Private Ltd	Old No 3 New No 4/1 Thiruvalluvar Street Gandhi Nagar, Saligramam, Chennai, Tamil Nadu	OLD NO 03 NEW NO 4/1 THIRUVALLUVAR STREET GANDHI NAGAR, SALIGRAMAM, CHENNAI, Tamil Nadu
S1-786893558	S2-85766781	US	US	Peta Stevenson Pacific Aluminum LLC	Stemneon, Peta Pacific Aluminum LLC	Virginia Beach City, 1808 Durham E, VA	DURHAM E, VIRGINIA BEACH, VA
S1-319136257	S3-214645835	US	US	Ear Nose & Throat Bay Care Associates, L.L.C.	Ear Nose & Throat Bay Care	380 Patton Avenue, Unit 1, Cheyenne, WY	380 Patton Ave, PMB 4020, Cheyenne, Wyoming
S1-290121381	S3-375598691	India	India	Opp. Ram Mandir Vinimoy Pvt Ltd	Opp. Ram Mandir Vinimoy Pvt Limited	101/10, Navdha Residency Chandna Colony, Opp. Ram Mandir, Jaipur, Rajasthan	101/10, Opp. Ram Mandir, Jaipur, RJ
S1-719417897	S2-541338443	US	US	Nexex Mercator, LLC	Nexex Mercator,-LLC	24181 2330 E, Topeka, IL	24181 2330 E, TOPEKA, IL
S1-144550460	S2-258363528	India	India	Lotus Products Private Limited	लोटस प्रोडक्ट्स प्राइवेट लिमिटेड	H-19 Neetaji Hills, Huzur, Bhopal, Madhya Pradesh	DOOR NO 36 H-19 NEETAJI HILLS, HUZUR, BHOPAL, Madhya Pradesh
S1-160370164	S2-351513457	US	US	South Immersion Corporation	SOUTH IMMERSION CORPORATION	26820 Trout Creek Road, Winona, MN	#26820 TROUT CREEK RD, WINONA, MN
S1-618279637	S3-720208956	India	India	Al Power Private Limited	अल पावर प्राइवेट लिमिटेड	C/O Radhika Apartment, Near Atal Path, Flatno 202, Phulwari, Patna, Bihar	C/o Radhika Apartment, Phulwari, Patna, बिहार
S1-383550341	S3-573953111	India	India	Lotus Estate Limited	Lotus	Build No. 03, Flat No. 302, Trimurti Park, Nr. Saket College, Kalyan East, Thane, Maharashtra	Build No. 03, Flat No. 302, Trimurti Park, Nr. Saket College, Kalyan East, Thane, Maharashtra
S1-828832203	S3-751796758	India	India	Dayanidhi Dealtrade Private Limited	Dayanidhi Dealtrade	46/87, Bhudhawarpeta, Kurnool, Andhra Pradesh	Plot 816 46/87, Bhudhawarpeta, Kurnool, AP
S1-570548392	S3-868243405	India	India	Rise Law Chambers of Lucknow	Rise Rise Law Chambers of Lucknow Company	4/228, Lucknow, Uttar Pradesh	4/228, Lucknow, उत्तर प्रदेश
S1-112240429	S3-470982028	US	US	Regional Program	regional program	135 Tucker Hill Road, Middlebury, CT	Connecticut, Middlebury, 135 Tucker Hill Road
S1-566588775	S3-186294637	India	India	Ahmednagar Educational Society	ahmednagar educational society	Shop No. 09, Ground Floor In B-Wing, Campz Sra Chs Ltd, Kevni Pada, S.V. Road, Jogeshwari West, Mumbai, Maharashtra	Door No 0009, Jogeshwari West, Mumbai, MH
S1-699956761	S3-431758830	India	India	Shiva Fortune Consultancy Pvt Ltd	Shiva Fortune Consultancy-Pvt Limited	A-26 S/F Gali No. 8 Indra, Park Extension, Shahdara, Delhi	A-26 S/f Gali No. 8 Iodra, Park Extension, Shahdara, DL
S1-62545935	S2-201530643	India	India	Developers Twelve Digitech Limited	Developers Twelve  Digitech Ltd	207-A, Behind Madhav Vilas Hospital Brahmpuri Road, Jaipur, Rajasthan	207-A, BEHIND MADHAV VILAS HOSPITAL BRAHMPURI ROAD, JAIPUR, Rajasthan
S1-377114568	S3-601226673	US	US	Big Barbershop LLC	Fluxzeph formerly known as Big Barbershop LLC	183 Main Street, Camden, OH	183 Main Street, Camden, OH
S1-52285274	S3-763215612	US	US	Ridgeline PLLC	Ridgeline PLLC	Tyler, TX, 12971 64	12971 64, Tyler, Texas
S1-315131820	S2-159340727	India	India	Ts Print Private Limited	Ts Print Private  Limited	86/B/3, Topsia Road (South) Kolkata, Kolkata, Kolkata, Howrah, West Bengal	H.NO 187 86/B/3, TOPSIA ROAD (SOUTH) KOLKATA, KOLKATA, KOLKATA, West Bengal
S1-643953597	S2-855069581	US	US	Zack Fortis Inc	Zack Fmeoartis Inc	8425 Estes Street, Ken Caryl, CO	KEN CARYL, 8425 ESTES ST, CO
S1-717893931	S3-259765794	India	India	Unique Media Private Limited	Unique Media  Private Limited	New No 15 Old No 8 Madha Church Street Royapuram, Chennai, Tamil Nadu	New No B3/15 Old No 8 Madha Church Street Royapuram, Chennai, TN
S1-592073279	S2-194992687	India	India	Digital Enterprises Private Limited	Digital Enterprises Private	9Th Floor, Tower D Unitech, Line 2 Cyber Park Sec-39, Sadar Bazar, Gurgaon, Haryana	H.NO 9TH FLOOR, TOWER D UNITECH, LINE 2 CYBER PARK SEC-39, SADAR BAZAR, हरियाणा
S1-952105983	S2-728665259	US	US	Eunice Santangelo Gamco L.L.C.	Eunice Santangelo Gamco	Monticello, IN, 9175 650	9175 650, MONTICELLO, IN
S1-321791253	S3-28338235	US	US	Powell Xcel LLC	Powell Xcel	7706 Lukoli Lane, Saraland, AL	7706 Lukoli Lane, Sraland, Alabama
S1-105759638	S3-445630438	US	US	Trow Clear Engineering	Trow [Clear]	28 Waters Edge Circle, Hampton City, VA	Hampton City, 28 Waters Ege Cir, Virginia
S1-133663040	S3-235551424	India	India	Customised (India) Services Private Limited	Customisedindiasvc.Com	Pratap Nagar Najdik Ganesh Bagh, Bundi, Rajasthan	Pratap Nagar Najdik Ganesh Bagh, Bundi, RJ
S1-611618469	S3-521716607	US	US	Cunningham Platinum Crane LLC	Cunningham  Plbtinu Crane LLC	Alto, TX, 3033 2723	3033 2723, Alto, Texas
S1-113183586	S2-619607762	India	India	Cynosure Traders Corp	Cynosure Cynosure Traders Corp	#612, 1C Main Road, 1St Floor, Domlur Layout, Bangalore North, Bangalore, Karnataka	416, 1C MAIN ROAD, 1ST FLOOR, DOMLUR LAYOUT, BANGALORE NORTH, ಕರ್ನಾಟಕ
S1-992788706	S3-325972587	US	US	Pediatric Partners Inc	@pediatricpartners	650 Old Little Bear Creek Road, Blue Valley, CO	650 Old Little Bear Creek Rd, Blue Valley, Colorado
S1-347734071	S2-993487252	US	US	Martinez Select Suisse LLC	MARTINEZ SELECT SIRSS LLC	4101 Kelly Autry Road, Marshville, NC	4101 KELLY AUTRY RD, NULL, MARSHVILLE, NC
S1-257354814	S3-724438093	US	US	Henrieta Cote Aimei	Henrieta Ce Aimei	14 Main Street, Northumberland County, VA	14 Main Street, Northumberland County, Virginia
S1-83746225	S2-601487487	India	India	Om Printers Clinic	Om Clinic Services	4/339/A Panatt, Chingapuram (P.O), Koyilandi, Kozhikode, Kerala	NO D/4/339/A PANATT, CHINGAPURAM (P.O), KOYILANDI, null, കേരളം
S1-991779969	S3-555439616	India	India	Laxmi Engineering Limited	Laxmi Engineering Ltd	No.14, Fourth Seaward Road, First Floor Valmiki Nagar, Thiruvanmiyur, Chennai, Tamil Nadu	No.14, Fourth Seaward Road, First Floor Valmiki Nagar, Thiruvanmiyur, Chennai, TN
S1-126351809	S3-229202828	US	US	WML Edison Inc	WML Edison Inc.	1263 565, Orem, UT	#1263 565, Orem, Utah
S1-196352645	S2-880459831	India	India	Ikon Lean Private Limited	Ikon Lean  Private Limited | www.ikonlean.com	Pno 252 Y S R Nagar, Jawahar Nagar, Hyderabad, Telangana	PNO 2-52 Y S R NAGAR, JAWAHAR NAGAR, HYDERABAD, తెలంగాణ
S1-891697553	S3-562670976	India	India	Raj Hospitality Private Limited	రాజ్ హాస్పిటాలిటీ ప్రైవేట్ లిమిటెడ్	1100/Asg/B1003, Aparnagrande, Nallagandla Serilingampally, Hyderabadcentralunive, Rsity, Hyderabad, Rangareddy, Telangana	Andhra Pradesh, Hyderabad, 1100/Asg/B1003, Aparnagrande, Nallagandla Serilingampally, Hyderabadcentralunive, Rsity
S1-35906166	S3-539372995	US	US	James, Merchant & Kam Anadolu, Inc	James, Merchant & Kam Inc Anadolu,	Vestal, NY, 428 Jodie Drive	431 Jodie Dr, Vestal, New York
S1-654228455	S2-596420593	US	US	Slate	slate	950 Bay Ridge Avenue, Brooklyn, NY	00950 BAY RIDGE AVENUE, BROOKLYN, NY
S1-212726428	S3-77813195	US	US	Grace Israel	Grace Israel Co Enterprises	136 Bridge Street, Oswego, NY	
S1-220165086	S2-524435463	India	India	Sunrise Software Private Limited	सनराइज सॉफ्टवेयर प्राइवेट लिमिटेड	13, First Floor, Uday Park, New Delhi, South Delhi, Delhi	13, ENAM, NEW DELHI, Delhi
S1-676682334	S3-426724132	India	India	Modern Consulting Pvt Ltd	Modern कंसल्टिंग प्रा. लि.	Plot No. 116-B & 116-P, Gut No. 152 Near Alok Nagar, Satara Parisar, Aurangabad, Maharashtra	Plot No. 116-B & 116-P, Gut No. 152 Near Alok Nagar, Satara Parisar, Regional Office Aurangabad, Aurangabad, महाराष्ट्र
S1-693117239	S3-642929205	India	India	Redrose (India) Developersprivate Pvt. Ltd.	Redrose (India) Developersprivate [Pvt.]	Survey No. 563, At: Sapar, B/H Euro Coin Ceramic Jetpar Road, Morbi, Rajkot, Gujarat	Morbi, GJ, Survey No. 563
S1-864553957	S3-78291517	US	US	Green Equity International, LLC	Wexorbi dba Green Equity International, LLC	2290 Imperial Court, Waldorf, MD	2290 Imperial Court, Waldorf, MD
S1-509535505	S3-718019689	India	India	Lyra Chits Co	Lyra Cthlits Co	55/9/10 4Th A Mn 6 Crs Bekekahalli Btm 2 Nd Stg, Bangalore, Karnataka	Door No 55/9/10 4Th A Mn 6 Crs Bekekahalli Btm 2 Nd Stg, Bangalore Rural, Bangalore, ಕರ್ನಾಟಕ
S1-210412785	S3-584076012	India	India	Real Food	Veokor d/b/a Real Food	Bangla No.7 Idbi Bank Ke Pichhe, Neemuch, Madhya Pradesh	Bangla No.7 Idbi Bank Ke Pichhe, Neemuch, Madhya Pradesh
S1-244910275	S3-675648363	US	US	Osman Seafood	Osman Seafood LP	28530 Snyder Drive, Millbury, OH	Ohio, Millbury, 28530 Snyder Drive
S1-738685950	S3-522786946	US	US	Dermatology Group LP	dermatology group lp	31250 8th Avenue, Federal Way, WA	31250 8st Ave, Federal WAY, Washington
S1-567672399	S3-381019270	US	US	Dental Care, Inc	Dental [Care,]	540 Parsons Road, Pleasanton, TX	##540 Parsons Road, Pleasanton, Texas
S1-166634344	S3-829205912	India	India	Nine (India) Agritech Private Limited	Nine (India) Agritech Private (Limited)	Pune, Near Perugate Police Chowky, 1218 Sadashiv Peth Bendre Blocks D, Pune City, Maharashtra	4-1218 Sadashiv Peth Bendre Blocks D, Near Perugate Police Chowky, Pune City, Pune, MH
S1-28529681	S2-856731573	India	India	QO Creations Pvt. Ltd.	QO Creations Pvt  Ltd	C/O Budhadev Ghosh, Vill Mulgram Po- Mulgram, Dist- Bardhaman, Bardhaman, West Bengal	C/O BUDHADEV GHOSH, VILL MULGRAM PO- MULGRAM, DIST- BARDHAMAN, BARDHAMAN, West Bengal
S1-300027809	S3-942543778	US	US	Great Ministries PLLC	Great PLLC Service	Buffalo, 25 Hunt Avenue, NY	25 Hunt Ave, Buffalo, New York
S1-327282390	S3-284300547	US	US	Prodyne Digitalbridge Inc	Prodyne Digitalbridge  Inc	4100 Timber Creek Way, Moore, OK	Timber Creek Way, null, Moore, Oklahoma
S1-413159677	S2-8966732	India	India	Meentech Psychological Limited	MEENTECH PSYCHOLOGICAL [LIMITED]	Ward No.35 Vill.+Post, Amghta, Dumra, Sitamarhi, Dumra, Sitamarhi, Bihar	WARD NO.35 VILL.+POST, AMGHTA, DUMRA, SITAMARHI, DUMRA, Bihar
S1-420145635	S3-470440948	US	US	Zenith P.C.	[P.C.] Zntih	84 Foxhill Road, North Andover, MA	084 Foxhill Rd, North Andover, Massachusetts
S1-835929827	S3-891830107	India	India	Neat (i) Private Limited	Neat (i) Private [Ltd]	1 Paras Bldg 7 Bunglows, Near Bon-Bon Showroom, Mumbai, Mumbai, Maharashtra	Near Bon-bon Showroom, Mumbai, Mumbai, #1 Paras Bldg 7 Bunglows, Mumbai, महाराष्ट्र
S1-883727539	S2-429817253	US	US	North Learning Center	North Center Learning	1033 Barlina Road, Crystal Lake, IL	BARLINA RD, CRYSTAL LAKE, IL
S1-484107168	S3-292665421	US	US	Valley Institute	Valley lnstitute Corp	7008 54th Lane, Phoenix, AZ	7008 54th Ln, Laveen Annex, Arizona
S1-134593613	S2-895824082	India	India	Kolkata Mai Company	Kolkata-Mai Co	56E, Hemanta Basu Sarani Stephen House, 5Th Floor, R.N.- 90A, Kolkata, Howrah, West Bengal	PLOT 328 56E, HEMANTA BASU SARANI STEPHEN HOUSE, 5TH FLOOR, R.N.- 90A, KOLKATA, পশ্চিমবঙ্গ
S1-116907206	S3-669875072	US	US	IFF Aria, LLC	IFF LLC Aria,	886 Northgate Drive, Benton, AR	00886 Northgate Dr, Benton, Arkansas
S1-38799674	S3-270758520	US	US	Theresa Carey Cross, LLC	LLC, Theresa Cross, [Carey]	226 Lawn Street, Bucyrus, OH	226 Lawn Street, Bucyrus, Ohio
S1-464685928	S3-85208909	US	US	Conlon Premier Wealth LLC	Conlon Premier  Wealth LLC	1002 Jefferson View Way, Unit 203, Louisville, KY	
S1-709315808	S2-214101975	US	US	Northern Supreme James Inc	Northern Supreme	41 Ocean Avenue, Kennebunkport, ME	KENNEBUNKPORT, 41 OCEAN AVENE, ME
S1-711221471	S3-809945	India	India	Chennai Metro Pvt. Ltd.	Chennai Pvt. Ltd. Center	Flat 16, 4Th Floor, Prajwal Symantaka, 3. Pinjala Subramanian Street, T.Nagar, Chennai, Tamil Nadu	Chennai, TN, 4Th Floor, Prajwal Symantaka, 3. Pinjala Subramanian Street, T.nagar, Chennai, 9-72 Flat 16
S1-491025666	S3-60500153	India	India	Ram Impex Private Limited	ରାମ ଇମ୍ପେକ୍ସ୍ ପ୍ରାଇଭେଟ୍ ଲିମିଟେଡ୍	Sabitri Kunj Near Ambaji Mandir, Bolangir Chock, Kesinga, Kalahandi, Orissa	Sabitri Kunj Near Ambaji Mandir, Bolangir Chock, Kesinga, Kalahandi, OD
S1-162138846	S3-906233483	US	US	Contreras & Fleury LLC	Contreras & Fleury	17301 Old Houston Road, Conroe, TX	17301 Old Houston Rd, Conroe, Texas
S1-340629979	S3-846404938	US	US	Perez Desert Computing Corp	Perez Perez Desert (Computing)	205 Church Street, Marlborough, MA	205 Church Street, Marlborough, Massachusetts
S1-135842128	S2-530364758	India	India	Delhi Healthcare Private Limited	Delhi Healthcare Privafe-Limited	Office No.203, Plot No.16 Rishabh Corporate Tower, Karkardooma, Delhi, East Delhi, Delhi	OFFICE NO.203, PLOT NO.16 RISHABH CORPORATE TOWER, KARKARDOOMA, DELHI, Delhi
S1-712290809	S3-215148906	India	India	Hotel Infra Private Limited	Sri HOTEL INFRA PRIVATE LIMITED	1201/E, F. C. Road, Opp. College, Pune, Maharashtra	1201/E, F. C. Road, Opp. College, Pune, MH
S1-893914540	S2-741389986	US	US	Jordan Frontier Nano, PC	-- Jordan Frontier	2852 Duvall Lane, Columbus, OH	2852 DUVALL LANE, COLUMBUS, OH
S1-867739364	S2-855466912	India	India	Tirupati Marketing Private Limited	तिरुपति मार्केटिंग प्राइवेट लिमिटेड	Govind Puri Kalkaji, South Delhi, New Delhi, 509C/5, Delhi	HN 75 509C/5, SOUTH-EAST DELHI, SOUTH DELHI, दिल्ली
S1-158130984	S2-476272690	India	India	New Infrastructure Private Limited	New Infrastructure Private | www.newinfras.com	No.5, Armugam Avenue, Irugur, Coimbator, Coimbatore, Tamil Nadu	DOOR NO 5 , ARMUGAM AVENUE, IRUGUR, COIMBATOR, COIMBATORE, Tamil Nadu
S1-939201729	S3-484504018	India	India	Mauryan Polytechnic Private Limited	Mauryan Polytechnic Private  Limited	281 Wellfet Road, Kumudapally, Hosur, Krishnagiri, Dharmapuri, Tamil Nadu	
S1-37922582	S2-368022150	US	US	Federal Vine Inc	INC FEDERAL VINE	121 Pinchony Creek Drive, Hope Hull, AL	121 PINCHONY CREEK DRIVE, HOPE HULL, AL
S1-503286107	S2-956364450	US	US	Classic Atlantic Earths Corp	Classic Atlantic Earths  Corp	921 Anderson Road, Sebago, ME	921 ANDERSON ROAD, null, SEBAGO, ME
S1-169401281	S3-350837338	India	India	Kaimur Vincom Private Limited	Kaimur Vincom Private-Limited	C/O Taiyab Kuraishi Vill-Ramgarh (Ct), Tola-Ramgarh Panch-Ramgarh, Block-Ramgarh, Kaimur, Bihar	Ramgarh, H.no 28 C/o Tiyab Kuraishi Vill-ramgarh (Ct), Kaimur, बिहार
S1-596025521	S2-226146764	India	India	Shakthi Holdings	Sfhtmdhi Holdings	6-C/61, Vrindavan Colony, Raebareli Road, Lucknow, Uttar Pradesh	Uttar Pradesh, 6-C/61, LUCKNOW
S1-864467566	S2-71310226	US	US	Larine Benson Resource PC	Larine Bénson Resource PC	306 Smith Street, Forest, OH	306 SMITH STREET, FORST, OH
S1-733888848	S3-404220388	US	US	XUO Crystal Maywood Inc	XUO Maywood Inc Services	2829 Meaders Avenue, Fort Worth, TX	2829 Meaders Ave, Fort Worth, Texas
S1-513456690	S3-493075083	US	US	H B Townsend Glass, LLC	h b townsend glass, llc	Edgerton, 278 Park Avenue, MN	Park Ave, Edgerton, Minnesota
S1-758382588	S2-575295583	India	India	Ambay Foundation	ambayfoundation.com	2-14-117, 3/A Line Syamalanagar, Guntur, Andhra Pradesh	2-14-117, 3/A LINE SYAMALANAGAR, GUNTUR, Andhra Pradesh
S1-979027470	S2-296553290	US	US	Prairie Foundation LLC	Prairie Foundation	5414 Friendly Manor Drive, Unit U, Greensboro, NC	005414 FRIENDLY MANOR DR, GREENSBORO, NC
S1-12546839	S2-587345365	India	India	Galaxy Systems Private Limited	गैलेक्सी सिस्टम्स प्राइवेट लिमिटेड	Shop No- 07 & 08, First Floor, Orchid Mall Boring Patliputra Road, Srikrishnapuri, Patna, Bihar	SHOP NO- 07 & 08, PATNA, Bihar
S1-339812727	S2-92699332	US	US	Pediatric Dental Health P.C.	Pediatric Dental Health	23343 Shadow Drive, Buckeye, AZ	AZ, 3343 SHADOW DR, BUCKEYE
S1-420998282	S3-182768793	US	US	Integrated Mortgage Brands Inc	Integrated M0rtgage Brands Inc	5307 Montclair Drive, Raleigh, NC	5307 Montclair Dr, Raleigh, North Carolina
S1-771801598	S2-856606052	US	US	Anchor Automation Labs	ANCHOR AUTOMATION  LABS	9500 Dowell Road, Amarillo, TX	9500 DOWELL ROAD, AMARILLO, TX
S1-159937746	S2-384674137	US	US	Harrison, Basso and Magee	Harrison, Basso and Magee Co	5519 Fox Marsh Place, Chesterfield County, VA	
S1-80082361	S2-717532012	India	India	Krishna Infrastructure Private Limited	कृष्ण इंफ्रास्ट्रक्चर प्राइवेट लिमिटेड	Bakhtiarpurj, Vill & Tola- Ghoswari, Patna, C/O Ram Prasad Paswan, Bihar	C/O RAM PRASAD PASWAN, BAKHTIARPURJ, PATNA, Bihar
S1-670148434	S3-838248523	US	US	Corporate Marketing Ventures	Corporate-Marketing Ventures	91-20 213 Street, Queens Village, NY	91-2 213 St, Queens Village, New York
S1-517997379	S2-343815416	US	US	Innovative Metro Bio PLLC	innovativemetrobio.com	35543 Sand Pointe Court, Crosslake, MN	35543- SAND POINTE CT, CROSSLAKE, MN
S1-122931032	S2-202818444	US	US	Dermatology Medicine	Dermatology Medicine LLC	Van Buren, 307 11th Street, AR	307 ELEVENTH ST, VAN BUREN, AR
S1-207369937	S3-598265858	US	US	Peterson, Williams & Thomas Pattana Partners	Peterson, Wlaellims and Thomas  Pattana Partners	3716 Julian Street, Houston, TX	3716 Julian Street, Houston, Texas
S1-855365552	S3-170254530	US	US	Firefighters Local 471 Inc	Firefighterslocal471.Com	68 Phillips Avenue, Southampton, NY	Phillips Ave, Speonk, New York
S1-693805389	S2-782220276	India	India	Paxton Foundation	Paxton Foundation Ltd	Palladium Sn-468, C Mangaldas Road, Pune City, Pune, Maharashtra	PALLADIUM SN-468, C MANGALDAS ROAD, PUNE CITY, null, Maharashtra
S1-217108410	S3-222838396	US	US	Melodee Staller Israel, Corp	Melodee Staller  Israel,	3873 Pheasant Drive, Concord, NC	3873 Pheasant Drive, Concord, North Carolina
S1-618693194	S3-197627275	India	India	Terra India (India) Limited	Terra (India) Limited Service	609 Narang Housek G Marg, New Delhi, Central Delhi, Delhi	D/609 Narang Housek G Marg, Central Delhi, New Delhi, दिल्ली
S1-918947630	S3-404932662	India	India	Hari Business Pvt Ltd	হরি বিজনেস প্রাইভেট লিমিটেড	71A Netaji Subhash Road Gooptu Mansion, 3Rd Floor, Kolkata, Howrah, West Bengal	Netaji Subhash Road Gooptu Mansion, 3Rd Floor, Calcutta, WB
S1-244541357	S2-117191312	US	US	Unified Wellness Products	Unified Wellness Products Co	VA, Essex County, 290 Bull Neck Road	290 BULL NECK RD, PO BOX 6068, ESSEX COUNTY, VA
S1-679692230	S3-873993578	India	India	Aditya & Sons Private Limited	Aditya Sons Private Limited Partners	Vill / Post Malikpur Nonra Kadipur, Sultanpur, Uttar Pradesh	UP, Sultanpur, Vill / Post Malikpur Nonra Kadipur
S1-507134147	S2-55167271	US	US	Timber LLC	Timber L.L.C.	350 Withrow Road, Mcdonald, TN	MCDONALD, TN, 350 Withrow Road
S1-523476078	S2-932769618	US	US	Premier All Industrial LLC	Premier All Industrial	19 Markham Road, East Hampton, CT	
S1-457341840	S2-509265380	US	US	Chiropractic Specialists of Grafton Corp	-- CHIROPRACTIC SPECIALISTS OF	120 Old Road, Grafton, NY	OLD RD, GRAFTON, NY
S1-184314788	S2-111524731	India	India	Mumbai Online Pvt Ltd	Mumbai Pvt Ltd Services	Shop No. 6, 19, Mangal Kunj Co-Operative Hsg Society, Opp Nityanand Vidyalaya, Mumbai, Maharashtra	SHOP NO. 6, 19, MANGAL KUNJ CO-OPERATIVE HSG SOCIETY, OPP NITYANAND VIDYALAYA, MUMBAI, महाराष्ट्र
S1-731107710	S2-270185993	US	US	Jordan Electronics LLC	Iriflux	13 Sheraton Drive, Poughkeepsie, NY	13 SHERATON DR, POUGHKEEPSIE CITY, NY
S1-793868970	S2-455454575	US	US	Ridge Lightwave LLC	Ridge  Lightwave LLC	1030 Washington Avenue, Birmingham, AL	1030 Washington Avenue, BIRMINHGAM, AL
S1-539227523	S3-387210754	India	India	World Institute Private Limited	World Institute Priotve Limited	South Ex Part-Ii, New Delhi, Delhi, L-1/7	
S1-442840552	S3-513226960	India	India	Shyam Consultancy Private Limited	ਸ਼ਿਆਮ ਕੰਸਲਟੈਂਸੀ ਪ੍ਰਾਈਵੇਟ ਲਿਮਟਿਡ	87, Shakti Nagar, Model Gram, Ludhiana, Punjab	87, Shakti Nagar, Model Gram, Ludhiana, ਪੰਜਾਬ
S1-740741250	S2-691287817	US	US	First Diagnostic Industries	First Diagnositc Industries	6921 Barefoot Forest Drive, Charlotte, NC	CHARLOTTE, NC, 6921 BAREFOOT FOREST DRIVE
S1-200065044	S3-399364224	US	US	Moreno Office Partners	Moreno Partners Ofcsffbe	20 Linden Street, Lynn, MA	20 Linden Saint, Lynn, Massachusetts
S1-166653598	S3-314811797	US	US	Martinez Capital Treasury Corp	Martinez Capital Treasury	5524 Glen View Drive, Virginia Beach City, VA	5524 Glen View Drive, Virginia Beach City, Virginia
S1-884763649	S2-46127797	US	US	Primary Care Center LLC	Primary Care	12319 Barbizon Drive, Houston, TX	TX, HOUSTON CCDP, BARBIZON DRIVE
S1-9965559	S3-183349350	India	India	Innovative Impex Pvt Ltd	Innovative Ioalex Pvt Ltd	F-028, Site 4 Kasna Ind Area, Greater Noida, Gautam Buddha Nagar, Uttar Pradesh	F-028, Gautam Buddha Nagar, उत्तर प्रदेश
S1-391343981	S3-920214137	US	US	Interfaith Trust LLC	Interfaith Trust	1040 Halliahurst Avenue, Vinton Town, VA	1040 Halliahurst Avenue, Vinton, Virginia
S1-25971447	S2-257669978	India	India	Lakshmi Investment Private Limited	लक्ष्मी इन्वेस्टमेंट प्राइवेट लिमिटेड	Balkum, Thane, 702 Marigold Bldg Runwal Garden City, Maharashtra, Thane	702 MARIGOLD BLDG RUNWAL GARDEN CITY, BALKUM, THANE, MUMBAI, महाराष्ट्र
S1-604003624	S3-299612692	India	India	New Healthcare Private Limited	New Healthcare	L-2/37-B, D.D.A. Flats Kalkaji, New Delhi, Delhi	L-2/37-b, New Delhi, D.d.a. Flats Kalkaji, दिल्ली
S1-128219958	S2-153977083	US	US	Valley Line Inc.	Valley Line  Inc.	39 Crested Iris Court, Montgomery Village, MD	39 CRESTED IRIS CT, MONTGOMERY VILLAGE, MD
S1-988890151	S3-441639303	India	India	Great Swastik Properties Private Limited	ग्रेट स्वस्तिक प्रॉपर्टीज प्राइवेट लिमिटेड	B/113, Bhairav Darshan Building Cabin Cross Road, Pooja Nagar, Bhayander East, Thane, Maharashtra	B/113, Bhairav Darshan Building Cabin Cross Road, Pooja Nagar, Bhayander East, महाराष्ट्र
S1-517555379	S3-771171878	US	US	Heartland Aerospace LP	Heartland  Aecmospge LP	6204 Braes Meadow, Raleigh, NC	6204 Braes Meadow, Raleigh, North Carolina
S1-582618592	S2-463553903	India	India	Galaxy Healthcare Private Limited	गैलेक्सी हेल्थकेयर प्राइवेट लिमिटेड	Co Mohd Mukeem 166 Vill, Bhoolni-Saharanpur Uw, Muzaffrabad, Saharanpur, Uttar Pradesh	CO MOHD MUKEEM 166  VILL, MUZAFFRABAD, SAHARANPUR, Uttar Pradesh
S1-439178349	S2-955326232	US	US	Ambur Bernard Aluminum	Ambur Bernard (Aluminum)	1818 Bedford Street, Petersburg City, VA	1818 BEDFORD STREET, PETERSBURG, VA
S1-404491070	S2-567051571	US	US	Ollie Bishop Grand Daedalus Inc.	Ollie Bishop Grand	937 550, Spanish Fork, UT	
S1-559194752	S3-335394612	India	India	Albert Clean (India) Limited	Albert Clean (lndia) Limited	Plot -3, Office No.-Z1-2091, 2Nd Floor, Akshar Business Park, Sector 25, Vashi, Navi Mumbai, Thane, Maharashtra	Plot -3, Thane, MH
S1-934323011	S3-781044285	India	India	Black Logistics Private Limited	ब्लैक लॉजिस्टिक्स प्राइवेट लिमिटेड	C-1501, Rna Royal Park Chs Ltd, Sub Plot M.G.Road, Hindustan Naka, Kandivali West, Kandivali West, Mumbai, Maharashtra	Mumbai, C-##1501, MH, Kandivali West
S1-919166417	S3-201023850	India	India	Bombay Foundation Private Limited	M/s @bombayfoundation	Kanyakumari, Tamil Nadu, 46/1 - 85A, Thalavaipuram, Agastheeswaram	#46/1. - 85A, Kanyakumari, Agastheeswaram, TN
S1-967666743	S3-79605525	India	India	Aarushi Public School Limited	Aarushi  Public School Ltd - 2882772747	Villa No. 91, Neighborhood, K.V. Rangareddy, Tirumalagiri, Hyderabad, Telangana	Villa No. 91, Rangareddi, Tirumalagiri, TG
S1-16188296	S3-272962167	India	India	Mark Trading Private Limited	Mark Private Limited Center	Plot No. 216 & 217, Padmanagar Colony, Phase Ii Hmt Township Post, Hyderabad, Telangana	#216 & 217, Padmanagar Colony, Phase Ii Hmt Township Post, Hyderabad, TG
S1-214931028	S2-754642937	US	US	Hooper Axiom of East Norriton Township	Hooper Axiom  of East Norriton Township Inc	2517 Springview Road, East Norriton Township, PA	2517 SPRINGVIEW ROAD, NORRISTOWN, PA
S1-432846571	S3-918318312	US	US	Congregation Catholic Church Clinic	Congregation Catholic Church	610 Madera Street, Unit APT 103, Eastland, TX	610 Madera Street, # APT 103, Estland, Texas
S1-165855074	S3-702793959	India	India	Bimal (India) Mercantile Private Limited	Bimal (India) Mercantile Private	49, Chennai, Ganga Nagarkodambakkam Chennai-24., Chennai-24., Tamil Nadu	Chennai, Ganga Nagarkodambakkam Chennai-24., 49, Chennai-24., தமிழ்நாடு
S1-143534190	S3-792879622	US	US	Coan Jpmorgan	Coan Jpmotegn	715 Shadowwood Loop, Keizer, OR	715 Shadowwood Loop, Keizer, Oregon
S1-190140277	S2-896117543	US	US	Desert Learning Center	Desert Learning Center	1071 Saguaro Drive, Globe, AZ	1071 SAGUARO DR, GLOBE, AZ
S1-171048251	S2-287673657	US	US	Memorial Alliance LLC	MEMORIAL ALLIANCE LLC	224 Main Street, Felicity, OH	MAIN SAINT, FELICITY, OH
S1-86456450	S3-289738106	India	India	Mangla House Private Limited	Mr Mangla Limited Private House	16 Mahdir Rd, Kolkata, Calcutta, West Bengal	No D/16 Madhir Rd, Kolkata, Calcutta, WB
S1-689512690	S3-692762133	US	US	Miverus LLC	Mlirseus LLC	3021 River Hill Lane, Burlington, NC	Burlington, North Carolina, 5021 River Hill Ln
S1-554404402	S2-665854708	US	US	Renteria, Nabor and Weddle Partners	renterianaborweddle.com	Black Mountain, NC, 11 Eden Glen Road	EDEN GLEN ROAD, BLACK MOUNTAIN, NC
S1-382108145	S3-357094982	US	US	Metro Cardiology	Metro Cardiology [LLC]	101 Annandale Road, Billings, MT	101 Annandale Rd, Billings, Montana
S1-454167330	S3-501938450	India	India	Presidium Tech	Mr presidiumtech.com	Arshad Khan, Ali Nagar, Gardanibagh, Phulwari, Patna, Bihar	Arshad Khan, Ali Nagar, Gardanibagh, Patna, Phulwari, बिहार
S1-892314765	S3-531479010	US	US	Cornerstone Semiconductor Brands Inc.	Cornerstone  Semiconductor Brands Inc.	1370 Hansen Avenue, Merced, CA	1370 Hansen Avenue, Merced, California
S1-299285821	S3-573733422	India	India	Hari Krishna Technology Pvt Ltd	Hari	Bl-T2, 15-Fr, Fl-15B, Diamond City South, 58, Mahatma Gandhi Road, Kolkata, Kolkata, Howrah, West Bengal	Bl-T2, 15-Fr, Fl-15B, Diamond City South, 58, Mahatma Gandhi Road, Kolkata, Kolkata, Howrah, West Bengal
S1-998915567	S2-412383249	India	India	Krishna Marketing Pvt Ltd	PVT KRISHNA MARKETING [LTD]	Ahmedabad, Gujarat, 306, Ahmedabad, Avni Icon, Haridarshan Cross Road Opp. Shalby Hospital, Naroda	06, AVNI ICON, HARIDARSHAN CROSS ROAD OPP. SHALBY HOSPITAL, NARODA, AHMEDABAD, Gujarat
S1-957550546	S3-347324481	India	India	Ma Vidyalaya Co	mávidyalaya.com	67/2, Kundrathur Road, Porur, Madras-116 Tamilnadu, Tamil Nadu, Tamilnadu	0067/2, Tamilnadu, Madras-116 Tamilnadu, TN
S1-361959916	S3-489470666	US	US	Desert Ventures Inc	Desertventures.Com	Seneca, SC, 199 Double O Farm Road	00199 Double O Farm Rd, Seneca, South Carolina
S1-827729654	S2-681331133	India	India	Agile (India) Auto Private Limited	Agile (India) Auto Prvoadte Limited	Door No 13/420/2Bt2, 2Nd Floor, Alfa Horizon, Ernakulam, Kerala	#C-13/420/2BT2 , 2ND FLOOR, ALFA HORIZON, ERNAKULAM, Kerala
S1-448285082	S3-261381146	India	India	Gs Farmer Pvt Ltd	Gs Farmer Pvt Limited	32, Gf, Block-B, Lilamani Tower, Cen Old Vicoria Mill Compound, Litho Dudheshwar Road, Ahmadabad City, Ahmedabad, Gujarat	32, Gf, Block-b, Lilamani Tower, Cen Old Vicoria Mill Compound, Litho Dudheshwar Road, Ahmadabad City, Ahmedabad, GJ
S1-385953460	S3-292887296	India	India	Sikaria Innovations (India) LLP	sikariainnovationsindia.com	555/3/1, Plot No A-18, D R Bhosale Nagar Front Of Ganpati Mandir, Kolhapur, Maharashtra	555/3/1/3, Plot No A-18, D R Bhosale Nagar Front Of Ganpati Mandir, Kolhapur, महाराष्ट्र
S1-241517633	S3-548712941	India	India	Bombay Best Enterprises Pvt Ltd	Bombay-Best Enterprises Pvt Ltd	Office No. 12, Regency Building, 1St Floor, Next Nandi Cinema, National Liabrary Road, Bandra-W, Mumbai, Mumbai City, Maharashtra	Office No. 012, Mumbai City, Mumbai, MH
S1-240360929	S3-4159568	US	US	Crystal Heartland Arrow	Crystal Heartland	2052 Hedgelawn Drive, Lebanon, TN	1745 Hedgelawn Drive, Lebanon, Tennessee
S1-927214176	S2-712890951	India	India	Jay Bright Care Private Limited	Jay Bríght Care Private Limited	27, Dhaniyapara Road, 6 Titagarh, Kolkata, Parganas North, West Bengal	027, DHANIYAPARA ROAD, 6 TITAGARH, KOLKATA, West Bengal
S1-68560706	S3-152578201	India	India	Eastern Hospitality Private Limited	M/s easternhospitality.com	Merlin Infinity, Plt-51 Bl-Dn, Unit No.912, 9Th Flr, Sec-V, Saltlake, North 24 Parganas, West Bengal	Merlin Infinity, Saltlake, North 24 Parganas, WB
S1-794377003	S3-385557615	India	India	King Institute of Technology	King Institute 0f Technology Corp	H No. 53-16-71, Sivalayam Road Maddilapalem, Visakhapatnam, Vishakhapatnam, Andhra Pradesh	AP, Narsipatnam Ap, Visakhapatnam, #53-16-71
S1-661081348	S2-509719095	India	India	Hitech Media Private Limited	హైటెక్ మీడియా ప్రైవేట్ లిమిటెడ్	Plot No : 12-1-331/A/10/A, Dattatreya Colony, Near Park, Asifnagar, Humayunnagar, Hyderabad, Telangana	DOOR NO 93 PLOT NO : 12-1-331/A/10/A, DATTATREYA COLONY, NEAR PARK, ASIFNAGAR, HUMAYUNNAGAR, HYDERABAD, తెలంగాణ
S1-722469259	S3-63103436	US	US	Young International	younginternational.com	5726 Florian Circle, Mesa, AZ	5726 Florian Circle, Mesa, Arizona
S1-12393127	S3-428049005	US	US	Katharyn Ebinger Municipal, LLC	Katharyn Ebinger-Municipal, LLC	UT, 4395 Imperial Way, Provo	004395 Imperial Way, Provo, Utah
S1-637871048	S2-895895987	US	US	Quantance Exploration LP	QUANTANCE LP EXPLORATION	25 Morton Street, Unit 210, Quincy, MA	MORTON ST, QUINCY, MA
S1-248528241	S3-904969129	US	US	Happy Bakery LLC	Happybakery.C0m	211 Maple Hill Circle, Ripley, TN	211 Maple Hill Cir, Ripley, Tennessee
S1-376003817	S2-117773966	India	India	Indo Hospitality LLP	Indo हॉस्पिटैलिटी LLP	Flt:1505, Thane (W), Thane, Flr:15, Wing:B11, Woodbine-B-11 Dhokali Everest World, Everest World, Kolshet Rd, Maharashtra	FLT:1505, FLR:15, WING:B11, WOODBINE-B-11 DHOKALI EVEREST WORLD, EVEREST WORLD, KOLSHET RD, THANE (W), Maharashtra
S1-151337180	S2-653571107	India	India	Ranawat Investment Corporation	SYNZETA	Ground Floor, Plot No.77, Mahendra Hills East Maredpally, Secunderabad, Hyderabad, Telangana	HN 642 GROGND FLOOR, PLOT NO.77, MAHENDRA HILLS EAST MAREDPALLY, SECUNDERABAD, HYDERABAD, తెలంగాణ
S1-47286829	S3-999591471	US	US	Thompson Charles LLC	Thompson Charles L.L.C.	701 Dallas Street, Fresno, TX	703 Dallas Street, Texas, Freno
S1-899885600	S3-391302851	India	India	Big Estate Private Limited	बिग एस्टेट प्राइवेट लिमिटेड	Delhi, Village Barwala, North West Delhi, H.No. 340, Delhi	H.no. 340, Delhi, North West Delhi, DL
S1-420189109	S3-118386386	US	US	Bebrisoft PC	Veoxylo	1170 Fayerdale Drive, Patrick County, VA	1170 Fayerdare Dr, Patrick County, Virginia
S1-219049716	S2-546770171	US	US	Tri-State Ministries	Tri-State Ministries Inc	8700 Angel Drive, Newburgh, IN	ANGEL DR, NEWBURGH, IN
S1-402036793	S2-374431362	US	US	1 800 Flowers LLC	... 1  800 FLOWERS	201 Jordan Ridge Way, Jamestown, NC	##201 JORDAN RIDGE WAY, JAMESTOWN, NC
S1-792412868	S3-863207162	US	US	Felicity Rosales Builders Inc	The Felicity Rosales Builders Inc	25300 22nd Lane, Unit 2102, Phoenix, AZ	25300-C 22rd Ln, Unit 2102, Phoenix, Arizona
S1-971198207	S3-409072832	India	India	Sidhivinayak Milling Private Limited	Novidova formerly Sidhivinayak Milling Private Limited	Sita Debi & Kanta Debi Saraf, 5Th Floor Premises No.14, Nityadhan Mukherjee Road, Howrah, West Bengal	Sita Debi & Kanta Debi Saraf, 5Th Floor Premises No.14, Nityadhan Mukherjee Road, Howrah, West Bengal
S1-716160871	S2-163172368	US	US	Ace Intelligence Enterprises LP	Ace lntelligence Enterprises	601 Napa Valley Drive, Unit Apt 438, Little Rock, AR	LITTLE ROCK, AR, 601 NAPA VALLEY DR
S1-72737248	S2-28543531	India	India	Ktl Pharmaceuticals Private Limited	Ktl Pharmaceuticals Private-Ltd	103W /48 Silver Oaks Apts. Dlf City Phase-1, Gurgaon, Haryana	
S1-476368794	S2-216145189	US	US	Community Initiative LLC	Community Initiative	121 Coralberry Circle, Sanford, NC	CORALBERRY CIRCLE, SANFORD, NC
S1-258204114	S3-942707412	US	US	Dermatology Modern Associates LLC	Dermatology Modern Associates	Mount Sterling, 121 Sunny Lane, KY	
S1-89421761	S2-477140059	India	India	Fortune Management Limited	ਫਾਰਚੂਨ ਮੈਨੇਜਮੈਂਟ ਲਿਮਟਿਡ	Dav School Road Market, Railon Road, Near Granthi Bagh, Punjab, Rupnagar, Shop No.5, Rupnagar	SHOP NO.5, DAV SCHOOL ROAD MARKET, RAILON ROAD, NEAR GRANTHI BAGH, RUPNAGAR, Punjab
S1-937446257	S2-179962022	India	India	Avish Creations Private Limited	avishcreations.com	H No C-117 G/F Panchsheel Vihar Khirki, Delhi, South Delhi, Delhi	H NO C-117 G/F PANCHSHEEL VIHAR KHIRKI, DELHI, Delhi
S1-112001722	S2-674496166	India	India	Real Business	रियल बिजनेस	Flat No 410 Wing-A Apale, Ghar Township Tandulwadi, Baramati, Pune, Maharashtra	WING-A APALE, GHAR TOWNSHIP TANDULWADI, BARAMATI, महाराष्ट्र
S1-446830183	S3-757769265	US	US	Grace Synagogue	GRACE SYNAGOGUE	TX, 554 Francis Street, City Of El Paso	554 Farncis St, City Of El Paso, Texas
S1-654825776	S3-715091478	India	India	Highview Vidyalaya	Smt HighviewvidyalayaCom	Sco-2, 3Rd Floor Puda Complex, Ladowali Road, Jalandhar, Punjab	Jalandhar, Sco-2, Jalandhar, PB
S1-59393300	S2-723115845	US	US	Harbor Trust LLC	Harbor Tlrmt LLC - 1200298160	18 East Avenue, Norwalk, CT	18 EAST AVENUE, NORWALK, CT
S1-320508910	S3-898882372	India	India	Analytics & Sons Limited	analyticssons.com	Shop No.F9, 244, Kings, Shopping, Zone 1 Mp Nagar, Huzur, Bhopal, Madhya Pradesh	MP, Huzur, Bhopal, Plot 17 Shop No.f9
S1-992480237	S2-235113568	India	India	Jai Logistics Private Limited	jailogistics.com	Unit No. 908, On 9Th Floor, Itl Tower, Built No. Plot Bearing B-09, Wazirpur District Centre, Delhi, North West Delhi, Delhi	UNIT NO. 908, ON 9TH FLOOR, ITL TOWER, BUILT NO. PLOT BEARING B-09, WAZIRPUR DISTRICT CENTFE, DELHI, Delhi
S1-194443753	S2-995007190	India	India	Lakshman Investment Corp	Smt lakshmaninvestment.com	# 402, Sector 127 Shivalik Enclave, Kharar, Mohali, Punjab	ਪੰਜਾਬ, D/402 , SECTOR 127 SHIVALIK ENCLAVE, KHARAR, <NULL>
S1-311790228	S3-437741194	US	US	Jaquelin Obrien Dave	Obrien, Jaquelin DAVE	3 Kafern Drive, Unit APARTMENT 2C, Gwynn Oak, MD	3 Kafern Drive, NULL, Gwynn OAK CITY, Maryland
S1-615815992	S3-586958467	India	India	Chittoor Chem Private Limited	Chittoor Chem Private [Limited]	H. No. 7-1656, Nagiripalle Cross Roads, Kalkiri Village And Mandal, Chittoor, Andhra Pradesh	7-1656, Chittoor, AP
S1-418986174	S3-354657507	India	India	Om Systems Ltd	Om Sdsboes Ltd	37 Rukhamini Nagar Bhandara Maharashtra, Bhandra, Bhandara, Maharashtra	37 Rukhamini Nagar Bhandara Maharashtra, Bhandra, Bhandara, MH
S1-811501283	S3-722035209	India	India	Real Software Private Limited	रियल सॉफ्टवेयर प्राइवेट लिमिटेड	A-251, Sector 46, Noida, Gautam Buddha Nagar, Uttar Pradesh	A-251, Noida, Gautam Buddha Nagar, उत्तर प्रदेश
S1-440632252	S3-911007742	India	India	Future Care Private Limited	Future Care Pggvoote Limited	Suit No-9, 15Th Floor, 33A, Jawahar Lal Nehru Road Chatterjee Internationla Centre, Kolkata, Howrah, West Bengal	
S1-488339254	S3-645491376	US	US	Neuhaus Dynamic Drilling, LLC	Neuhaus Dynamic  Drilling,	38208 Crouch Private Lane, Howe, OK	38208 Crouch Private Lane, HOWE CITY, Oklahoma
S1-163863295	S2-29956562	US	US	Cherianne Ortega, D.O., P.C.	Cherianne Ortega, DO, PC	7914 Gleason Drive, Unit 1037, Knoxville, TN	GLEASON DR, null, KNOXVILLE, TN
S1-427834126	S3-291719747	US	US	Orban Global	Orban Services	600 Brewer Street, Mckinney, TX	600 Brewer St, Mckinney, Texas
S1-322870856	S3-358362221	US	US	Peters Keystone Inc.	INC. Peters Keystone	1118 Lawton Place, Atlanta, GA	1118 Lawton Pl, Atlanta, Georgia
S1-150652106	S3-979389131	India	India	Marg (India) Farmer Private Limited	Marg (India) Farmer Private (Limited)	Ring Road, Gujarat, Shop No. 6006, World Trade Centre, Surat	No 6006, World Trade Centre, Surat, GJ
S1-237146681	S3-335434325	US	US	Miller, Marshall & Lyon Trinity	miller, marshall & lyon trinity	1100 Penncross Drive, Greenville, NC	Penncross Dr, Greeenville Township, North Carolina
S1-301625133	S2-434529584	India	India	Pagaria Mega Pvt. Ltd.	Pagaria Mega Pvt. (Ltd.)	D.No. 42-06-04 Pool Office, Commercial Road, Kakinada, East Godavari, Andhra Pradesh	DOOR NO 2-06-04 POOL OFFICE, COMMERCIAL ROAD, KAKINADA, Andhra Pradesh
S1-256821416	S3-931293096	US	US	Pediatric Group of City Of Sun Prairie L.L.C.	Pediatric Group of City Of Sun  Prairie L.L.C. - 6776928853	WI, 1708 Oconto Drive, City Of Sun Prairie	1708 Oconto Dr, City Of Sun Prairie, Wisconsin
S1-645924999	S3-296503318	India	India	Real Agro Private Limited	ରିଅଲ୍ ଆଗ୍ରୋ ପ୍ରାଇଭେଟ୍ ଲିମିଟେଡ୍	C/O-Rakesh Panda, Plot No-, 1213/9338, 1214/9339, Bhubaneswar, Khordha, Orissa	No 6-355 C/l-rakesh Panda, Plot No-, 1213/9338, 1214/9339, Khordha, Bhubaneswar, OD
S1-828223940	S3-696354658	India	India	Prime Business Private Limited	प्राइम Business प्राइवेट लिमिटेड	Fh-102, Sch No. 54 Vijay Nagar, Indore, Madhya Pradesh	Fh-102, Sch No. 54 Vijay Nagar, Indore, MP
S1-832509612	S3-345365994	India	India	Delhi Networks Private Limited	De1hi Networks Private	Delhi, 26, Triveni Apttswest Enclave Pitampura 6 Outer Ring Road, Delhi, North Delhi	Block D-368 26, Triveni Apttswest Enclave Pitampura 6 Outer Ring Road, Delhi, DL
S1-630242846	S2-5069595	US	US	Chaves Charlton Inc	Chaves Charlton	1873 Mosey Purcell Road, Red Boiling Springs, TN	1873 MOSEY PURCELL ROAD, RED BOILING SPRINGS, TN
S1-583598807	S3-182614054	India	India	ITO Textile Pvt Ltd	IT	Office No. 108, Bilkha Plaza, Kasturba Road, Rajkot, Gujarat	Office No. 108, Bilkha Plaza, Kasturba Road, Rajkot, Gujarat
S1-443200270	S3-711552910	US	US	Rocky Medical Center Inc.	Rocky Medical Cénter	4509 Zenith Lane, Phoenix, AZ	4509 Zenith Lane, Phoenix, Arizona
S1-400796968	S3-927693740	US	US	Currie Pantages LLC	Kelodelta dba Currie Pantages LLC	7315 Stevenage Lane, Kirkland, AZ	7315 Stevenage Lane, Kirkland, AZ
S1-863289209	S3-390643510	US	US	A Clean Ultra LLC	A Cléan	68 Thompson Road, Berlin, CT	68 Thompson Rd, Berlin, Connecticut
S1-55335754	S2-456783081	US	US	Family Association	Family Association	69475 Deer Ridge Road, Sisters, OR	69475 DEER RIDGE ROAD, SISTERS, OR
S1-577104439	S3-371081111	US	US	Clear Allied Farmers, LLC	Clear Allied-Fma,Rs LLC	5698 Westbriar Drive, Hilliard, OH	Westbriar Dr, Hilliard, Ohio
S1-854442122	S3-400660962	India	India	Rab Systems Clinic	Rab 5ystems Clinic	H No: 8-1112, Bhajarang Nagar Colony, Tirumalagiri, Hyderabad, Telangana	
S1-805587294	S2-532796331	India	India	Surya Exports Private Limited	सूर्य एक्सपोर्ट्स प्राइवेट लिमिटेड	242B, Ground Floor Shopprix Mall, Sector-61, Noida, Gautam Buddha Nagar, Uttar Pradesh	#29 242B, GROUND FLOOR SHOPPRIX MALL, SECTOR-61, GAUTAM BUDDHA NAGAR, NOIDA, उत्तर प्रदेश
S1-217296031	S3-547380906	India	India	Pratap Medical Centre	Pratap Medical Céntre	No. 03, Grace City Palasamudram, Gorantla (Mandal), Anantapur, Andhra Pradesh	H.no 03, Grace City Palasamudram, Gorantla (Mandal), Anantapur, AP
S1-86254237	S3-265514634	US	US	Vantos Praetorian	Vantos Center	MN, Jackson, 113 Northridge Drive	113 Northridge Drive, Jackson, Minnesota
S1-951277767	S3-451153948	India	India	Amravati Solutions Private Limited	Amravati Solutions Limited Center	Maharashtra, Near Amravati Panchayat Samiti, In Front Of District Collector Office(Dc, Vl), Camp, 'Mauli', Amravati	'Mauli', Near Amravati Panchayat Samiti, In Front Of District Collector Office(dc, Vl), Camp, MH, Amravathi
S1-476199457	S3-319085181	India	India	Shyam Technology Private Limited	PRIVATE SHYAM TECHNOLOGY LIMITED	Maharashtra, 1303, Chambers, C.T.S. No. 310, Sir Mathuradas Vasanji Road, Next To Weh Metro Station, Andheri East, Mumbai, Mumbai	Plot 37 1303, Bombay, Mumbai, MH
S1-705247749	S2-434467510	US	US	Cardiology Center Partners	Cardio1ogy Center Partners LLC	Rochester, NY, 105 Mettacahonts Road, Unit Campsite 123A	105 METTACAHONTS RD, ACCORD, NY
S1-945061677	S3-699151503	India	India	Super Producer Private Limited	Super Private Limited Services	No 2 Sriram Nagar South Street Alwarpet, Chennai, Tamil Nadu	Chennai, Madras, Door No 2 Sriram Nagar South Street Alwarpet, TN
S1-941307500	S2-352487424	India	India	Ali Inde Pvt. Ltd.	ALI PVT. INDE LTD.	Chennai, Tamil Nadu, First Floor, Lig Ii Tnhb Colony, Ayyapakkam, Plot No. 1366, Chennai	PLOT NO. B3/1366 , FIRST FLOOR, LIG II TNHB COLONY, AYYAPAKKAM, CHENNAI, Tamil Nadu
S1-969981380	S3-253266735	US	US	Oliva & Berry LLC	Oliva Berry  LLC Center	1417 Bruce Gap Road, Caryville, TN	1417 Bruce Gap Rd, Caryviille CITY, Tennessee
S1-253623749	S2-363332685	India	India	Southern Engineering Private Limited	சதர்ன் இன்ஜினியரிங் பிரைவேட் லிமிடெட்	N16 & 17 Sidco Industrial Estate, Phase-Iii, Hosur, Dharmapuri, Tamil Nadu	Tamil Nadu, HN 780 N16 & 17 SIDCO INDUSTRIAL ESTATE, HOSUR, DHARMAPURI
S1-621496519	S3-449165594	India	India	Sea Hospitality Public Limited	Mr Sea Hospitality Limited Center	Walva, 4/A/ 1B/23-1A/1/1A/1A/1A, Maharashtra, 1A/1A/2 In Front Of Kbp C, Sangli	
S1-87736670	S3-661659366	India	India	Care Consultancy Ltd	careconsultancy.com	537/5, 2Nd Floor, Doodh Wali Gali, Mehrauli, New Delhi, New Delhi, South West Delhi, Delhi	537/5, New Delhi, South West Delhi, DL
S1-282000307	S2-889795609	India	India	Shree Projects Private Limited	Shree Projects Private [Limited]	Plot No.315, Sahid Nagar, Bhubaneswar, Khordha, Orissa	
S1-264457057	S2-883077978	India	India	Chestnut Studio	CHESTNUT STUDIO  LIMITED	C/O Jagdish, Vpo. Umri, Thanesar, Kurukshetra, Haryana	C/O JAGDISH, VPO. UMRI, THANESAR, हरियाणा
S1-230561598	S2-107273451	India	India	Rtr Textiles (India)	RTR TEXTILES CENTER	Bp2, Vajram Essenza, S. No, 63 Thanisandara Main Road, Bangalore North, Bangalore, Karnataka	Karnataka, NO 0329 BP2, VAJRAM ESSENZA, S. NO, 63 THANISANDARA MAIN ROAD, BANGALORE NORTH
S1-383458725	S2-629012995	US	US	Cao Inc	Cao Inc	394 Skyuka Road, Statesville, NC	394 SKYUKA ROAD, STATESVILLE, NC
S1-299412336	S3-514693065	India	India	Raya & Sons Private Limited	Raya & Sons Private Limited	8A Iyer Hospital Road, Ramaswamy Hospital Road Singanallur, Coimbatore, Tamil Nadu	8A Iyer Hospital Road, Ramaswamy Hospital Road Singanallur, Coimbatore, TN
S1-543673574	S3-801380988	US	US	Williams Runway	Williams Runway Co	13000 Springsteen Lane, Unit Lot 513, Foley, AL	13000 Speingsteen Ln, # Lot 513, Foley, Alabama
S1-986300582	S2-757015018	India	India	Life Solutions Pvt Ltd	लाइफ सॉल्यूशंस प्रा. लि.	C/O Shri Rajendra Lalaso Patil Tal-Walwa, Dist- Sangli, Walwa, Walwa, Sangli, Maharashtra	C/O SHRI RAJENDRA LALASO PATIL TAL-WALWA, DIST- SANGLI, WALWA, Maharashtra, WALWA
S1-953086686	S3-812774266	US	US	Ivenari Cyber LLC	Ivenari Cybér LLC	46 Christie Hill Road, Darien, CT	46 Christie Hill Road, Darien, Connecticut
S1-810391068	S2-18299903	US	US	Cesoft LLC	Cesoft LLC Sérvices	1331 Ashe Meadow Drive, Indian Trail, NC	1331 ASHE MEADOW DR, INDIAN TRAIL, NC
S1-877836019	S2-107691018	US	US	Colonial Eye Care Inc.	Colonial Care Inc. Center	4278 35th Street, Arlington County, VA	VA, ARLINGTON COUNTY, 4278 35ND STREET
S1-566946784	S3-833539501	US	US	AZF Australia LLC	AZF Australia L.L.C.	8347 Indiana Avenue, Chicago, IL	008347 Indiana Avenue, Chicago, Illinois
S1-762364772	S3-996471729	India	India	Ppn Life Private Limited	Ppn-Life Private Limited	Mangalbaug Nr.Parimal Garden, Ellisbridge, Ahmedabad, Gujarat	Mangalbaug Nr.parmial Garden, Ellisbridge, Ahmedabad, GJ
S1-680210509	S3-973861578	US	US	Heartland Committee LLC	Heartland Committee	OH, Massillon, 2423 Southway Street	2423- Southway Street, Massillon, Ohio
S1-847264894	S2-342679355	US	US	Select Anchor Diversified Inc	Select Anchor Diversified (Inc)	909 Judd Street, Fort Worth, TX	TX, 909 JUDD ST, FT. WROTH
S1-765417351	S2-622663685	India	India	Gupteshwar Automation Partners	Gupteshwar Automation Partners (Co) | www.gupteshwar.com	C 102 Ff Geetanjali, Makarpura Road, Vadodara, Gujarat	Gujarat, C 102 FF GEETANJALI, MAKARPURA ROAD, VADODARA
S1-659347503	S3-613953241	India	India	Infra Consultants Pvt Ltd	Infra Consultants Pvt (Ltd)	209, Jaipur Tower, M.I. Road, Jaipur, Rajasthan	209., Jaipur Tower, Jaipur, M.i. Road, RJ
S1-601603815	S3-629990761	US	US	Cuevas & Pompey Pharma LLC	Cuevas & Pompey Pharma (L.L.C.)	651 Stryker Homes Apartments, Auburn, NY	651 Stryker Homes Apartments, Auburn, New York
S1-767902197	S2-495081453	India	India	Prominent (India) Migration Company	PROMINENT (INDIA) MIGRATION COMPANY	Ta-3107, Third Floor Of Property Main Okhla Road, Tughlakabad Extn., New Delhi, Delhi	TA-3107, THIRD FLOOR OF PROPERTY MAIN OKHLA ROAD, TUGHLAKABAD EXTN., NEW DELHI, Delhi
S1-262397658	S2-96109428	India	India	Galaxy Tech LLP	கேலக்ஸி டெக் எல்எல்பி	75East Arokiasamy Road R S Puram, Coimbatore, Tamil Nadu	COIMBATORE, Tamil Nadu, COIMBATORE, 75EAS AROKIASAMY ROAD R S PURAM
S1-305934743	S2-945635092	India	India	Shakti Power Private Limited	Shakti Power  Private Limited	Plot No. 9, Pocket 8 B, Sector- 19, Rohini, New Delhi, North Delhi, Delhi	PLOT NO. 9, POCKET 8 B, SECTOR- 19, ROHINI, NEW DELMI, Delhi
S1-394870731	S3-702546653	India	India	Alpha Agro Pvt Ltd	ਅਲਫ਼ਾ ਐਗਰੋ ਪ੍ਰਾ. ਲਿ.	Sco 522, First Floor Sector 70, Sas Nagar, Mohali, Punjab	Sco 522, First Floor Sector 70, Sas Nagar, Mohali, PB
S1-389382736	S3-163103347	US	US	A & N Churchill	Zephbrixsol DBA A & N Churchill	540 Lasalle Street, Unit 4403, Durham, NC	540 Lasalle Street, Unit 4403, Durham, NC
S1-478396314	S3-268334455	US	US	Cassey Hershey, DPM	Cassey Hershey,	108 Starbright Lane, Clayton, NC	108-D Starbright Ln, Clyton, North Carolina
S1-447850125	S3-955447788	India	India	Krishna Foods Private Limited	Rizaxylo a/k/a Krishna Foods Private Limited	Vadodara, Gujarat, B/H Ananta Savera Nr. Pratham Riviera, Atladara Bill Road, A/5 Shri Hari Duplex, Vadodara	A/5 Shri Hari Duplex, Vadodara, B/H Ananta Savera Nr. Pratham Riviera, Atladara Bill Road, Gujarat, Vadodara
S1-47249950	S3-919772647	India	India	Arihant Innovative Logistics Pvt Ltd	अरिहंत इनोवेटिव लॉजिस्टिक्स प्रा. लि.	E-13, Mahaveer Nagar-Y, Sanganer, Jaipur, Rajasthan	E-#13, Jhunjhunu, Jaipur, RJ
S1-246283316	S3-812925023	India	India	Proton Trading Care	Proton Trading	501, Floor 5Th, Plot-152, Piroj Palace, Lakhamsi Nappu Road, Dadar (East), Mumbai, Maharashtra	Hn 411 501, Mumbai, MH
S1-508612380	S2-556163574	US	US	Retha B. Turner, M.D.	TURNERRETHAB.COM	118 Randolph Street, Ashville, OH	11 RANDOLPH SAINT, ASHVILLE, OH
S1-474344445	S2-789139492	US	US	Pediatric Dentistry Crystal Physicians LLC	dentistrypediatric.com	210 Pleasant Street, Milton, MA	MA, MILTON, 210 Pleasant St
S1-5091710	S2-403744985	US	US	Coastal Prairie Information Co	coastalprairieinformation.com	233 Glenn Avenue, Unit 21, Auburn, AL	AL, 233 GLENN AVENUE, AUBURN
S1-901571193	S3-461857530	US	US	Physical Therapy Partners of Houston Corp	Physical Therapy Partners Of Houston Corp	14303 Royal Hill Drive, Houston, TX	Royal Hill Dr, Houston, Texas
S1-304521444	S2-783419167	US	US	Ibrahim Gaming LLC	The Ibrahim Ibrahim Gaming LLC	76-11 173 Street, Fresh Meadows, NY	076-11 173 STREET, FRESH MEADOWS, NY
S1-490094017	S2-768411507	US	US	Caldex International Inc	Caldex (International)	800 Touvelle Street, Unit 1~4, Celina, OH	800 TOUVELLE ST, CELINA, OH
S1-151863178	S2-979304630	US	US	Alysa Licona Insurance P.C.	Alysa Licona Ínsurance P.C.	1472 2200, Apple Valley, UT	##1472 2200, APPLE VALLEY, UT
S1-29735484	S3-353337308	India	India	Shirdi Information (India) Private Limited	Shirdi Information (India) Private	302 B Narayan Chambers 555 Narayan Peth, Pune, Maharashtra	No 302 B Narayan Chambers 555 Narayan Peth, Pune, महाराष्ट्र
S1-660317689	S3-795665864	India	India	Blue Consultants	Blue Consultants Limited	Plot No.77, Flat No.303, Sai Ridhima Residency Power Nagar Colony, Moosapet, Hyderabad, Telangana	
S1-851219771	S3-742085698	US	US	KR Epr LLC	KR Epr LLC	21768 Belmont Drive, Palo Cedro, CA	
S1-114509323	S2-947416450	India	India	North 24 Paraganas Fittings Private Limited	NORTH 24 PARAGANAS FITTIOIGS PRIVATE-LIMITED	West Bengal, 88, Motilal Colony, Milan Pally Sultanpur, Fl-A1, North 24 Paraganas, North 24 Parganas	FL-A1-, 88, MOTILAL COLONY, MILAN PALLY SULTANPUR, NORTH 24 PARAGANAS, পশ্চিমবঙ্গ
S1-981992146	S3-208688703	India	India	Sunrise Ventures	सनराइज वेंचर्स	633/130, Near Baba Hospital, Deva Road, Matiyari Chauraha, Chinhat, Lucknow, Uttar Pradesh	633/130, Near Baba Hospital, Deva Road, Matiyari Chauraha, Chinhat, Lucknow, UP
S1-228507312	S3-505234968	India	India	Nagora East Private Limited	nagora east private limited	J-26A, Kh. No 73/5, 2Nd Floor, Sharma Colony, Delhi, North West Delhi, Delhi	Hn 811 J-26a, Delhi, North West Delhi, दिल्ली
S1-680186415	S3-358908662	US	US	Arias Signature House LP	Arias-Signature House	29072 Highway 14, Pleasant Grove, AR	29072 Highway 14, Pleasant Grove, Arkansas
S1-171042410	S2-848752164	India	India	EA Tools Pvt. Ltd.	EA Pvt.  Ltd. Center	Srirama Ayodhya Nagar, Saroornagar, 8-7-93/Ne/87Ep, Telangana, K.V.Rangareddy	
S1-724325086	S3-76835270	US	US	Village Of Menomonee Falls Health Foundation	Village Of Menomonee Falls Health Foundation LLC	W150N7728 Wood View Drive, Village Of Menomonee Falls, WI	150n7728 Wood View Dr, Village Of Menomonee Falls, Wisconsin
S1-820079816	S2-538153576	India	India	South Care Private Limited	साउथ केयर प्राइवेट लिमिटेड	206.Second Floor, 8/33 W.E.A., Karol Bagh, New Delhi, Central Delhi, Delhi	CENTRAL DELHI, NEW DELHI, 206.SECOND FLOOR, 8/33 W.E.A., KAROL BAGH, Delhi
S1-861915365	S2-365381671	India	India	YG Overseas Pvt Ltd	YG Overseas Pvt Ltd	No. 3/270, Near Rameshwara Temple, Aloor (Village & Post), Kundapura, Udupi, Karnataka	H.NO 003/270 , NEAR RAMESHWARA TEMPLE, ALOOR (VILLAGE & POST), KUNDAPURA, Karnataka
S1-604719894	S2-311199523	India	India	Unique International Private Limited	यूनिक इंटरनेशनल प्राइवेट लिमिटेड	D-1645 Sudama Nagar, Indore, Madhya Pradesh	D-1645 SUDAMA NAGAR, INDORE, Madhya Pradesh
S1-800634488	S3-701768270	India	India	Gold Balaji Investment Private Limited	गोल्ड Balaji Investment Private Limited	A 323 Basement Front Portion, Defence Colony, New Delhi, South Delhi, Delhi	A 323. Basement Front Portion, Defence Colony, New Delhi, South Delhi, दिल्ली
S1-586007352	S2-605429561	US	US	Henning & Andrade LLC	Henning & Andrade LLC	737 San Simeon Drive, Edmond, OK	737 SAN SIMEON DRIVE, EDMOND, OK
S1-691602381	S3-534218685	India	India	CMG Healthcare Co	cmghealthcare.com	Plot No-5, Kh No-82/12/1 Right Side, Shop No.3, Mahavir Enclave, Palam N D, Block B, New Delhi, West Delhi, Delhi	H.no 984 Plot No-5, South West, New Delhi, DL
S1-631985729	S2-115301956	US	US	Interfaith Association Associates	INC ASSOCIATES INTERFAITH-ASSOCIATION	645 Michigan Avenue, Bradley, IL	MICHIGAN AVENUE, BRADLEY, IL
S1-108295356	S3-791743125	US	US	French's Auto Body	French's Auto-Body	2835 Timberline Drive, Eugene, OR	2835 Timberline Dr, Eugene, Oregon
S1-838807250	S2-815840242	India	India	Asr Kumar Private Limited	Asr Kumar Private-Limited	D-385, Ambica Nagar, Opp. Super High School, Odhav, Ahmedabad, Gujarat	D-385, AMBICA NAGAR, OPP. SUPER HIGH SCHOOL, ODHAV, AHMEDABAD, Gujarat
S1-408436642	S3-936984572	US	US	Big Coffee	BIG BIG Coffee	940 Cranberry Circle, Fort Mill, SC	940 Cranberry Circle, FT.M ILL, South Carolina
S1-258388166	S2-85715340	US	US	Vision Partners LLC	Vision Partners	11 Clement Road, Townsend, MA	CLEMENT ROAD, PO BOX 6588, TOWNSEND, MA
S1-199042029	S2-624994622	India	India	Lms Polytechnic Private Limited	LMS POLYTECHNIC PRIVATE LIMITED	8/2 Hastings Streetroom No 5, Kolkata, Calcutta, West Bengal	H.NO 8/2 HASTINGS STREETROOM NO 5, KOLKATA, West Bengal
S1-93766932	S2-334943387	India	India	Dream Medical Centre Company	DREAM MEDlCAL CENTRE	B-363, New Friends Colony, New Delhi, Delhi	B-363, NEW FRIENDS COLONY, दिल्ली
S1-235431027	S3-844840958	US	US	Shaw Apex Midstream	Shaw Apex Midstream Corp	10320 Carmel Drive, Central City, LA	10320 Carmel Dr, Central, Louisiana
S1-681295359	S3-457328818	US	US	Advanced Summit PC	Advanced PC Services	Fargo, ND, 738 49th Street	738 49th St, Fargo, North Dakota
S1-957670628	S2-512140439	India	India	Phoenix Polytechnic	PHOENIX POLYTECHNIC CORP	C/O Khadeeja Edakkodan, Malapuram, 10/1471, 1472 Pazhayangadi, Tirurangadi, Kerala, Malappuram	C/O KHADEEJA EDAKKODAN, 10/1471-, 1472 PAZHAYANGADI, TIRURANGADI, MALAPPURAM, കേരളം
S1-983082418	S2-221399577	India	India	DZ Mahila	DZ Mahila Co	Plot No 775 Mouza Md Box, Jalas Nizamtara Gram Panchayat, Phansidewa, Darjiling, Darjeeling, West Bengal	PLOT NO 775 MOUZA MD BOX, JALAS NIZAMTARA GRAM PANCHAYAT, PHANSIDEWA, DARJILING, null, West Bengal
S1-224109346	S2-321136502	US	US	Vanguard Infrastructure Group	Vanguard [Infrastructure]	720 Person Street, Unit 307, Raleigh, NC	NC, 720 PTRSON ST, RALEIGH
S1-440281672	S2-752379443	US	US	Ridge Legacy Glass	RIDGE GLASS LEGACY	400 Little Switzerland Road, Knoxville, TN	LITTLE SWITZERLAND RD, KNOXVILLE, TN
S1-851112652	S3-865153789	India	India	Jainsons Agrofood (India) Limited	Jainsons (India) Limited Center	677, 1St Floor, Desk #3B, 27Th Main, 13Th Cross, Hsr Layout, Sector-1, Bangalore, Karnataka	677, Bengaluru, Bangalore, KA
S1-708876329	S2-644201384	India	India	Jay Food Private Limited	JAYFOOD.COM	C/O Hiradas Vilas Sonawale, Nr. Ganesh Buldg, Bhuodhvihar, Chitalsar, Manpada, Thane, Maharashtra	C/O HIRADAS VILAS SONAWALE, NR. GANESH BULDG, BHUODHVIHAR, CHITALSAR, MANPADA, THANE, Maharashtra
S1-903976198	S2-456692392	US	US	First Fellowship	first fellowship Enterprises	10810 Hibiscus Drive, Sun City, AZ	
S1-831042249	S2-163798868	US	US	RO Analytics	RO  SERVICES	Greensboro, 7102 Poplar Grove Trail, NC	7102 POPLAR GROVE TRL, GREENSBORO, NC
S1-355864626	S2-896872484	India	India	Tirupati Force Private Limited	TIRUPATI FORCE PRIVATE	Plot No. 42-43 Udhyognagar, 10991, Vithalwadi, G.I.D.C, Bhavnagar, Gujarat	PLOT NO. 42-43/9 UDHYOGNAGAR, 10991, VITHALWADI, G.I.D.C, BHAVNAGAR, null, Gujarat
S1-605886551	S2-922988885	US	US	Crawford's Platinum Tax Inc	Crawford's Tax Inc Partners	2 Kimberly Lane, Ansonia, CT	2 KIMBERLY LANE, ANSONIA, CT
S1-478484136	S3-656236454	US	US	Surgical Continental Clinic LLC	Surgical Continental	2908 Lake Road, Unit 20, Killeen, TX	Unit 20, Texas, 2908 Lake Rd, Killeen
S1-994507936	S2-796456176	US	US	Quality Retail Works Inc	rwquality.com	782 Hartley Drive, PA, Upper Gwynedd Township	782-784 HARTLEY DR, LANSDALE, PA
S1-154857208	S3-777656639	US	US	Cardiology Delta Care Associates LLC	Cardiology Delta  Care Associates LLC	4382 Creek Road, Lewiston, NY	4382 Creek Road, New York, Lewiston
S1-424006918	S2-160928571	India	India	Marketing Sales Private Limited	privatemarketingsales.com	102, Gayatri Darshan, M.G. Road, Derasar Lane, Ghatkopar East, Mumbai., Mumbai, Maharashtra	102, MUMBAI, Maharashtra
S1-938833855	S3-377730180	India	India	Digital Consulting Private Limited	ডিজিটাল কনসাল্টিং প্রাইভেট লিমিটেড	Globsyn Technologies Ltd, Xi 11 12 Block Epsector V, Saltlake, North 24 Parganas, West Bengal	Plot 242 Globsyn Technologies Ltd, Saltlake, North 24 Parganas, WB
S1-967755802	S2-155728766	US	US	Woodall, Charley and Burk	WOODALL, CHARLEY AND BURK | www.woodallc.com	Unit UNIT A, VA, 18118 Purvis Drive, Prince William County	18118 PURVIS DR, TRIANGLE, VA
S1-499147941	S3-323456244	India	India	Bangalore North Works Pvt Ltd	Bangalore North Works Pvt-Ltd	Karnataka, Bangalore, Plot No 7F, Phase 1, Doddanekundi Ind, Raj Pinnacle, Bangalore North	Raj Pinnacle, Bangalore North, Bengaluru, KA
S1-830932124	S3-858383606	India	India	Shivam Infra Private Limited	Dr Nylapyranyla	159 Rabindra Sarani Room No. 2 C, 2Nd Floor, Kolkata, Kolkata, Howrah, West Bengal	No 159 Rabindra Sarani Room No. 2 C, WB, Howrah, Kolkata
S1-518194899	S2-22830905	US	US	Combes, Bock and Robbins, Inc	cbrobbins.com	1320 Laurel Ridge Lane, Chesapeake City, VA	1320-1324 Laurel Ridge Lane, VA, CHESAPEAKE CITY
S1-841831687	S2-851887533	US	US	National Clear Water	NATIONAL CLEAR WATER  CO	412 Main Street, Batavia, NY	MAIN ST, BATAVIA, NY
S1-84851724	S3-314556585	India	India	North Energy Private Limited	North  Energy Private Limited	No.2, Rear Flat, Muthiyalu Street, Off Mount Road, Guindy, Chennai, Tamil Nadu	TN, No.#2, Chennai, Rear Flat, Muthiyalu Street, Off Mount Road, Guindy
S1-329243085	S2-752540300	India	India	VG Marketing Private Limited	VG Marketing	1190, Tamil Nadu, Coimbatore, Avanashi Road, Coimbatore	B3/1190, AVANASHI ROAD, COIMBATORE, Tamil Nadu
S1-193963803	S2-302923077	US	US	Federal Initiative	FEDERAL  INITIATIVE	12655 Dulcinea Place, Prince William County, VA	12655 Dulcinea Pl, PRINCE WILLIAM COUNTY, VA
S1-618614768	S3-993778287	India	India	Hotel Consulting Private Limited	Hotel  Consulting Private	Thane, Maharashtra, G-1204, Raj Estate, Nr Jari Mari Talao Kashimira Road	Raj Estate, Nr Jari Mari Talao Kashimira Road, Thane, MH, G-1204
S1-578569727	S2-980989063	US	US	Family Association, LLC	Family-Associatino, LLC	Macedon, 3274 Pintail View, NY	3274 PINTAIL VIEW, null, MACEDON, NY
S1-52418784	S3-797184598	US	US	Helyn Stutz, DDS, M.D., P.C.	Helyn Stutz, DDS, M.D.,	394 Kingdom Road, Volney, NY	Kingdom Road, Oswego, New York
S1-163233745	S2-998665812	US	US	Burrill, Rivas and Walker Pono Corp	Burrill, Rivas and Walker Pono Corp	821 Karlsruhe Place, Fl 0, Saint Louis, MO	821 KARLSRUHE PLACE, NULL, SAINT LOUIS, MO
S1-505215	S3-217975621	US	US	Coastal Rocky King, Inc.	Coastal Rocky King Inc.	7312 Fairbrook Road, Unit APARTMENT 2B, Windsor Mill, MD	
S1-311766375	S3-77854249	US	US	Lois's Metal Works	Lois's Metal Works  LLC	CT, Groton, 1034 River Road	1034 River Road, Old Mystic, Connecticut
S1-185798467	S2-417100217	India	India	Panvel Products Ltd	Panvel  Products	Amarante Chs.Bldg.No-8, 1102, Plot-10 Sec-25, Panvel, Raigarh(Mh), Maharashtra	AMARANTE CHS.BLDG.NO-8/, 1102, PLOT-10 SEC-25, PANVEL, Maharashtra
S1-16301556	S2-770819670	US	US	Shanda Dunkley Modern Central	SHANDA DUNKLEY MODERN CENTRAL LTD	145 Sawmill Valley Road, Saluda, NC	145 SAWMILL VALLEY ROAD, NC, SALUDA
S1-522726270	S2-993159738	US	US	Gaffney Preferred Communications	cgpreferred.com	6094 Franconia Road, Unit STE 6094A, Fairfax County, VA	6094. Franconia Rd, ALEXANDRIA, VA
S1-686142905	S3-712034417	India	India	Tribhuwan & Co-Bhuldhana	Tribhuwan &  CoB-cudhana	K. Raja, S. Raja Bhuldhana, Jambhora, Bhuldhana, Buldhana, Maharashtra	
S1-729557422	S2-175168079	US	US	Liu Shore	Liu Shore Ltd	829 Newport Avenue, Fl 0, Saint Louis, MO	829 NEWPORT AVENUE, MO, ST. LOUIS
S1-148393253	S3-827040221	India	India	Tech Power Private Limited	टेक पावर प्राइवेट लिमिटेड	Chembur Colony, Behind Old Barrack, No T 45, Mumbai, Mumbai City, Maharashtra	Chembur Colony, Behind Old Barrack, No T 45, Mumbai City, MH
S1-278005507	S2-576226119	India	India	SQ Bio Private Limited	SQ Private Limited Services	Survey No. 596/001, Thol Kadi Road, Rangpurda Bus Stop, Rangpurda-Kadi, Kadi, Mahesana, Gujarat	SURVEY NO. 596/001, THOL KADI ROAD, RANGPURDA BUS SOP, RANGPURDA-KADI, KADI, Gujarat
S1-703380389	S2-824495060	India	India	First & Brothers Private Limited	First & Brothers Private Enterprises	Plot No.59/C, Mla'S Colony, Road No.12, Banjara Hills, Hyderabad, Telangana	
S1-223695759	S3-119368149	US	US	Quantic Paloma	Quantic Pa1oma	20821 Edgecliff Drive, Euclid, OH	Euclid, Ohio, 20821 Edgecliff Dr
S1-708867885	S2-242858284	US	US	Gulf Network	Gulf [Network]	IN, 147 15th Street, Vincennes	147 FIFTEENTH STREET, VINCENNES, IN
S1-718859377	S2-227590184	India	India	Bangalore Buildwell Private Limited	Private Bangalore Buildwell Limited	House No 1112, 13Th Cross, Indiranagar, 2Nd Stage, Bangalore, Karnataka	HOUSE NO 1112, 13TH CROSS, INDIRANAGAR, 2ND STAGE, BANGALORE, Karnataka
S1-388682992	S3-954290624	India	India	Vestal Trading Ltd	Vestal Trading	A-369, Triveni Nagar, Gopalpura Bypass, Jaipur, Rajasthan	
S1-337934735	S3-712510091	US	US	Barbey S. Schwartz, DDS, M.D., P.C.	Barbey DDS Schwartz M.D. S. P.C.	132 Golfview Ct, North Liberty, IA	00132 Golfview Ct, N Liberrty, Iowa
S1-424059827	S2-657399103	India	India	Bhagwati Interior Private Limited	Sri Bhagwati Interior	Kerala, Moozhikal Medical College Road, Chelavoor Post, 32/1063-E, Kozhikode	32/1063-E, MOOZHIKAL MEDICAL COLLEGE ROAD, CHELAVOOR POST, KOZHIKODE, കേരളം
S1-752276148	S3-762316590	US	US	Dermatology Dynamic Partners LLC	Dermatology Dynamic Partners	12900 9th Street, Unit #109, Beaverton, OR	12900 Ninth St, Unit #109, Beaverton CIY, Oregon
S1-721698870	S3-487100192	US	US	Select Trading International, Inc	Select International, Inc Center	1603 15th Avenue, Fl 1, Olympia, WA	1603-1605 15th Ave, Olympia Township, Washington, Fl 1
S1-295105184	S3-290192203	US	US	Atlantic Committee V	AtlanticcommitteevCom	23730 Piney Creek Drive, Athens, AL	23730 Piney Creek Dr, Athens, Alabama
S1-845177801	S2-652081128	US	US	XWZ Homes	>> xwzhomes.com	1201 Ash Street, Springfield, IL	##1201 ASH STREET, SPRINGFIELD, IL
S1-288666479	S3-980932109	India	India	Divya Charitable Trust	Divya Charitable  Trust	Vbr Enclave, Addagutta, Hmt Hills Kukatpally, Tirumalagiri, Hyderabad, Telangana	Vbr Enclave, Tirumalagiri, Hyderabad, తెలంగాణ
S1-643297900	S2-361578938	US	US	Cardiology Green Medicine	Cardiology Green  Medicine	4420 Knowles Avenue, Garrett Park, MD	4420 KNOWLES AVE, GARRETT PARK, MD
S1-832454560	S3-105358911	US	US	Freitas, Jenkins and Hose LLC	Freitas, Jenkins  and Hose LLC	Jasper, TX, 1011 Farm To Market 2800	Jasper, Texas, 1011 Farm To Market 2800
S1-629236798	S3-535780547	US	US	Nelson Fresenius LLC	Nelson Fresrenius LLC	2208 6th Avenue, Birmingham, AL	Alabama, Birminham, 2208 6th Ave
S1-751329018	S3-912805234	India	India	(india) Selection Exim Corporation	(india) Selection Exim	83/85 N S Roadroom No 303 3Rd Floor, Kolkata, Calcutta, West Bengal	83/85/6 N S Roadroom No 303 3Rd Floro, Kolkata, Calcutta, পশ্চিমবঙ্গ
S1-264679424	S2-744340722	US	US	Behavioral Health Golden Care	Behavioral Hht Golden Care	305 Benner Street, Tiffin, OH	305 BENNER SAINT, TIFFIN, OH
S1-184722546	S2-830157149	India	India	South Construction Private Limited	Shri SOUTH CONSTRUCTION-PRIVATE LIMITED	No. 23, Shree Rang Upvan, Pdpu Road, X Way Khadiya, Gandhinagar, Gandhi Nagar, Gujarat	NO. 23, SHREE RANG UPVAN, PDPU ROAD, X WAY KHADIYA, GANDHINAGAR, Gujarat
S1-580164698	S3-68746105	US	US	Dermatology Center Inc	dermatologycenter.com	4104 145th Avenue, Vancouver, WA	4104 145th Avenue, Washington, Vancouver, PO Box 9569
S1-87782891	S2-91151749	US	US	Federal Council V	Federal Council V Co #41566	2039 Cherokee Avenue, Baxter Springs, KS	2039 CHEROKEE AVENUE, BAXTER SPRINGS, KS
S1-88860120	S2-279466875	India	India	Ravin Agro Private Limited	Private Ravin Ao Limited	T, 9 Ashti 111K, Adhor Gilly Ashti, Ashti, Ahmednagar, Maharashtra	BID, Maharashtra, AHMEDNAGAR, T
S1-773001051	S2-770062539	US	US	Eye Better Center LLC	Eye Better Center LLC District	41079 Robbins Drive, Maricopa, AZ	41079 ROBBINS DR, MARICOPA CARRIER ANNEX, AZ
S1-610660284	S2-488405323	US	US	Patriot Initiative Corp	Patriot Initiative (Corp)	605 Van Dyck Drive, Temple, TX	
S1-117430547	S3-840523434	India	India	Ls Medical Centre	Ls Centre Medical	4Th Floor, Plot No. 1, Block-C, Central Area, Girwa, Udaipur, Rajasthan	Plot No. 1, Block-c, Central Area, Udaipur, 4Th/7 Floor, Girwa, RJ
S1-87696804	S3-84705504	US	US	Neely School of Medicine LLC	Neely School of Medicine L.L.C.	6040 Brookwood Drive, Suffolk City, VA	
S1-562111824	S3-758016347	US	US	Leum Capital Partners LLC	Leum Capital Partners Llc	370 Westchester Avenue, Unit Apartment 7F, Port Chester, NY	370-C Westchester Avenue, # Apartment 7F, PT. Chetser, New York
S1-977128811	S3-241235649	India	India	Vyapar Inks Private Limited	M/s Vyapar-Inks Pivate Limited	B-9, Basement, Panchwati Complex 9/2, Yaswant Niwas Road, Indore, Madhya Pradesh	B-9, Basement, Panchwati Complex 9/2, Yaswant Niwas Road, Indore, N/A, MP
S1-125308073	S3-695996305	India	India	Vasupujya Appliances Pvt Ltd	Shri Vasupujya Aipilnracbes Pvt Ltd	Plot No. 87/C Mla Colony, Road No 12, Khairatabad, Hyderabad, Telangana	Door No 87/C Mla Colony, Road No 12, Khairatabad, Hyderabad, తెలంగాణ
S1-681027443	S3-24754175	US	US	Corner Cleaning Service	Corner Ceahnng Service	751 Burke Avenue, Bronx, NY	751 Burke Ave, Bronx, New York
S1-862587602	S3-991005220	US	US	Johnson & Honey	Johnson & Honey	84 1350, Bountiful, UT	84 1350, Bountiful, Utah
S1-828435382	S3-194472500	US	US	Dowling, Giron & Soares Boston, LLC	[Llc] Dowling, Giron & Soares Boston,	424 Hart Avenue, Springdale, AR	Springdale, 424- Hart Ave, Arkansas
S1-505600198	S3-212732088	US	US	Cora Mountain Scuti LLC	Cora Mountain Scuti Llc	1204 1/2 Main Street, Fl 1, West Frankfort, IL	1204 1/2 Main Street, Fl 1, W. Frankfort, Illinois
S1-526978906	S2-208095792	India	India	Big Food Pvt Ltd	বিগ ফুড প্রাইভেট লিমিটেড	54/A, Harish Chatterjee Street, Kolkata, Kolkata, Howrah, West Bengal	54, HARISH CHATTERJEE STREET, KOLKATA, CALCUTTA, HOWRAH, West Bengal
S1-553797298	S3-638287530	US	US	Corilla's Occupational Therapy, LLC	Corilla's Occupational Therapy,	Millcreek, Unit 10, 3556 900, UT	3556. 900, # 10, SALT LAKE CITY, Utah
S1-80725931	S2-866900780	US	US	Malva's Cleaning Service	Onyxzetaarc	1217 Mccomas Avenue, Barboursville, WV	BARBOURSVILLE, 1217 Mccomas Ave, WV
S1-290656514	S3-8480903	India	India	Ss Builders Private Limited	एसएस बिल्डर्स प्राइवेट लिमिटेड	I-7, Maharashtra, Tatya Tope Nagar Behind Tatya Tope Hall, Nagpur	I-#7, Nagpur, NULL, MH
S1-644528504	S3-127843399	India	India	Al International Pvt Ltd	ial.com	T-105 Sriniwas Puri, New Delhi, South Delhi, Delhi	T-105 Sriniwas Puri, New Delhi, South Delhi, DL
S1-689070538	S3-707017118	US	US	WZ Coastal Tech	WZ Service Coastal	7605 Huron Drive, Wilmington, NC	North Carolina, Wilmington, 7621 1/2 Huron Drive
S1-263157275	S3-668610430	US	US	Pediatric Dental Partners P.C.	Pediatric Dental Partners	48 Erie Street, Orangetown, NY	48-52 Erie Saint, Orangetown, New York
S1-393295398	S2-842382153	India	India	Np Industries Group	Np Industries Corporation	S/O Piyushkantjoshi 7/18, Ambika Colony Banswara, Banswara, Rajasthan	S/O PIYUSHKANTJOSHI D/7/18, AMBIKA COLONY BANSWARA, BANSWARA, Rajasthan
S1-916173988	S3-93868568	US	US	85/42 Merger	85/42 Merger	104 Pirates Lane, Havelock, NC	04 Pirates Ln, North Carolina, Havelock
S1-180979844	S3-726198105	India	India	Future Shivam Agro Private Limited	Private Future Shivam Agro [Limited]	Ae-151 Ground Floor, Sushil Jyoti Avenue Prafullakanan, North 24 Parganas, Kolkata, Kolkata, Howrah, West Bengal	Ae-##151 Ground Floor, Sushil Jyoti Avenue Prafullakanan, North 24 Parganas, Kolkata, Kolkata, WB
S1-49407325	S2-668231857	India	India	Manufacturing Agritech Private Limited	PRIVATEAGRITECH.COM	L-2/81 Newmahavir Nagar, New Delhi, West Delhi, Delhi	L-2/81 NEWMAHAVIR NAGAR, NEW DELHI, WEST DELHI, Delhi
S1-767457775	S3-770945214	US	US	Campbell & Mclane Annaly Inc	Incorporated Campbell & Mclane Annaly	26476 Harrison Road, Tecumseh, OK	26476 Harrison Rd, Oklahoma, Tecumseh, PO Box 6441
S1-251334307	S3-236980309	India	India	Urban Silver Systems Private Limited	அர்பன் சில்வர் சிஸ்டம்ஸ் பிரைவேட் லிமிடெட்	No.179/3A, Ponneri To Panchetti Road, Opp.Indian Oil Petrol Bank, Krishnapuram, Ponneri, Thiruvallur, Tamil Nadu	Ponneri Taluk, No.179/3a, Ponneri To Panchetti Road, Opp.indian Oil Petrol Bank, Krishnapuram, தமிழ்நாடு, Thiruvallur
S1-168511882	S2-496102126	India	India	Ashok & Brothers Private Limited	Ashok & 8rothers Private	391-N, 1St Block, Rajajinagar, Bangalore-10., Bangalore, Karnataka	391-N, 1ST BLOCK, RAJAJINAGAR, BANGALORE-10., Karnataka
S1-479002867	S2-748511648	US	US	Clyola Rail	Clyola  Rail	Unit M106, 6446 Rosedale Row Drive, West Jordan City, UT	6446 ROSEDALE ROW DRIVE, WEST JORDAN CITY, UT
S1-552626519	S2-908283004	US	US	Urology Care LLC	Urology LLC Service	8323 Liberty Isle Road, Unit E, Columbus, OH	8323 LIBERTY ILE RD, COLUMBUS, OH
S1-285224780	S3-861954990	US	US	Morales, Janina, P.A.	MORALES, JANINA, P.A.	5807 Ridgeway Drive, Houston, TX	5807 Ridgeway Dr, Houston, Texas
S1-308215534	S3-92490541	India	India	Vita Mix Private Limited	Vita Mix Private [Limited]	D. No. 402, Uppalapati, Sita Ramaraju Street, Vijayawada (Urban), Krishna, Andhra Pradesh	
S1-816503322	S3-914052398	India	India	NI Technologies Limited	NI Technologies (Limited)	Jalandhar, Punjab, Kalia Colony, Plot No. 6	PB, Jalandhar, 6, Kalia Colony
S1-442899112	S2-446392115	US	US	Vasquez, Conner and Rodriguez Lab Inc	Vasquez, C0nner and Rodriguez	1831 Hidden Meadows Drive, Unit 1B, City Of Holladay, UT	
S1-412073636	S2-987558693	India	India	Ck Ventures	CK VENTURES-CORP	8-2-595/3, Plot No 11A-11B Road No 10, Banjara Hills, Hyderabad, Telangana	8-2-595/3, PLOT NO 11A-11B ROAD NO 10, BANJARA HILLS, <NULL>, Telangana
S1-404873705	S3-626747361	India	India	Southern Enterprises Private Limited	Smt Southern Enterprises Private Ltd #51217	E/102, Ahmedabad, Gujarat, Aalekh Appartments, Lad Society Road, Nehrupark, Vastrapur	Block D-##392 E/102, Aalekh Appartments, Lad Society Road, Nehrupark, Vastrapur, Ahmedabad Hq Region, Ahmedabad, ગુજરાત
S1-467145634	S3-691889213	India	India	Super Business LLP	सुपर बिजनेस एलएलपी	503/504, Ocus Quantum, Sector 51, Sadar Bazar, Gurgaon, Haryana	503/504, Ocus Quantum, Sector 51, Sadar Bazar, Gurgaon, HR
S1-74033809	S2-482356318	US	US	Aldridge Mfa	Aldridge Mfa	204 High St, Carson, IA	CARSON, 204 HGH ST, IA
S1-393214076	S2-616254374	US	US	Lea Holding Company, LLC	Lea Holding LLC Company,	5819 Woodland Avenue, Kansas City, MO	KANSAS CITY, MO, 819 WOODLAND AVE
S1-13860201	S2-553197258	US	US	South Signature Security	South Signature-Security	238 Locust Drive, Beckley, WV	238 LOCUST DRIVE, BECKLEY, WV
S1-316480220	S3-821916068	US	US	Interstate Preferred Rithm	Interstate Preferred Rithm Co	317 Orchard Avenue, Opelika, AL	Orchard Avenue, Opelika, Alabama
S1-410600682	S2-390736211	US	US	Myers Heritage Ingredients	myers ingredients heritage	45 Camp Road, Oyster Bay, NY	45 Camp Road, OYSTER BAY, NY
S1-348031031	S3-638783484	US	US	Arriaga, Simmons and Tiberio Inc	ástiberio.com	1406 Aspen Way, Winston-salem, NC	1406 Aspen Way, Winston-Salem, North Carolina
S1-634026977	S2-810623174	US	US	Gilchrist Blue Leapfrog LLC	LLC Gilchrist Bnle Leapfrog	Mahtomedi, 225 Park Avenue, MN	PARK AVENUE, MAHTOMEDI, MN
S1-596781172	S2-650782735	US	US	H & S Kgaa	THE H & S-KGAA	W10061 A, WI, Town Of Stephenson	##W10061 A, CRIVITZ, WI
S1-631935618	S2-254579856	US	US	Ordonez Preparatory Academy	Ordonez Preparatory Center	5300 Cardinal Cove Place, Sioux Falls, SD	5300 CARDINAL COVE PL, PMB 3114, SIOUX FALLS, SD
S1-942216048	S2-781674397	India	India	Ramkripa Clinic	Ramkripa Clinic	Mysore, No D-12, Ground Floor, 06Th, Main Road, Jaylakshmipuram, Karnataka	NO D-##12, GROUND FLOOR, 06TH, MAIN ROAD, JAYLAKSHMIPURAM, MYSORE, Karnataka
S1-568181471	S2-649871575	India	India	Sivana Institute of Technology Private Limited	SIVANA INSTITUTE OF TECHNOLOGY PRIVATE LTD	H No: 2-1-563/17, 1St Floor, 1St Portion Opposite Shankar Mutt, Nallakunta, Hyderabad, Telangana	H NO: #2-1-563/17, 1ST FLOOR, 1ST PORTION OPPOSITE SHANKAR MUTT, NALLAKUNTA, HYDERABAD, Andhra Pradesh
S1-687383808	S3-297182778	India	India	Nipha & Co	Ndmbtpha and-Co	C/O Ankur Salt Industries, Office No 111 Plot No 37, Sector 9, Gandhidham, Kachchh, Gujarat	Kachchh, ગુજરાત, Gandhidham, C/o Ankur Salt Industries, Office No 111 Plot No 37, Sector 9
S1-294664419	S3-864972312	US	US	Karnes Medical Center LP	Karnes Medical Cénter LP	NY, Amherst, 22 Hilton Boulevard	22 Hilton Blvd, Buffalo, New York
S1-162627827	S3-793788330	US	US	Empire Crystal Sanayi Inc.	Empire Crystal	1 Forest Hills Boulevard, North Greenbush, NY	1 Forest Hills Boulevard, Rensselaer, New York
S1-840463038	S2-890116145	US	US	Metro Council	METRO COUNCIL	4224 Virginia Avenue, MO, Kansas City	Virginia Avenue, KANSAS CITY, MO
S1-803080934	S3-962794988	India	India	Life Infrastructure Private Limited	Life Infrastructure Prívate Limited	27/380 Kripa Complex, East Nada, Guruvayur, Thrissur, Kerala	
S1-171174133	S2-875565730	US	US	Cornerstone Agricultural Union Inc	Cornerstone Agricultural Union Inc.	403 Monte Vista Drive, Kingsport, TN	403 MONTE VISTA DRIVE, KINGSPORT, TN
S1-564738260	S3-303663117	India	India	Green Handlooms (India) Ltd	green handlooms (india) ltd	Block A, Office No. 1004, Mondeal Hights, Ahmadabad City, Ahmedabad, Gujarat	Block A, Office No. 1004, Mondeal Hights, Ahmedabad, GJ
S1-824518087	S3-970840835	US	US	Housing Guild Inc	Housing Guild	14400 2338, Georgetown, TX	14400 2338, Georgetown, Texas
S1-888232128	S2-650706915	US	US	Adams, Harris and Rueter LLC	Adams, Harris & Rueter L.L.C.	1111 Alaska Avenue, Unit APT 4, Fairfield, CA	#1111 ALASKA AVE, PO BOX 6087, FAIRFIELD, CA
S1-25088793	S3-706912023	US	US	Dermatology Care LLC	Dermatology Cáre LLC	211 Old Farm Road, Fairfield, CT	Fairfield, Old Farm Rd, Connecticut
S1-904174937	S2-957869948	US	US	Cordero, Reed and Kim LLC	Cordero Reed and Kim L.L.C.	3028 Grimes Street, Hobbs, NM	GRIMES STREET, HOBBS, NM
S1-223571110	S3-915464139	US	US	MKT Columbia, LLC	Belodrex fka MKT Columbia, LLC	31900 3260 Road E, Chenoa, IL	31900 3260 Road E, Chenoa, IL
S1-648651244	S3-338286028	US	US	Total Nutrition Group	Total Nutrition [Group]	4824 50th Avenue, CA, Sacramento	##4824 50th Ave, Sacramento, California
S1-484745930	S2-466133117	India	India	YE Agro Private Limited	YE Agro Private [[Limited]]	Dhanaut, Upharpura, Phulwari, Patna, Bihar	DHANAUT, UPHARPURA, PHULWARI, Bihar
S1-147370851	S2-156890156	India	India	Evergreen Consultants Pvt. Ltd.	Evergreen Consultants Pvt	Maharashtra, Pune, Srno- 41/2A/2, Ekaika, Nr- Radisson Hotel, Kharadi Bypass, Kh, Fl No.- 901, Pune	FL NO.- 90, SRNO- 41/2A/2, EKAIKA, NR- RADISSON HOTEL, KHARADI BYPASS, KH, PUNE, महाराष्ट्र
S1-938317663	S2-781408217	US	US	Ethel Jones Horse Corp	Ethel (Jones-Horse)	1060 Neal Street, Unit B, Rock Hill, SC	1060 NEAL STREET, ROCK HILL, SC
S1-123658508	S2-834500055	India	India	Lakshmi International Private Limited	लक्ष्मी इंटरनेशनल प्राइवेट लिमिटेड	National Insurance Bldg., 204, Dr. D.N.Road, Mumbai, Maharashtra	NATIONAL INSURANCE BLDG., DR. D.N.ROAD, GREATER MUMBAI, Maharashtra
S1-143197111	S2-335137099	India	India	Eastern Producer Pvt Ltd	Eastern Producer Pvt Limited	495/2Rt S.R.Nagar, Hyderabad, Kurnool, Andhra Pradesh	495/2RT S.R.NAGAR, HYDERABAD, Andhra Pradesh
S1-830855112	S2-740972721	US	US	Sharla Wiggers Eqv LLC	Sharla Wígbges Eqv LLC	NC, 5105 Bodie Lane, Greensboro	5105 BODIE LNAE, GREENSBORO, NC
S1-559934543	S3-436074986	India	India	Sre Institute of Technology Pvt Ltd	Pvt Sre Insdiiute of Technology Ltd	6, U.N.Bramhachari Street P.S-Shakespiere Sarani, Kolkata, Howrah, West Bengal	##6, U.n.bramhachari Street P.s-shakespiere Sarani, Kolkata, WB
S1-335479805	S2-761053441	US	US	Colonial Health Center	COLONIAL HEALTH CENTER [LP]	Houston, TX, 6319 Gaston Street	6319  GASTON ST, HOUSTON, TX
S1-903349224	S2-760736400	India	India	Tarun & Brothers Private Limited	Tarun & Brothers Private	House No A 137 First Floor, Pocket 4 Phi 2 Greater Noida G B Nagar Up, Dadri, Gautam Buddha Nagar, Uttar Pradesh	HOUSE NO A 137 FIRST FLOOR, POCKET 4 PHI 2 GREATER NOIDA G B NAGAR UP, DADRI, Uttar Pradesh
S1-80711430	S3-45169302	US	US	Farney, Cabral and Coelho	Farney, Cabral And Coelho	9 Chapel Hill Drive, Unit 11, Plymouth, MA	9 Chapel Hill Drive, # 11, Plymouth, Massachusetts
S1-537900421	S3-751901379	India	India	Baba Engineering Private Limited	Baba Engineering Private Ltd	15, Floor Grd, Plot 39, Maryland Corner Tv Chidambaram Road, Sion Fish Market, S, Ion (E), Mumbai, Mumbai City, Maharashtra	Block D-499 15, Floor Grd, Plot 39, Maryland Corner Tv Chidambaram Road, Sion Fish Market, S, Ion (E), Bombay, Mumbai City, महाराष्ट्र
S1-63184332	S2-716979562	India	India	Anadya & Associates Private Limited	Anadya &  Associates Private Limited	Bhagalpur, Bihpur, Vill, - Dayalpur, P.O-Jhandapur, Bihar, C/O Bijay Kumar Jha	Bihar, NO 543 C/O BIJAY KUMAR JHA, VILL, - DAYALPUR, P.O-JHANDAPUR, BIHPUR
S1-898616131	S3-77816276	US	US	Ajayi Tokyo, Inc	Ajayi  Tokyo,	4831 Piccadilly Road, Phoenix, AZ	
S1-815844682	S2-948909698	US	US	Moody Dte Inc	MOODY DTE	212 Clifton Avenue, Elgin, IL	Clifton Avenue, ELGIN, IL
S1-101689758	S2-777090384	US	US	Cancer Guild	Cancer Guild Inc.	1089 50, Orem, UT	1089. 50, OREM, UT
S1-713195470	S2-962105604	US	US	Campos Grand Logistics LLC	Campos [Grand]	Monroe, CT, 102 Gay Bower Road	102 GAY BOWER ROAD, MONROE, CT
S1-242918781	S3-661625304	US	US	Nakagawa Rocket of Essex Junction City	Nakagawa Rocket of Essex Junction City Ltd	30 Grandview Avenue, Essex Junction City, VT	Vermont, 30. Grandview Ave, Essex Junction City
S1-87389053	S3-669942934	US	US	Panella and Armenta LLC	Panella and Armenta-(LLC)	4803 Alum Spring Lane, Unit APT 306, Spotsylvania County, VA	Alum Spring Ln, Unit APT 306, Fredericksburg, Virginia
S1-958105221	S2-334805884	India	India	Platinum Traders Private Limited	M/s Platinum Traders Private  Limited	Shop No. F-71, 1St Foor, Eternity Mall, Teen Hath Naka, Thane, Maharashtra	SHOP NO. F-71, 1ST FOOR, ETERNITY MALL, TEEN HATH NAKA, THANE, महाराष्ट्र
S1-34443571	S3-826311941	India	India	Gold Infotech Limited	Gold  Infotech	H.No. 934, Gf, Sector-51 Opp. Amity International School, Gurgaon, Haryana	No 934, Gf, Sector-51 Opp. Amity International School, Divreportingcircle, Gurgaon, HR
S1-842239052	S2-652705931	India	India	Tech Logistics	Tech Lógistics	Gautam Buddha Nagar, Uttar Pradesh, Noida, Sector-3, E-19	E-19, SECTOR-3, NOIDA, उत्तर प्रदेश
S1-242685593	S2-508701753	India	India	Blossom Square	Blossom  Square	No 213, Rajive Gandhi Salai, O.M Road, Mettukuppam, Thoraipakkam, Chennai, Tamil Nadu	#0213 , RAJIE GANDHI SALAI, O.M ROAD, METTUKUPPAM, THORAIPAKKAM, CHENNAI, Tamil Nadu
S1-572603844	S2-737315181	India	India	Shivoham & Co	shivoham.com	Shop - 206, 2Nd Floor, Trinnity Cyygnus, Surat, Surat, Gujarat	SHOP - 5-206, 2ND FLOOR, TRINNITY CYYGNUS, SURAT, SURAT, Gujarat
S1-495195656	S2-584852126	India	India	Sv Institute Private Limited	Mr Sv Sv Institute Limited-Services	No 7A/G3 Sri Karan Flats Puzhuthivakkam Main Road, Chennai, Tamil Nadu	NO 7A/G3 SRI KARAN FLATS PUZHUTHIVAKKAM MAIN ROAD, CHENNAI, Tamil Nadu
S1-590220465	S3-553852979	US	US	XJT Classic Seneca	XJT Classic  Seneca	OR, Mcminnville, 1628 Fellows Street	Oregon, Mcminnville, Fellows St
S1-52128939	S3-147226541	US	US	Hamilton Social Inc.	Hamilton Inc. Center	10076 Autumnwind Place, Tucson, AZ	10076 Autumnwind Pl, Tucson, Arizona
S1-680393692	S3-514437839	US	US	Nolinia LLC	The Nolinia LLC	603 70, Hildebran, NC	603 70, Hildebran, North Carolina
S1-225649844	S3-301841025	India	India	Seven Towers Limited	Seven Towers	Keytees Building Perinthalmanna.P.O, Valanchery, 1St Floor, Kerala, Malappuram, Malapuram	H.no 1St Floor, Keytees Building Perinthalmanna.p.o, Valanchery, Malapuram, Malappuram, Keralam
S1-161130870	S2-46864644	US	US	Jacenta Dugger, M.D. PLLC	Jacenta Dugger, PLLC M.D.	1207 Washington Street, Ellis, KS	1207 WASHINGTON ST, ELLIS, KS
S1-978287418	S2-784835883	US	US	Internal Medicine Physicians Inc.	Internal Medicine	7002 Mason Road, Berlin Heights, OH	7002 MASON RD, BERLIN HEIGHTS, OH
S1-649291987	S3-852547798	US	US	VM Secure Pipeline	VM Secure Pípeline	21 Memorial Drive, Bensenville, IL	21 1/2 Memorial Drive, Bensenville, Illinois
S1-803089403	S3-931874042	US	US	Vision Partners of Atlanta LP	Vision Partners of Atlanta Inc	2441 Cheshire Bridge Road, Atlanta, Bldg 200, GA	2441 Cheshire Bridge Rd, Bldg. 200, Atlanta, Georgia
S1-7403898	S3-557431812	US	US	Moore, Carroll & Allen, LLC	LLC Moore, Carroll & Atlnmn	105 Columbia Street, New Sharon, IA	105 Columbia Street, NEW Sharon, Iowa
S1-891958084	S3-936616573	US	US	Johnson National Tax	Johnson  National (Tax)	Badger, AK, 2390 Edsson Avenue	
S1-927511501	S2-787407071	US	US	Gwenora's Direct Sciences	Gwenora's Sciences Services	180 Joyce Street, Margaret, AL	180 JOYCE ST, ODENVILLE, AL
S1-326795887	S2-580758087	India	India	Urban Foods Pvt Ltd	urban foods pvt ltd	C/O Rosy Bhushan Sharma, Village Ramsar, Bitna, Kalka, Panchkula, Haryana	NO. 194 C/O ROSY BHUSHAN SHARMA, VILLAGE RAMSAR, BITNA, KALKA, Haryana
S1-939850161	S3-578520311	US	US	Limestone Youth Safe Association Inc.	limestoneyouthsafe.com	143 Cal Drive, Limestone, TN	143 Cal Dr, Limestone, Tennessee
S1-766075572	S2-742761939	US	US	Metro Amplify, LLC	METRO METRO AMPLIFY,	Unit UNIT 4A, 16770 San Bernardino Avenue, CA, Fontana	FONTANA, CA, 16770 1/2 SAN BERNARDINO AVE, N/A
S1-368998517	S3-249662943	US	US	Hawkins, Chumbley and Valeriano LLC	Hawkins, Chúmbley and Valeriano LLC	TN, Knoxville, 124 Inskip Drive	124 Inskip Dr, Knoxville, Tennessee
S1-339136648	S2-532314380	US	US	Secure Wealth Laboratories LLC	5ecure Wealth	48 A 9th Avenue, Huntington, NY	48 A 9TH AVENUE, NY, HUNTINGTON
S1-104663935	S3-376823752	India	India	Ernakulam Collection Private Limited	Ernakulam Collection Private  Limited	Musthafas, Building No. 36/2292 Shenoy Road, Kaloor, Cochin, Kerala, Ernakulam, 1St Floor, Ernakulam	1St Floor, Musthafas, Building No. 36/2292 Shenoy Road, Kaloor, Cochin, Ernakulam, കേരളം
S1-595408278	S3-315412925	India	India	BZC Attestation Private Limited	BZC Attestation Private Ltd	H No 22A, Dhakoli, Dee Ess Estates, Rajpura, Mohali, Punjab	Door No 22A, Dhakoli, Dee Ess Estates, Mohali, Rajpura, PB
S1-519089300	S3-420271636	India	India	Universal Seven Tech Limited	Universal Smven Tech (Limited)	695 G/F Kh No 3454/15 Main Loni Road Shahdara Opp Mcd Pump, New Delhi, North East, Delhi	North East, New Delhi, 695 G/f Kh No 3454/15 Main Loni Road Shahdara Opp Mcd Pump, DL
S1-501167707	S3-271080572	US	US	Ray Acres LLC	Ray  Acres	742 Bayridge Boulevard, Willowick, OH	Willowick, 742 Bayridge Bvld, Ohio
S1-460665352	S3-797086804	India	India	Tp Products Private Limited	Tp Products	Raela Road, Bhilwara, Rajasthan	Plot 0409 Raela Road, Bhilwara, RJ
S1-543108927	S3-832083629	India	India	Ananthapuri & Co	Ananthapuri & Co	No.6/21, Nagapattinam, Nellukadai Street, Poraiyar, Tharangambadi, Tamil Nadu	6/21, Nellukadai Street, Poraiyar, Tharangambadi, Nagapattinam, TN
S1-390180960	S3-967850218	US	US	Opta LLC	Opta Llc	8477 Deer Run Drive, Show Low, AZ	Deer Run Dr, Sho Low, Arizona
S1-633970791	S2-201141300	India	India	Rajendra Engineering Private Limited	Rajendra Engineering Privtae Limited	Bhagabanpur, Dighirpar Bazar, Parganas South, West Bengal, Ground Floor, Kolkata	GROUND FLOOR, BHAGABANPUR, DIGHIRPAR BAZAR, KOLKATA, পশ্চিমবঙ্গ
S1-132395698	S2-773474883	US	US	Certified Cascade Origin Inc	CERTIFIED ORIGIN CASCADE-INC	3810 Carnes Avenue, Memphis, TN	3810 CARNES AVE, MEMPHIS, TN
S1-575184458	S3-597597912	India	India	Ram Care Limited	Ram Limited Center	C-1, 218, Super Mall-I, Info City, Gandhinagar, Gandhinagar, Gandhi Nagar, Gujarat	GJ, Gandhi Nagar, 218, Super Mall-i, Info City, Gandhinagar, Gandhinagar, C-1
S1-777061703	S2-106044857	US	US	Sanet Group	Stfe Group	260 Stancil Street, Virginia Beach City, VA	60 STANCIL STREET, VIRGINIA BEACH CITY, VA
S1-35653283	S2-856653361	US	US	Delly's Tri-State Energy LLC	DELLY'S TRI-STATE ENERGY-LLC	924 Arkwright Street, Saint Paul, MN	924 ARKWRIGHT STREET, SAINT PAUL, MN
S1-489023683	S3-583343391	India	India	Sai Enterprises Private Limited	Sai	C/O Sanjay Hubale At Post, Tupare Tal Palus, Miraj, Sangli, Maharashtra	C/O Sanjay Hubale At Post, Tupare Tal Palus, Miraj, Sangli, Maharashtra
S1-680159831	S2-443078808	India	India	Surya My Impex	सूर्या माय इम्पेक्स	Manek Mahal Veer Nariman Road, Mumbai, Maharashtra	MANEK MAHAL VEER NARIMAN RFAD, MUMBAI, महाराष्ट्र
S1-700198091	S2-43172688	US	US	Orthopedic Associates	orthopedic ássociates	6710 27, Williamsburg, IN	27, IN, WILLIAMSBURG
S1-823850305	S2-97910889	US	US	Premier Apparel Collective LLC	PREMIER APPAREL COLLECTIVE LLC	MA, Shrewsbury, 11 Ek Court	11 EK COURT, SHREWSBURY, MA
S1-187939538	S2-792381721	US	US	Sarina Gentry Classic Enclave LP	Gentry, Sarina Classic Enclave LP	Crystal Lake, 371 Harold Street, IL	CRYSTAL LAKE, 371 HAROLD ST, IL
S1-369408093	S3-821820858	US	US	Promaify	Xylovio	158 600, Unit 219, Salt Lake City, UT	Unit 219, Utah, Salt Lake City, 600
S1-67802531	S3-102236958	US	US	Dental Physicians	Dental Physicians Inc.	7850 Mentor Avenue, Unit 1038A, Mentor, OH	Mentor Avenue, # 1038a, Mentor, Ohio
S1-349266225	S3-943535443	US	US	Community Foundation	Community  Foundation	3901 Wind Drift Lane, Riverton, WY	3901 Wind Drift Lane, Riverton, Wyoming
S1-527552270	S3-250177949	US	US	Pediatric Dental Group Corp	Pediatric Dental Group	1619 Mountain Lane, Shelby, NC	1619- Mountain Ln, North Carolina, Shelby
S1-247880971	S3-9613244	India	India	Anand Shree Estate Limited	Calonex aka Anand Shree Estate Limited	Uttar Pradesh, D-24, Gautam Buddha Nagar, Panchseel Colony, Buzurg Chhipyana G B Nagar, Noida	D-24, Panchseel Colony, Buzurg Chhipyana G B Nagar, Noida, Gautam Buddha Nagar, Uttar Pradesh
S1-911749359	S2-644270114	India	India	Vtech Brothers Pvt. Ltd.	Vtech Brothers Pvt.	No.9/268, Muthumangalam Vellakovil Road, Muthur, Kangayam, Tiruppur, Coimbatore, Tamil Nadu	NO.9/268, MUTHUMANGALAM VELLAOVIL ROAD, MUTHUR, KANGAYAM, TIRUPPUR, Tamil Nadu
S1-324864710	S2-229176297	India	India	Tsp Chemical Private Limited	Tsp Chemical Private Ltd	Patna, Opposite Jai Villa Appartment, Nalanda Nagar, Industrial Road, Kurjee, Patna, 1St Floor, Bihar	1ST FLOOR, OPPOSITE JAI VILLA APPARTMENT, NALANDA NAGAR, INDUSTRIAL ROAD, KURJEE, PATNA, Bihar
S1-809508274	S3-34343689	US	US	Blue Diner	BD	OR, 6220 Multnomah Street, Portland	OR, Portland, 6220 Multnomah Street
S1-322964615	S3-755700770	India	India	Bombay Foundation	bombay foundation	220, Garalgacha, P.S. Chanditala, Hooghly, West Bengal	220, Garalgacha, P.s. Chanditala, Hooghly, WB
S1-780079495	S3-237474747	US	US	Pinnacle Insurance Global, Inc	Pinnacle Insurance Global,	7521 32nd Avenue, Seattle, WA	7521 32th Avenue, Seattle CIYT, Washington
S1-795779310	S2-574643455	US	US	Behavioral Health Care, LLC	BEHAVIORAL HEALTH  CARE, LLC	1301 Stage Coach Road, Prescott, AZ	
S1-564467391	S2-779433471	US	US	Nert Campbell Chase Inc	CAMPBELL, NERT CHASE INC	2497 Mill Street, Winterville, NC	02497 MILL STREET, WINTERVILLE, NC
S1-201431508	S3-495771870	US	US	Total Payroll Concepts Inc	Total Payroll	3234 101, Port Angeles, WA	3234 101, PT.. Angeles, Washington
S1-151920538	S3-822273130	US	US	Desjardin Software LLC	Desjardin Software	36 Swifts Beach Road, Unit 56, Wareham, MA	36 Swifts Beach Rd, Unit 56, Wareham, Massachusetts
S1-489845408	S2-355108541	India	India	Malviya Nagar Vanijya Pvt Ltd	Ma1viya Ngeaoa Vanijya Pvt Ltd	Block Nil, No. 17-B, Malviya Nagar, New Delhi, Delhi	BLOCK NIL, MALVIYA NAGAR, NEW DELHI, Delhi
S1-136530729	S2-422771679	US	US	Diamond Rare	Diamond Rare	3965 Trailblazer Place, Marion County, OR	3965 TRAILBLAZER PL, SALEM, OR
S1-927763233	S2-951313292	US	US	Foot & Ankle Associates LLC	LLC Foot & Ankle Assocaites	1827 Main Street, Weatherford, TX	MAIN ST, WEATHERFORD, TX
S1-18136535	S2-217570550	India	India	Medline Solvex Limited	Limited Medline Soevhx	No.428, 'Rasika', 4Th Cross, 2Nd Main First Floor, East Of Ngef, Kasturinagar, Bangalore, Karnataka	#428, 'RASIKA', 4TH CROSS, 2ND MAIN FIRST FLOOR, EAST OF NGEF, KASTURINAGAR, BANGALORE, Karnataka
S1-290081140	S2-784775374	India	India	CRJ Fashion Corp	Corporation CRJ Fashion	B-9 Chawla Colony, Ballabhgarh, Faridabad, Haryana	B-9 CHAWLA COLONY, FARIDABAD, Haryana
S1-575100504	S2-994176341	India	India	Krishna Producer Private Limited	Krishna Producer Prívate Limited	House No. 518, R. Road, Bharaopar, Bihar, Nalanda, Biharsharif	HOUSE NO. 518 , R. ROAD, BHARAOPAR, BIHARSHARIF, बिहार
S1-890250563	S2-532104250	US	US	Burk Interactive of Dexter	Burk Interactive of Dcxeber	109 2nd Street, Dexter, NM	109 2ND ST, DEXTER, NM
S1-703778339	S2-647592987	India	India	Red Construction Private Limited	रेड कंस्ट्रक्शन प्राइवेट लिमिटेड	R-10, Green Park Main, New Delhi, Delhi	R-11, NEW DELHI, GREEN PARK MAIN, दिल्ली
S1-425200116	S3-134499543	India	India	Kaliganj Bizz Private Limited	#kaliganjbizz	C/O. Khorsed Ali Sk, Vill-Haripur Para, Nadia, West Bengal, 01, Kaliganj	Block G-681 01, C/o. Khorsed Ali Sk, Vill-haripur Para, Nadia, Kaliganj, পশ্চিমবঙ্গ
S1-751849903	S2-179061708	India	India	Shiva Seva Samiti	Shiva Seva Samiti Co	Shop No.214, Gopal Singh Plaza, Bundi, Rajasthan	Rajasthan, SHOP NO.G-214 , GOPAL SINGH PLAZA, BUNDI
S1-974107526	S2-885153373	India	India	Rajlaxmi (India) Communications Private Limited	RAJLAXMI (INDIA)  COMMUNICATIONS PRIVATE LTD	Maharashtra, Mumbai, Hd-149 At Wework 247 Park, 13Th Floor, Vikhroli Corporate Park, Hindustan C. Bus Stop, Lal Bahadur Shastri Rd, Gandhi Nagar, Vikhroli West	HD-149. AT WEWORK 247 PARK, 13TH FLOOR, VIKHROLI CORPORATE PARK, HINDUSTAN C. BUS STOP, LAL BAHADUR SHASTRI RD, GANDHI NAGAR, VIKHROLI WEST, MUMBAI, Maharashtra
S1-718910001	S3-856207676	US	US	Sager Delta Commercial Inc	Sager-Delta Inc Inc Commercial	510 3rd Street, Wainwright, OK	510 Third Street, PO Box 3881, Wainwright, Oklahoma
S1-903844839	S3-993511079	US	US	Howard Factory	Howard Factory Corp	2152 93rd Street, Cleveland, OH	2152 93rd St, Cleveland, Ohio
S1-235055014	S3-246943576	US	US	Global Green Corp	Ariadrex Formerly Global Green Corp	2324 Zion Road, Unit 106, Salisbury, MD	2324 Zion Road, Unit 106, Salisbury, MD
S1-200336799	S2-332973654	US	US	Conni Mitchell Ridge Jaws Inc	Conni Mirctgel Ridge Jaws Inc	22887 State Highway 10, Ola, AR	
S1-461743835	S2-662459910	US	US	Wells Strategic Diversified	WELLS STRATEGIC DIVERSIFIED	2209 Sunset Drive, Lewiston, ID	2209 SUNSET DR, LEWISTON, ID
S1-975676600	S3-246298932	US	US	3353 Jefferson Drive Apartments	3353  Jefferson	200 Sunset Street, Waverly, IA	
S1-922432418	S2-66823588	US	US	National Supreme Stores	THE NATIONAL SUPREME STORES	5996 Oak Leaf Court, Maineville, OH	OAK LEAF COURT, HAMILTON TWP, OH
S1-661380378	S3-252238367	US	US	Rothstein Oneim	Rothstein Oiomn	5020 36th Avenue, Phoenix, AZ	N/A, 5020 36th Avenue, Phoenix, Arizona
S1-271679776	S2-641681786	US	US	Valley Lifestyle Inc	VALLEY LIFESTYLE	254 Dewey Avenue, Kittery, ME	KITTERY, ME, 254 DEWEY AVE
S1-477851297	S3-415394604	US	US	Creative Payment Group	Creative  Payment Group	2101 Tarboro Street, Unit B6, City Of Wilson, NC	Tarboro St, # B6, Wilson, North Carolina
S1-173501196	S3-637288289	India	India	Easytech Industries Group	Dr Easytech Industries	743/49, First Floor Sainik Colony, Faridabad, Haryana	743/49, First Floor Sainik Colony, Faridabad, हरियाणा
S1-646695246	S2-757991848	India	India	Shivam Modern Energy Private Limited	শিবম মডার্ন এনার্জি প্রাইভেট লিমিটেড	Vill Gayra Po Eojnagar Ps Basirhat, Basirhat, Kolkata, Howrah, West Bengal	VILL GAYRA PO EOJNAGAR PS BASIRHAT, BASIRHAT, KOLKATA REGION, HOWRAH, West Bengal
S1-422385866	S3-747856076	India	India	Real Baba Technologies Private Limited	réalbabatechnologies.com	110/P2, Best Business Park, P-2, Netaji Subhash Place, Pitampura, Delhi, North West Delhi, Delhi	384 110/P2, Delhi, DL
S1-984308816	S3-227997356	India	India	Aditya Estate Pvt Ltd	Aditya Estate  Pvt Limited	Flat No 103, Plot No 2 & 3, Hamsraj Enclave, Gajularamaram Hyderabad, Hyderabad, Telangana	H.no 103, Gajularamaram Hyderabad, Hyderabad, Andhra Pradesh
S1-858655093	S2-892171831	US	US	Melisa's Textiles	MELISA'S TEXTILES  LTD	3355 Lawson Boulevard, Hempstead, NY	003355 LAWSON BOULEVARD, OCEASNIDE CITY, NY
S1-545553377	S3-701422803	US	US	Express Marshall Inc	Inc. Express Marshall	110 Mccann Street, Carthage, TX	110 Mccann Street, Carthage, Texas
S1-165079032	S2-65171506	US	US	Fresh Ice Cream, PLLC	Fresh Ice Crflfma, (PLLC)	73 Union Avenue, Westport, MA	73 Union Ave, WESTPORT, MA
S1-433623024	S2-736318433	India	India	Ambitious Care Private Limited	AMBITIOUS  CARE LIMITED SERVICES	19-105/1, V.V Nagar Saidabad, Hyderabad, Telangana	
S1-434186461	S2-145297941	US	US	Memorial Guild	Memorial Guild	TX, Rosenberg, 6400 Homestead	6384 HOMESTEAD, ROSENBERG, TX
S1-237004249	S2-311271861	India	India	OFD Solution Pvt Ltd	OFD Solution Pvt	49, West Bengal, Howrah, Kolkata, Ezra Street Ground Floor, Kolkata	DOOR NO 52 49, EZRA STREET GROUND FLOOR, KOLKATA, KOLKATA, West Bengal
S1-291804181	S3-359038262	India	India	Alka Works Private Limited	worksprivate.com	C/O Satish Singh Bs - 161, Lower G Floor Sector 70, Noida, Gautam Buddha Nagar, Uttar Pradesh	C/o Satish Singh Bs - 161, UP, Gautambudh Nagar, Lower G Floor Sector 70, Noida
S1-332621393	S3-272200397	US	US	Hopper, Brown and Morton Inc	Hopper, Brown &	2125 Harrington Place, Renton, WA	
S1-534740775	S2-828866874	US	US	Jarlara Trinity Inc.	Jarlara Trinity	10 Woodbury Circle, Unit Apartment 163, Middletown, CT	0010 WOODBURY CIRCLE, N/A, MIDDLETOWN, CT
S1-456435236	S3-286355590	India	India	Samastipur Organic Pvt. Ltd.	Samastipur Ltd. Pvt. Organic	C/O Sangita Devi Vill, Dalsinghsarai Tola-Main, Samastipur, Bihar	C/o Sangita Devi Vill, Dalsinghsarai Tola-main, Samastipur, BR
S1-150544856	S2-126839288	US	US	Oglesby Principal Inc.	Oglesby Principal  lnc.	119 Candle Court, Englewood, OH	119-123 CANDLE CT, ENGLEWOOD, OH
S1-527195897	S2-575985896	US	US	Blue Equity Partners	equitypartners.com	5300 Baseline Road, Unit Apt 22B, Little Rock, AR	5300 BASELINE RD, LITTLE ROCK, AR
S1-75438885	S2-269852073	US	US	Crestline Inc	Crestline Inc	109 Summit Avenue, Quincy, MA	09 SUMMIT AVE, QUINCY, MA
S1-783814497	S2-13669905	India	India	Dzire Law Chambers Private Limited	Dzire Law Private Chambers Limited	C-517, Maple Raheja Residency 7Th Cross Iiird Block Koramangala, Bangalore, Karnataka	#887 C-517, MAPLE RAHEJA RESIDENCY 7TH CROSS IIIRD BLOCK KORAMANGALA, Karnataka
S1-247790835	S2-49858289	US	US	Vantyn Crane	VANTYN CRANE	404 Village Hall Place, Nashville, TN	404 VILLAGE HALL PL, NASHVILLE, TN
S1-653862492	S2-318959024	US	US	Surgical Vanguard Physicians L.L.C.	Surgical Physicians L.L.C. Services	1652 Sierra Drive, Cottonwood, AZ	001652 SIERRA DR, COTTONWOOD, AZ
S1-7068819	S3-322493680	India	India	Hestia Medical Centre Pvt Ltd	Halodrexio formerly Hestia Medical Centre Pvt Ltd	56/82 Rsc/1 Sector-2Charkop Kandivali (W), Mumbai, Maharashtra	Maharashtra, Mumbai, 56/82 Rsc/1 Sector-2Charkop Kandivali (W), Mumbai
S1-442875387	S2-792962493	India	India	Sun Industries Limited	सन इंडस्ट्रीज लिमिटेड	Jyotiba Cly, Nakhate Vasti, Rahatani, Kld, Pune, Maharashtra, 38/2/1, Pune	38/2/1, JYOTIBA CLY, NAKHATE VASTI, RAHATANI, KLD, PUNE, Maharashtra
S1-424397320	S3-339212808	US	US	Lester Intermediate Inc	Lester Intermediate-Inc.	4905 Thomason Street, Pell City, AL	4905 Thomason St, Pell City, Alabama
S1-32567867	S2-335946987	US	US	Diamond Heritage Crescent	DIAMOND CRESCENT HERITAGE	955 Bose Road, Lewisburg, WV	955  BOSE ROAD, NULL, LEWISBURG, WV
S1-643789315	S3-267808261	US	US	Deleon Capital Chimera, Inc	deleon capital chimera, inc	235 Good Way, Katy, TX	235 Good Way, N/A, Katy, Texas
S1-857637075	S2-634451062	India	India	Castle Welfare Society	M/s Castle Wélfare Society	Flat No-1, Ground Floor 19B, Hindustan Road, Block -B, Kolkata, Kolkata, Howrah, West Bengal	FLAT NO-1, GROUND FLOOR 19B, HINDUSTAN ROAD, BLOCK -B, KOLKATA, KOLKATA, পশ্চিমবঙ্গ
S1-238834662	S2-124068738	US	US	Ainsley Garcia, CPA	Ainsley Garcia CPA	29 River Road, OH, Unit A~B, Waterville	RIVER RD, WATERVILLE, OH
S1-861047900	S2-844777316	US	US	Fisher, Eden & New Gaming, Inc	Fisher, Eden & New Gaming,	11024 Morgan Creek Drive, Unit 1, Charlotte, NC	11024 MORGAN CREEK DR, CHARLOTTE, NC
S1-916912896	S2-209933023	US	US	Atlantic League	ATLANTIC LEAGUE	3406 116F Avenue, Watford City, ND	3406 116F AVE, WATFORD CITY, ND
S1-346844850	S2-221864492	India	India	Global Exports Pvt Ltd	ग्लोबल एक्सपोर्ट्स प्रा. लि.	03, Jai Gurudeo Chs Ltd., Sec-50E, Plot106B, Seawoods, Thane, Maharashtra	NO 602 03, JAI GURUDEO CHS LTD., SEC-50E, PLOT106B, SEAWOODS, NERUL, THANE, Maharashtra
S1-429801565	S3-843696116	US	US	Blue Alliance	Blue Alliance	15481 Legacy Way, Prince William County, VA	15481 Legacy Way, Haymarket, Virginia
S1-119053809	S2-111941133	US	US	Grand Telecom Collective LLC	Grand Telecom	112 6th Street, Rush Springs, OK	112 6TH ST, RUSH SPRINGS, OK
S1-452710575	S3-748557534	India	India	Makewell Chem Corporation	Makewell Chem (Corporation)	B- 401, 3Rd Floor, Orchard Road Mall Royal Palms Estate, Aarey Milk Colony, Mumbai, Mumbai City, Maharashtra	
S1-721578696	S2-935854853	US	US	Drayari Connecticut Inc	Drayari Inc Connecticut	244 Hayes Road, Bean Station, TN	00244 HAYES ROAD, BEAN STATION, TN
S1-549881915	S3-901603166	US	US	Grace Israel	Grace Ísrael	7817 Olympic Way, Fair Oaks, CA	7817 Olympic Way, FARI OAKS, California
S1-86338739	S2-315549951	US	US	Smith Worldwide Care	smithworldwidecare.com	4083 Vanderpool Drive, Galway, NY	##4083 VANDERPOOL DR, PMB 7860, GALAY CITY, NY
S1-820097832	S3-149592044	US	US	Cardiology Health	Cardiology  Health	731 Ramona Street, Somerton, AZ	731 Ramona Street, Somerton, Arizona
S1-333272400	S2-248366894	US	US	Lucky Ice Cream LLC	LUCKY ICE CREAM	240 Westridge Drive, Ofallon, MO	240 Westridge Dr, OFALLON, MO
S1-4410199	S2-76468825	US	US	Operating Engineers Union Local No 226	Operating Engineers Union Local No 226 Ltd	W359S2546 67, Town Of Ottawa, WI	
S1-700217687	S2-73393204	US	US	Department of Buildings	DEPARTMENT-OF (BUILDINGS)	7825 Rocky Ledge Drive, Hixson, TN	ROCKY LEDGE DRIVE, HIXSON, TN
S1-107182783	S2-833339915	India	India	Brzee Telecommunications Pvt. Ltd.	Brzee Telecommunications Pvt. Ltd.	1-11-252/1A To 1D, Alladin Street, Hyderabad, Telangana, Begumpet	DOOR NO 1-11-252/1A TO 1D, ALLADIN STREET, BEGUMPET, Telangana
S1-165539140	S2-831693756	US	US	Metropolitan Tri-State Cherry	Tri-State Metropolitan Cherry	646 Willow Road, Elmhurst, IL	652 WILLOW RAD, ELMHURSST, IL
S1-512755397	S3-242267887	US	US	Sanchez, Penning & Stahl Associates	sanchezpenningstahl.com	430 Red Thistle Drive, Highlands Ranch, CO	00430 Red Thistle Dr, Highlands Ranch, Colorado
S1-866547440	S2-892145144	US	US	Pediatric Dental Gulf Center LLC	PEDIATRICDENTALGULF.COM	127 Sage Avenue, Buffalo, NY	127 SAGE AVE, null, BUFFAOL, NY
S1-172571621	S2-700372484	US	US	Tri-State Network	Tri-State Network	3459 Jefferson Road, Ashtabula, OH	JEFFERSON RD, ASHTABULA, OH
S1-690539071	S2-476457882	India	India	Shivnery Laxmi Nagar Finance Private Limited	SHIVNERY LAXMI NAGAR FINANCE PRIVATE LIMITED	7/9, Shivnery Laxmi Nagar, Wardha, Maharashtra	7/, SHIVNERY LAXMI NAGAR, Maharashtra
S1-676829793	S2-958795612	US	US	Crystal Metal Works	Crystal Metal Works Inc.	4058 Whitewater Road, Richmond, IN	IN, RICHMOND, 4058 WHITEWATER ROAD
S1-590420798	S2-216670522	US	US	Redwood Inc.	Redwood Inc. Service	Unit Suite 1, 514 Warren Street, NY, Hudson	514  WARREN ST, HUDSON, NY
S1-275170240	S3-199936401	India	India	Real Marketing Pvt Ltd	Shri Real Marketing Pvt  Ltd	9, Shivpuri Colony, Kalwar Road, Jhotwara, Jaipur, Rajasthan	9, Shivpuri Colony, Kalwar Road, Jhotwara, Jaipur, RJ
S1-648955941	S3-604236654	India	India	Alpha Technology Private Limited	আলফা Technology Private Limited	4A, Narendra Chandra Dutta Sarani 2Nd Floor, Unit No. 206, Kolkata, Kolkata, Howrah, West Bengal	4A, Kolkata, Howrah, WB
S1-589894541	S3-24779421	India	India	Aster Metal Limited	Dovaonyx a/k/a Aster Metal Limited	D- 601, Prince Apartment Plot No. -54, Ip Extension, Patpar Ganj, Delhi	Delhi, Patpar Ganj, Prince Apartment Plot No. -54, Ip Extension, D- 601, Delhi
S1-855644327	S2-550812418	India	India	Khanna India	Khanna Khanna India Limited	C/O Ravi Yadav, Dikhtauli, Shikohabad, Firozabad, Uttar Pradesh	उत्तर प्रदेश, C/O RAVI YADAV, DIKHTAULI, FIROZABAD
S1-53056758	S3-405757264	US	US	American Telefonica LLC	>> American Telefonica Llc	5737 Marcy Suny It Parkway, Marcy, NY	573 Marcy Suny It Parkway, PO Box 3403, Marcy, New York
S1-3209466	S3-529492045	India	India	Delhi Tech Pvt Ltd	Delhi Tech	H. No. 129 Floor Ground, Block G Pkt 4 Sec 16, Near Mcd School, Rohini, Delhi, North Delhi, Delhi	Door No ##129 Floor Ground, Delhi, North Delhi, दिल्ली
S1-413972093	S3-194381907	US	US	Mitchell Worldwide	Mitchell Woslrdwdie	6102 Sandia Boulevard, Huntsville, AL	Huntsville, 6102 Sandia Boulevard, Alabama
S1-547520300	S3-261090952	India	India	Aashish Industries Ltd	aashishindustries.com	B-37, K. N. Road Viil P. O. Berhampur, Berhampur, Murshidabad, West Bengal	B-37, K. N. Road Viil P. O. Berhampur, Berhampur, Murshidabad, পশ্চিমবঙ্গ
S1-986635261	S2-873900234	US	US	Applied Environmental Ventures LLC	appliedenvironmentalventures.com	7015 Laughlin Drive, Missouri City, TX	7015 LAUGHLIN DRIVE, MISSOURI CITY, TX
S1-692907429	S2-618237217	India	India	Sathya Ventures Pvt Ltd	M/s Sathya Ventures Pvt [Límited]	601, Forthouse Apartments 1-7-142/1, Golconda X Roads, Telangana, Flat No, Museerabad, Hyderabad	FLAT NO, 601, FORTHOUSE APARTMENTS 1-7-142/1, GOLCONDA X ROADS, MUSEERABAD, Telangana
S1-340565419	S2-215484687	US	US	Hughes Aspen LLC	HUGHES HUGHES ASPEN LLC	1373 Western Avenue, City Of Green Bay, WI	1373 WESTERN AVE, CITY OF GREEN BAY, WI
S1-137474742	S3-809404542	US	US	Pediatric Dentistry Health, LLC	PEDIATRIC DENTISTRY HEALTH, LLC	4545 Oracle Road, Tucson, AZ	545 Oracle Road, null, Tuson, Arizona
S1-344127054	S2-506834535	US	US	Supreme Research Concepts LLC	Supreme Research Ctnepts  LLC	217 Barrett Street, Unit Apartment 1, Syracuse, NY	217 BARRETT SAINT, SYRACUSE, NY
S1-443364415	S3-246615743	US	US	Vega P.C.	Vega  P.C.	Johnston County, 8625 Rock Creek Road, OK	8625 Rock Creek Rd, Johnston County, Oklahoma
S1-129499804	S2-744522386	India	India	Pioneer Surya Logistics LLP	Pioneer Surya-Logistics LLP	H. No. 2/644-M-1, Plot No. 35, Varuna Vihar Colony, Club Road, Varanasi, Uttar Pradesh	H. NO. 2/644-M-1/5 , PLOT NO. 35, VARUNA VIHAR COLONY, CLUB ROAD, VARANASI, Uttar Pradesh
S1-911270521	S2-584967640	US	US	Li, Mata & Molina Mckinley PLLC	PLLC Li, Mata & Molina Mckinley	Yakima, WA, 2203 Lila Avenue	2203 LILA AVENUE, YAKIMA, WA, PO BOX 425
S1-674067796	S3-342096556	India	India	Good Hospitality Pvt Ltd	GOOD Hospitality PVT LTD	10E/1B, Trivandrum Road, Palayamkottai, Tamil Nadu, Tirunelveli, Palayankottai	10E/1B, Trivandrum Road, Palayamkottai, Palayankottai, Palayamkottai, தமிழ்நாடு
S1-606625973	S3-779081984	US	US	Shanon Hammond Eqv	Shanon Hammond	401 Elm Street, Oneida, NY	401 Elm Saint, PMB 8965, Oneida, New York
S1-698246654	S2-604048343	US	US	Pearle May Foods	PEARLE MAY FOODS INC.	8008 Highland Road, Baton Rouge City, LA	BATON ROUGE, 8008 HIGHLAND RD, LA
S1-970912972	S2-413895387	US	US	Lathan, Garcia and Walker Chase Inc.	Lathan,-Garcia and Walker Chase	IL, Winnetka, 962 Green Bay Road	962 GREEN BAY RD, WINNETKA, IL
S1-536833097	S3-808683839	US	US	Behavioral Health Partners of Lynn L.L.C.	Behavioral Health Of Partners Lynn L.L.C.	195 Williams Avenue, Lynn, MA	195 Williams Ave, Lynn, Massachusetts
S1-320236989	S2-298058681	US	US	Global Society	Global Sotctiy	2605 Townehouse Drive, Brookhaven, NY	2605 TOWNEHOUSE DR, BROOKHAVEN, NY
S1-200386059	S3-452503229	India	India	Sg Services Private Limited	Sg Sebtices Private Limited	Building No V1/178, Koompara, Koodarangi, Kozhikode, Kerala	Building No V1/178, Koompara, Koodarangi, Kozhikode, Keralam
S1-96805943	S2-170836944	US	US	Bright Intelligence Innovations LLC	BRIGHTINTELLIGENCEINNOVATIONS.COM	1908 Sylvan Hills Road, Jefferson City, MO	MO, 1908 SYLVAN HILLS ROAD, JEFFERSON CITY
S1-416151705	S3-36286088	US	US	Urgent Care Advanced Physicians	Urgent  Care Ahvcdnd Physicians	3238 Denison Road, Saint Francisville, IL	3238 Denison Rd, Saint Francisville, Illinois
S1-888653168	S3-475873954	US	US	Wilson Jab LLC	Wilson Jab	65563 Charles Johnson Road, Town Of White River, WI	5563 Charles Johnson Rd, Town Of White River, Wisconsin
S1-452361459	S2-410442625	India	India	Urban Global Private Limited	ಅರ್ಬನ್ ಗ್ಲೋಬಲ್ ಪ್ರೈವೇಟ್ ಲಿಮಿಟೆಡ್	Sy No 293/4, Baragi, Lokapura, Mudhol, Bagalkot, Mudhol, Bagalkot, Karnataka	SY NO 293/4, MUDHOL, Karnataka, MUDHOL
S1-962364621	S2-324416175	India	India	Swiss Friendly Corp	SWISS FRIENDLY CORP	981 & 982 Siddharth Nagar-A Jln Marg, Jaipur, Rajasthan	981 & 982 SIDDHARTH NAGAR-A JLN MARG, JAIPUR, Rajasthan
S1-720440091	S2-481650606	US	US	Fulks and Mason LLC	masonfulks.com	3342 Poplar Hill Road, Watertown, TN	3342 1/2 POPLAR HILL ROAD, WATERTOWN, TN
S1-720121340	S3-671845194	US	US	Huang Critical	Huang Center	1971 Bremerton Road, Lyndhurst, OH	Ohio, Lyndhurst, 1971 Bremerton Road
S1-258736454	S2-594980115	India	India	City Projects Limited	सिटी प्रोजेक्ट्स लिमिटेड	Khewat No 80, 83, 87, 95, Khasra No 482, 373 Ansal Road, Kambohpura, Ansal Api, Karnal, Haryana	H.NO 942 KHEWAT NO 80, 83, 87, 95, KHASRA NO 482, 373 ANSAL ROAD, KAMBOHPURA, ANSAL API, KARNAL, Haryana
S1-976290930	S3-593928310	US	US	Myers Medical L.L.C.	Myers Medical LLC	1022 Ivy Drive, Roswell, NM	001022 Ivy Dr, Roswell, New Mexico
S1-281782003	S2-977223500	India	India	Green Global Private Limited	Green Global  Private Ltd	# 139 L Bhai Randhir Singhnagar Ludhiana, Punjab, Ludhiana, Punjab	# 13 L BHAI RANDHIR SINGHNAGAR LUDHIANA, PUNJAB, Punjab
S1-636684114	S3-657778870	India	India	Niche Health Co	Mr Niche Health	F-301, Second Floor, Chaudhary Prem Singh House Lado Sarai, New Delhi, South Delhi, Delhi	F-301, Second Floor, Chaudhary Prem Singh House Lado Sarai, New Delhi, South Delhi, DL
S1-45858786	S3-498239453	US	US	Saint Community Church	5aint  Community Church	166 Macdonald Boulevard, Havelock, NC	166 Macdonald Boulevard, Havelock, North Carolina
S1-789406109	S3-118897848	India	India	Mumbai Vertical Partners	Mumbai Partners Center	Plot 50, 29Th Road, T P S Iii, Near Gurunanak Park Bandra West, Mumbai, Mumbai City, Maharashtra	Plot ##50, Mumbai, Mumbai City, MH
S1-102714214	S2-48714228	US	US	Corner Barbershop!	CORNER BÁRBÉRSHOP!	5105 Hartman Drive, Indianapolis, IN	5105 HATRMAN DRIVE, INNDIANAPOLIS CDP, IN
S1-461185896	S2-801840580	India	India	Tirupati Hospitality Private Limited	तिरुपति हॉस्पिटैलिटी प्राइवेट लिमिटेड	96A Bazar Road, Opp Sheeya Majid, Mumbai, Maharashtra	G-96A BAZAR ROAD, BOMBAY, MUMBAI, महाराष्ट्र
S1-455584067	S3-939533829	US	US	Keller Signature Social LLC	Center Keller Signature LLC	1516 49th Street, Tulsa, OK	1516 49th Street, Tulsa, Oklahoma
S1-775884249	S3-820504414	India	India	KY (bangalore) Pvt Ltd	KY (bangalore) Pvt  Ltd	Santosh Sadan, New Adarsh Society, Sanala Road, Morvi, Rajkot, Gujarat	GJ, Morvi, Santosh Sadan, Rajkot
S1-915745946	S2-399309203	US	US	Surgical Express Medicine LLC	Surgical Express Medicine LLC	2135 Merimac Drive, Charlotte, NC	2135 MERIMAC DRIVE, CHARLOTTE CDP, NC
S1-575463259	S3-779666972	India	India	Catalyst Innovations LLP	catalystinnovations.com	7, Plot-139, Manabai Sadan, Govindji Keni Road, Naigaon, Dadar (E), Mumbai, Mumbai City, Maharashtra	5, Plot-139, Manabai Sadan, Govindji Keni Road, Naigaon, Dadar (E), Mumbai City, MH
S1-818610894	S3-206584346	India	India	Digital United Industries Private Limited	ಡಿಜಿಟಲ್ ಯುನೈಟೆಡ್ ಇಂಡಸ್ಟ್ರೀಸ್ ಪ್ರೈವೇಟ್ ಲಿಮಿಟೆಡ್	Unit No.2C 2Nd Floor 1St Cross Wilson Garden Hosur Main Road, Bangalore, Karnataka	Unit No.2c 2Nd Floor 1St Cross Wilson Garden Hosur Main Road, Bangalore, ಕರ್ನಾಟಕ
S1-341057133	S2-327486060	US	US	Lannom, Martinez & Robbins LLC	Lannom, Martinez Robbins LLC Services	8621 Campbell Drive, Rowlett, TX	ROWLETT, TX, 8621 CAMPBELL DR
S1-760240720	S2-303186291	India	India	Nanak Agro Private Limited	Private Nanak Agro Límited	H.No.4-107 Second Floor, Telangana, Hyderabad, Above Muthooth Finance, Tirumalagiri	H.NO.##4-107 SECOND FLOOR, ABOVE MUTHOOTH FINANCE, TIRUMALAGIRI, HYDERABAD, Telangana
S1-380478876	S3-870210657	India	India	Gujarat Builders Private Limited	गुजरात बिल्डर्स प्राइवेट लिमिटेड	269, Vijay Nagar, Alwar, Rajasthan	269, Vijay Nagar, RJ, Alwar
S1-95268785	S3-343911105	India	India	Sun Consultancy Private Limited	Sun Consu1tancy Private Limited	Flat No. 2B, Block - 4, Vivek Vihar, Phase - 5, 493/C/A G T Road, Howrah, West Bengal	
S1-393669997	S3-845294046	India	India	Sun Enterprises Private Limited	Deltanex trading as Sun Enterprises Private Limited	977/1, Harihareshwar Society Gokhale Nagar Road, Pune, Maharashtra	977/1, Harihareshwar Society Gokhale Nagar Road, Pune, Maharashtra
S1-346194704	S3-230796962	US	US	Devina Sparks Bay Biotechnology	Devina Srhaks  Bay Biotechnology	42 Hill Valley Drive, Lancaster, NY	
S1-516758345	S2-904476984	US	US	Jara Creative Concord Inc	Jara Creative Cóncord Inc	Bloomington, 35 Stonebrook Court, IL	35 STONEBROOK CT, IL, BLOOMINGTON
S1-230858388	S2-955179219	India	India	Paragon (India) Resorts Private Limited	Paragon (India) Resnhtr Private Limited	F-113 Rail Vihar Sector 3 Vasudara, Ghaziabad, Uttar Pradesh	Uttar Pradesh, F-113 RAIL VIHAR SECTOR 3 VASUDARA, GHAZIABAD
S1-415122405	S3-897321765	US	US	PT Aktiengesellschaft	PT Áktiengesellschaft	608 Spirit Trail, Phoenix, AZ	Phoenix, 608 Spirit Trl, Arizona
S1-989141890	S2-944949213	US	US	J O Singley Networks Center	J O Networks 5ingley Center	26012 Bracken Ford Road, Thebes, IL	26012 BRACKEN FORD RD, THEBES, IL
S1-38367767	S2-313804974	India	India	ZJT Online Private Limited	ZJT Online [Private]	303, 3Rd Floor, Laxmi Tower, C 1/3 Naniwala Bagh, Azadpur, Delhi, North West Delhi, Delhi	HN 77 303, 3RD FLOOR, LAXMI TOWER, C 1/3 NANIWALA BAGH, AZADPUR, DELHI, दिल्ली
S1-682438317	S3-623479405	India	India	Shree (India) Infrastructureprivate Private Limited	Shree (India) Private Limited Services	West Champaran, Vill- Manjhariya, Post- Semralabedaha, Ps Block -Piprasi, Dist-West Champaran, Bihar	Vill- Manjhariya, Post- Semralabedaha, Ps Block -Piprasi, Dist-west Champaran, West Champaran, BR
S1-919978088	S3-78753548	India	India	Waterloo Group of Companies Private Limited	Water1oo Group of  Companies Private Limited	No 474, 1St Main Road 1St Street, B10 Dabc Divyam Apts, Mogappair West, Thiruvallur, Tamil Nadu	
S1-293022561	S3-525307271	US	US	K G & F Pet Care	K F & G Pet Care	3801 Eugene Court, Irving, TX	Texas, 3801 Euegne Ct, Irving
S1-596612419	S3-251685031	US	US	Cross Family Practice LLC	crossfamilypractice.com	69 Brenda Lane, Unit 42, Crossville, TN	Tennessee, Unit 42, Brenda Lane, Crossville
S1-783070684	S2-63952417	US	US	Hutchinson's Liquor L.L.C.	Hutchinson's Liquor L.L.C.	1802 Mount Pisgah Lane, Silver Spring, Unit 31, MD	1802 MOUNT PISGAH LANE, SILVER SPRING, MD
S1-47137339	S2-213062431	India	India	Moti Nagar Slate Care	MOTI NAGAR SLATE CARE [LIMITED]	69/1-A, Najafgarh Road, Moti Nagar, North East, Delhi	A-69/1-A, NAJAFGARH ROAD, MOTI NAGAR, Delhi
S1-200884405	S2-848767641	India	India	Naive Shakuntala Private Limited	Naive Shakuntala Private	25/1 Rajaji Street, (Matti Maseedu Street), Proddatur, East Godavari, Andhra Pradesh	2-5/1 RAJAJI STREET, (MATTI MASEEDU STREET), PRODDATUR, ఆంధ్రప్రదేశ్
S1-442643629	S3-747629933	India	India	Sr & Co	SR & CO	Office No 402 Pride, Empire Nr Union Bank, Rajkot, Gujarat	H.no 88. Office No 402 Pride, null, Rajkot, GJ
S1-717233977	S2-763033121	US	US	Fiann's First Tavern	Fiann's First	NY, Unit Apartment 1, 84 Pershing Avenue, Buffalo	84 PERSHING AVE, BUFFALO, NY
S1-585926630	S2-105179669	India	India	Sunil Engineering Pvt Ltd	Sunil Pvt Ltd Services	D.No: 9-42-50, Raavi Chettu Centre, Kotha Peta, Vijayawada, Krishna, Andhra Pradesh	D.NO: 9-42-50, RAVI CHETTU CENTRE, KOTHA PETA, VIJAYAWADA, Andhra Pradesh
S1-765309554	S2-606704838	US	US	Evy Marcelin, O.D.	Evy Marcelin,  O.D.	Evans, NY, 1220 Eden Evans Center Road	1220 EDEN EVANS CENTER RD, EVANS, NY
S1-43300393	S2-970450418	US	US	Behavioral Health Federal Care Associates LLC	Behavioral Health Federal Care Associates  LLC	8214 193rd Avenue Place, Bonney Lake, WA	8214 193RD AVENUE PLACE, BONNEY LAKE, WA
S1-731773909	S3-317850711	India	India	Arihant Golden It	अरिहंत गोल्डन आईटी	C 113 Sector 39, Noida, Gautam Buddha Nagar, Uttar Pradesh	Plot 815 C 113 Sector 39, Noida, Gautam Buddha Nagar, उत्तर प्रदेश
S1-77517253	S3-969816238	India	India	Abhijeet India Private Limited	Abhijeet India Private-Limited	Plot No. 7, Pu 4 A. B. Road, Indore, Madhya Pradesh	Plot No. G-7, Indore, MP
S1-568388742	S3-884731772	US	US	Bobbette's Laboratories	Bobbette'S Laboratories (Corp)	105 Peyton Street, Staunton City, VA	105-D Peyton Street, Staunton, Virginia
S1-833146590	S3-337914464	India	India	Fiona Fund Pvt Ltd	Pvt Fiona Fu Ltd	Parwati Kashichak, Nawada, Bihar	Plot 445 Parwati Kashichak, Nawada, Gonawa, BR
S1-33748534	S2-167970104	India	India	Raidurg Night Private Limited	RAIDURG RAIDURG NIGHT PRIVATE LIMITED	D.No.5-109/Wv/57, Raidurg, Hyderabad, Telangana	D.NO.5-109/WV/5 , RAIDURG, Telangana
S1-366138073	S2-447904724	US	US	Foot & Ankle Direct Group	Foot & Ankle Dhrcetrc Group	10707 Umber Court, Houston, TX	10707 UMBER CT, HOUSTON, TX
S1-363697849	S3-467693312	US	US	O & X Nmp of Chino	O & X Nmp of	7789 Horizon Street, Chino, CA	789 Horizon Street, Chino, California
S1-527942611	S2-466417040	US	US	Western Federal Jaws	Western Federal Jaws LLC	2913 Clarendon Drive, Dallas, TX	2913  CLARENDON DRIVE, DALLAS, TX
S1-74945300	S3-32611114	India	India	Rajahmundry Square Pvt. Ltd.	Square	85-12-14/22, G-103, Delite Block Brundhavanam Apts., Jn Road, East Godavari, Rajahmundry, East Godavari, Andhra Pradesh	85-12-14/22, G-103, Delite Block Brundhavanam Apts., Jn Road, East Godavari, Rajahmundry, East Godavari, Andhra Pradesh
S1-676753093	S2-361471756	US	US	Nicoli Woolford, P.A.	Nicoli Woolford,-Center	1501 Beckworth Court, Garner, NC	1501 BECKWORTH COURT, GARNER, NC
S1-675239237	S2-427438421	US	US	Myers Trust	MYERSTRUST.COM	352 Pickett Hill Road, Wright, NY	0352 Pickett Hill Road, SCHOHARIE, NY
S1-313464793	S2-673524816	India	India	Performance Estate Private Limited	Dr Performance Estate Private	Kozhikode, Door No. A7, 17/575, First Floor, Calicut Mall Stadium Junction, Puthiyara Road, Kerala, Calicut	DOOR NO. A7, 17/575, FIRST FLOOR, CACICUT MALL STADIUM JUNCTION, PUTHIYARA ROAD, CALICUT, Kerala
S1-411723284	S2-921857621	India	India	NV Chem Pvt Ltd	NV CME PVT LTD	No 1, 5Th Avenue, Gokul Nagar Phase I Chinnathirupathi, Salem, Tamil Nadu	NO ##1 , 5TH AVENUE, GOKUL NAGAR PHASE I CHINNATHIRUPATHI, Tamil Nadu
S1-340183840	S2-872987448	US	US	O/E Annaly Co	O/E A1ntely Co	5785 Summit Cove, Cave Creek, AZ	AZ, CAVE CREEK, 5785 SUMMIT COVE
S1-673007384	S2-266124426	US	US	Metropolitan Blueport LLC	Metropolitan Blueport	1401 Satellite View, Unit 1101, Round Rock, TX	1401-A SATELLITE VIEW, ROUND ROCK, TX
S1-281993394	S2-490861921	US	US	Silver Battery	Silver Battery	10 Sterling Drive, Westport, CT	10 STERLING DRIVE, WESTPORT, CT
S1-648713705	S3-700380465	US	US	Micheline's Consulting Inc	MICHELINE'S CONSULTING INC	533 8th Avenue, City Of Baraboo, WI	533 1/2 8th Ave, City Of Baraboo, Wisconsin
S1-33463641	S2-735765519	US	US	Caldola Chesapeake	Caldola Services	9218 Elizabeth Street, Chicago, IL	9218-9220 Elizabeth St, CHICAGO, IL
S1-508228637	S2-734844432	India	India	Bombay Media Private Limited	বোম্বে মিডিয়া প্রাইভেট লিমিটেড	Seth Srilal Market, Near Paras Agency, 1St Floor, Behind Sabera Complex, Siliguri, West Bengal	B3/163 SETH SRILAL MARKET, SILIGURI, BEHIND SABERA COMPLEX, West Bengal
S1-304492922	S2-143275954	US	US	Surgical Care-Tulsa	SURGICAL CARECGU-GLAS	1416 38th Street, Unit UNIT A, Tulsa, OK	1416 38TH STREET, TULSA, OK
S1-374742724	S2-945667893	US	US	BZ Optimal Marshall LLC	BZ Optimal	IL, 207 Walnut Street, Rochester	ROCHESTER, IL, 207 WALNUT ST
S1-410568535	S3-559990048	US	US	Delossantos Signature Spire, Inc	Delossantos Signature Smhle, Inc	278 Delaware Street, Mt Gilead, OH	Mt.Gilead, Ohio, Delaware Street
S1-419302160	S2-437760678	US	US	Spotts Dental Associates	Spotts Dental Associates Corporation	31 Blueberry Lane, Woodbury, CT	31 Blueberry Ln, WOODBURY, CT
S1-90166282	S2-271519685	US	US	Eugenie Frank Express Velos Inc.	Eugenie Fbrnak Express Velos (Inc.)	657 Crescent Circle, Midwest City, OK	657 CRESCENT CIRCLE, MIDWEST CITY, OK
S1-984736851	S3-290122543	US	US	N & P Hydro	N &	24050 Brancaster Drive, Naperville, IL	24050 Brancaster Dr, Naperville, Illinois
S1-516342124	S2-800250798	India	India	Alpha Modern Technologies Private Limited	আলফা মডার্ন টেকনোলজিস প্রাইভেট লিমিটেড	2203, Vill & P.O-Rasulpur (Indas Road) Patrasayer, Bankura, West Bengal	2203, VILL & P.O-RASULPUR (INDAS ROAD) PATRASAYER, BANKURA, পশ্চিমবঙ্গ
S1-494881329	S3-549382142	US	US	Guider and Carter	6uider and Cratrtaer	15702 Swift Road, Henley, MO	15702 Swift Rd, Henley, Missouri
S1-3387727	S2-643202511	India	India	Mumbai Shakti Private Limited	MUMBAI SHAKTI PRIVATE LTD	32/402, 4Th Floor, Sanskruti 31To34 Chs, Thakur Complex 90 Feet Road, Kandivali Ea, St, Mumbai, Mumbai City, Maharashtra	32/402, 4TH FLOOR, SANSKRUTI 31TO34 CHS, THAKUR COMPLEX 90 FEET ROAD, KANDIVALI EA, ST, MUMBAI, Maharashtra
S1-457474316	S3-229294038	India	India	Crystal Enterprises Ltd	Crystal Enaetrrints Ltd	Shop No. 3 4 And 5 City Ma, Navjivan Mill Compound, Kalol, Gandhi Nagar, Gujarat	No 3 4 And 5 Ciyt Ma, Kalol, GJ
S1-684080330	S3-629713281	US	US	DL Complete Staking Clinic	Complete DL Staking Services	3124 46th Street, Cleveland, OH	3124 46th Saint, N/A, Cleveland, Ohio
S1-185664243	S2-784456249	US	US	Hale Endocrinology	HALE  ENDOGNIOOGY	445 Second Street, Unit 10, Ocean Isle Beach, NC	##445 Second St, OCEAN ISLE BEACH, NC
S1-676358853	S2-483529807	US	US	Crestline Inc	CRESTLINE INC	280 Hexon Road, Selah, WA	WA, SEELAH CITY, 280 HEXON RD
S1-954842233	S2-860452517	US	US	Rev It Up Hypnosis	Rev It Úp Hypnosis	397 Popes Fork, Grayson, KY	397 POPES FORK, PMB 9900, GRAYSON, KY
S1-156174675	S2-649604960	US	US	Rafaelita Hernandez Bynordic	Rafaelita Hérnandez Bynordic	128 Wellspring Road, Huntsville, AL	12 WELLSPRING RD, HUNTSVILLE, AL
S1-977808831	S2-890769366	India	India	Uprising Educational Society	Sri Uprising Educational 5ociety	Near Kaleshwar Mangal Karyalaya, Hatte Nagar, Latur, Maharashtra	NEAR KALESHWAR MANGAL KARYALAYA, HATTE NAGAR, LATUR, Maharashtra
S1-812531210	S2-677521031	US	US	Direct Packaging Services LLC	DIRECT PACKAGING SERVICES  LLC	14535 John Marshall Highway, VA, Unit UNIT 109, Prince William County	14535 1/2 John Marshall Hwy, PRINCE WILLIAM COUNTY, VA
S1-578225162	S3-374298553	US	US	Safe Proem Inc	Safe Safe Inc Center	1 Cinotto Lane, Spring Valley, IL	1 Cinotto Ln, Spring Valley, Illinois
S1-717678556	S3-233103342	US	US	Premier Polska Inc	Premier Inc Inc Service	MD, 25968 Cadillac Way, Mardela Springs	Cadillac Way, Mardela Springs, Maryland
S1-308331076	S2-883160626	US	US	Apex Wellness Works LLC	Apex Works LLC Services	1281 Wilson Drive, Lake Forest, IL	1281. WILSON DR, LAKE FOREST CITY, IL
S1-338053216	S2-720523224	US	US	Pacific Fund	PACIFIC-FDM	21 Levi Court, Wentzville, MO	
S1-404124513	S2-592944180	India	India	Finance Advantech India Private Limited	FINANCE ADVANTECH LNDIA PRIVATE LIMITED	460, Third Floor, Kohat Enclave Pitam Pura, New Delhi, North West, Delhi	460, THIRD FLOOR, KOHAT ENCLAVE PITAM PURA, NEW DELHI, Delhi
S1-614339205	S2-821710978	US	US	Monarch LLC	Monarch LLC	162 Murphy Road, Mocksville, NC	162-164 MURPHY RD, MOCKSVILLE, NC
S1-82171528	S2-14772635	US	US	Bonnie Purecycle LLC	Bonnie Púrecycle LLC	1302 Riverview Street, East Liverpool, OH	1302 RIVERVIEW ST, EAST LIVERPOOL, OH
S1-536581418	S2-53880793	US	US	Leigh Opendoor of Los Fresnos	LEIGH OPENDOOR OF	Los Fresnos, TX, 29508 Hamaca Lane	29508 HAMACA LANE, <NULL>, LOS FRESNOS, TX
S1-568993596	S3-526440069	India	India	Vaayuam Trexim Pvt Ltd	Pvt Vaayuam Trexim Ltd	Plot No.29/B, P&T Colonythirumalgherry Secunderabad., Andhra Pradesh, Telangana	Plto No.29/b, Hyderabad City Region, Andhra Pradesh, TG
S1-708555068	S3-808768381	US	US	Jankovic Management, LLC	Jankovic Management, Llc	440 Mackenzie Way, TN, Franklin	440 Mackenzie Way, Franklin, Tennessee
S1-924581395	S3-179843623	US	US	Norton Heartland Auto	norton heartland [auto]	17 Broadship Road, Dundalk, MD	#17 Broadship Rd, Dundalk, Maryland
S1-517037225	S3-554029037	US	US	Dunning, Tolentino and Wolf	Dunning, Tolentino and Wólf	215 Pine Street, Unit 5101, Charlotte, NC	215 Pine St, # 5101, Charlotte, North Carolina
S1-709665814	S3-160987857	US	US	Summit Marine LLC	Summit Marine	6816 Holabird Avenue, MD, Dundalk	6816 Holabird Avenue, Dundalk, Maryland
S1-105899883	S3-906270369	India	India	Gulabbagh Consultants LLP	Gulabbagh LLP Service	Barsouni Chowk, N.H.-31, Gulabbagh, Purnea, Bihar	Barsouni Chowk, Gulabbagh, Purnea, बिहार
S1-281431005	S2-302014730	US	US	Bay Pinnacle Horizon	Bay Pincacle Horizon	1800 Estuary Road, MD, Windsor Mill	WINDSOR MILL, MD, 001800 ESTUARY RD
S1-101631596	S2-196290635	US	US	Heitz, Hall & Miller LLC	Heitz, Hall & Miller	6200 Soundview Drive, Unit #S202, Gig Harbor, WA	WA, GIG HARBOR, 6200 SOUNDVIEW DR
S1-678257119	S2-352698530	India	India	Induja (india) Private Limited	Induja (india) Private Ltd	Noida, Uttar Pradesh, Flat No- 1202 Tower-Gloxinia Paramount Floraville Sector-137, Gautam Buddha Nagar	FLAT NO- 1202  TOWER-GLOXINIA PARAMOUNT FLORAVILLE SECTOR-137, NOIDA, Uttar Pradesh
S1-767793527	S3-321183969	India	India	Infinit Holdings	Infinit	Plot No. 38, Lasudiya Mori, Indore, Madhya Pradesh	
S1-636214768	S2-591849763	India	India	Ventures Dd Educational Limited	Ventures  Dd Educational Limited	Kerala, Kozhikode, Thayyil House, Safa, Kmk Haji Road, Petta	THAYYIL HOUSE, SAFA, KMK HAJI ROAD, PETTA, KOZHIKODE, Kerala
S1-95343948	S2-980941842	India	India	Lotus Products Private Limited	ਲੋਟਸ ਪ੍ਰੋਡਕਟਸ ਪ੍ਰਾਈਵੇਟ ਲਿਮਟਿਡ	Vpo Issewal Distt. Ludhiana, Ludhiana, Punjab	VPO ISSEWAL DISTT. LUDHIANA, <NULL>, LUDHIANA, Punjab
S1-617360420	S3-612914496	US	US	Huerta Research Partners	Huerta Research (Partners)	8213 Blackjack Oak Court, Harrisburg, NC	
S1-117550903	S3-344076293	US	US	New Life Baptist Church	New Life  Baptist Church	2539 Gantz Road, Unit D, Grove City, OH	2539 Gantz Rd, Grove City, Ohio
S1-74210632	S2-217570139	India	India	Scheme No. 54 Vijay Nagar Solutions Corporation	schemeno54.com	Rh - 6, Scheme No. 54 Vijay Nagar, Indore, Madhya Pradesh	RH - 6, SCHEME NO. 54 VIJAY NAGAR, Madhya Pradesh
S1-997129483	S3-607612575	India	India	Sree Business Private Limited	Sree Busainiess Private Limited	H. No. 203 A/P Dangargoan Taluka Mulshi, Pune, Maharashtra	Pune, MH, Pune, H. No. G-203 A/p Dangargoan Taluka Mulshi
S1-133806279	S3-970699450	US	US	Allied Coastal Workshop LLC	-- ALLIED COASTAL WORKSHOP LLC	2632 Silver Place, Unit COND, Anchorage, AK	263 Silver Place, null, Anchorage, Alaska
S1-321917436	S2-688562401	US	US	Flaherty's Homecare, Inc	FLAHERTY'S INC CENTER	241 Main Street, NY, Whitesboro	241 MAIN STREET, WHITESBORO, NY
S1-487831242	S2-225258785	US	US	Jarlola Staffing LLC	JARLOLA  STAFFING	12015 Marine Drive, Unit CAMPSITE 2003, Marysville, WA	012015 MARINE DRIVE, MARYSVILLE, WA
S1-462046944	S2-67489529	India	India	Ss Consultants LLP	SS  CONSULTANTS LLP	16/67-68, Faiz Road, Second Floor Karol Bagh Above S.B.Vijay Bank, New Delhi, Central Delhi, Delhi	
S1-205947568	S3-39086146	India	India	High Logistics Limited	हाई लॉजिस्टिक्स लिमिटेड	Laxmi Sadan, Opposite Subhash Park Near Jama Masjid, Bharatpur, Rajasthan	Laxmi Sadan, Bharatpur, RJ
S1-36656414	S3-323823605	India	India	Urban Unique Enterprises Limited	ಅರ್ಬನ್ ಯುನೀಕ್ ಎಂಟರ್‌ಪ್ರೈಸಸ್ ಲಿಮಿಟೆಡ್	14Th Floor, Embassy One, Pinnacle Tower, 8 Bellary Road, Rt Nagar Gananagar, Bangalore North, Bangalore, Karnataka	14Th Floor, Bangalore, Bangalore North, ಕರ್ನಾಟಕ
S1-724336944	S3-443029278	US	US	Coleman, Goldi T., CPA	Coleman, Globai T., CPA	IL, Woodstock, 1427 Bull Valley Drive	1427 Bull Valley Drive, Woodstock, Illinois
S1-460861997	S2-376854249	India	India	Engineers Marketing Ltd	Smt Engineers Márketing Ltd	No 162, First Floor, Kbar Main Road, Bangalore North, Bangalore, Karnataka	NO 162, FIRST FLOOR, KBAR MAIN ROAD, BANGALORE NORTH, Karnataka
S1-67246733	S2-598385257	India	India	Balaji Industries Pvt Ltd	बालाजी इंडस्ट्रीज प्रा. लि.	Pune, Mahalaxmi Vihar Shop 58, Pune City, Prime Developers, Maharashtra	PRIME DEVELOPERS, PUNE CITY, Maharashtra
S1-69823873	S3-835409986	India	India	AZF Industries Pvt Ltd	AZF Industries Pvt Limited	Innov8 Ucp, 09Th Floor, Tower D, Unitech Cyber Park, Sector 39, Gurgaon, Sadar Bazar, Gurgaon, Haryana	Plot 837 Innov8 Ucp, 09Th Floor, Tower D, Unitech Cyber Park, Sector 39, Gurgaon, Sadar Bazar, Gurgaon, HR
S1-666172117	S3-866542401	US	US	Prime Land	Prime Ldd	87 Bog Road, Montville, ME	Bog Road, Freedom, Maine
S1-807858178	S2-89349863	India	India	Vision Foods Private Limited	Visi0n Fóods Private Ltd	3020/Xvii, Mill Road, Kollam, Kerala	BLOCK E-85 3020/XVII, MILL ROAD, KOLLAM, null, Kerala
S1-349579972	S2-578293749	India	India	Allahabad Media Private Limited	@allahabadmedia	C/O Shyam Sundar Kesharva Jasra Bazar, Allahabad, Uttar Pradesh	C/O SHYAM SUNDAR KESHARVA JASRA BAZAR, ALLAHABAD, Uttar Pradesh
S1-12035841	S3-460652759	US	US	Beacon Royal Couriers	Beacon Royal Couriers Inc.	Kenmore, 18621 67th Place, WA	8621 67th Pl, Kenmore, Washington
S1-353207666	S2-769709128	US	US	Kramer Pioneer Enterprises	Kramer Pioneer Enterprises Corp	7601 Pacific Avenue, Unit #5, Tacoma, WA	7601 PACIFIC AVE, TACOMA, WA
S1-233544419	S2-710890207	India	India	Sai & Brothers Pvt Ltd	Sai & Brothers Pvt	Bangalore, #96, 3Rd Floor, Infantry Road, Shivajinagar, Karnataka, Bangalore	##96 , 3RD FLOOR, INFANTRY ROAD, SHIVAJINAGAR, BANGALORE, Karnataka
S1-617953891	S2-495842901	India	India	Tiruppur Marine Private Limited	Tiruppur Marine Private	Coimbatore, Annamalaiyar Nagar, Tamil Nadu, Tiruppur, S.Fno 65/1A1	S.FNO B3/65/1A1, ANNAMALAIYAR NAGAR, TIRUPPUR, Tamil Nadu
S1-515303968	S3-616886041	US	US	Raddatz, Weaver and Schmitz Inc	Raddatz, Weaver And Schmitz Ínc	6545 27th Avenue, Seattle, WA	6545 27st Ave, Seattle, Washington
S1-592954347	S3-706576856	US	US	Chiropractic Partners of South Bend	Chiropractic Partners Of South Bend Corp	1646 Illinois Street, South Bend, IN	Illinois Street, South Bend, Indiana
S1-143982608	S3-120258685	US	US	Buraify Diamond Dbdr L.L.C.	Buraify Diamond Dbdr	3019 Windwood Trails Drive, St Peters, MO	Missouri, Windwood Trails Drive, St Peters
S1-986510746	S2-859267571	India	India	Fashions Developers Private Limited	Fashions Developers Private Ltd	Sp-1, Sangria Industrial Area 2Nd Phase, Sangria, Jodhpur, Rajasthan	SP-1, SANGRIA INDUSTRIAL AREA 2ND PHASE, SANGRIA, JODHPUR, Rajasthan
S1-167019398	S2-284668762	US	US	Brina T. Barden, Ph.D. Group	Brina T. Bardn Ph.D. Group	12322 Gaskin Way, Carmel, IN	12322-C GASKIN WAY, CARMMEL, IN
S1-499509552	S2-786370668	India	India	Vijay Infra Private Limited	VIJAY INFRA PRIVATE	Kamla Hairtege, 7Th Floor, Plot No. 127, Gulmohar Road, 10 Jvpd, Andheri (West), Mumbai, Mumbai City, Maharashtra	KAMLA HAIRTEGE, D/7TH FLOOR, PLOT NO. 127, GULMOHAR ROAD, 10 JVPD, ANDHERI (WEST), MUMBAI, महाराष्ट्र
S1-47786519	S3-708342882	US	US	Vaa First Associated, LLC	Vaa  First Associated, LLC	3253 110P Avenue, Dickinson, ND	3253 110P Ave, North Dakota, Dickinson, null
S1-781482171	S2-663009399	US	US	VX Amc PLLC	VX Amc	1135 Oak Park Avenue, Oak Park, IL	IL, 1135 OAK PARK AVE, OAK PARK
S1-65971144	S3-155530495	India	India	Engineering Dhirubhai Infrastructure Private Limited	Engineering Dhirubhai Infrastructure Private Ltd	Sanskrut, 4Th Floor, Nr. Old High Court Ashram Road, Ahmedabad, Gujarat	Hn #733 Sanskrut, 4Th Floor, Nr. Old High Court Ashram Road, Ahmedabad, GJ
S1-888659803	S2-789529036	US	US	Cornerstone Peoples LLC	Cornerstone  Peoples	1717 7th Street, Hopkinsville, KY	#1717 SEVENTH ST, HOPKINSVILLE, KY
S1-790014906	S3-886156344	India	India	Om Investments Private Limited	Om ਇਨਵੈਸਟਮੈਂਟਸ Private Limited	C/O.Sukhwinder Singh S/O.Kuldeep Singh, Village Nodhemajra, Anandpur Sahib, Rupnagar, Punjab	C/o.sukhwinder Singh S/o.kuldeep Singh, Village Nodhemajra, Anandpur Sahib, Rupnagar, ਪੰਜਾਬ
S1-957481376	S3-686810719	US	US	Orbify Five Care	@orbifyfive	4737 875th Avenue, Altamont, IL	Altamont CDP, 4737 1/2 875th Ave, <NULL>, Illinois
S1-782023711	S2-511762997	US	US	Clean Heartland Yield Group	Clean Héartland	802 Blue Moon Court, Greensboro, NC	
S1-24115094	S3-218732115	US	US	Advanced Wholesale Networks	Advanced Wholesale Networks	Tinley Park, IL, 17231 Foxgrove Lane	17231 Foxgrove Lane, Tinley PARK CDP, Illinois
S1-650508829	S2-483282754	US	US	Valry's Trusted Diagnostics	Valry's Trusted	21206 Cairo Hollow Road, Athens, AL	21206 CAIRO HOLLOW ROAD, ATHENS, AL
S1-593511764	S3-661511178	US	US	Scholarship Silver Ministries LLC	Novipyrabelo t/a Scholarship Silver Ministries LLC	194 Lake Street, Hempstead, NY	194 Lake Street, Hempstead, NY
S1-765242684	S3-257059756	US	US	South Chenghe LLC	South Cthnehe  LLC	1800 Bismarck Expressway, Bismarck, ND	#1800 Bismarck Expy, Bismarck, North Dakota
S1-24338366	S3-467535507	India	India	Anand Black Products Private Limited	આનંદ બ્લેક પ્રોડક્ટ્સ પ્રાઇવેટ લિમિટેડ	A-8, Times Corporate Park, Thaltej-Shilaj Road, Daskroi, Ahmedabad, Gujarat	A-8, Daskroi, Ahmedabad, ગુજરાત
S1-575546577	S2-698142326	US	US	United Holdings Group P.C.	UNSRITD HOLDINGS GROUP P.C.	21 Hawthorne Avenue, Hamden, CT	HAMDEN, CT, 21 HAWTHORNE AVE
S1-664741123	S3-479490815	US	US	Verina Koch, DPM	Verina Kmfh DPM	535 Braintree Terrace, Rock Hill, SC	535 Braintree Ter, Rock Hill, South Carolina
S1-141403726	S3-757301058	US	US	Cindelyn's Pizza	Cindelyn's Pízza Pízza	AZ, Surprise, 16945 Stadium Way, Unit 1031	Surprise, 16945-D Stadium Way, Unit 1031, Arizona
S1-71527248	S2-876766104	US	US	Cruz & Shifflett Johnson LLC	LLC CRUZ & SHIFFLETT JOHNSON	Unit 213, CA, 1026 17th Street, Sacramento	17ND STREET, SACRAMENTO, CA
S1-583213394	S3-993575833	India	India	Prem Security Pvt Ltd	@premsecurity	A4 807, Sn32/7/1 3 4 5 6 Arc Gaurav Society, Undri-Pisoli Road, Pune, Maharashtra	A4 807, Sn32/7/1 3 4 5 6 Arc Gaurav Society, Undri-pisoli Road, Pune, MH
S1-460008383	S3-885905186	US	US	Star Mfa LLC	Star Mfa  LLC	8201 Tierra Del Sol Road, Arlington, TX	8201-8205 Tierra Del Sol Road, Arlington, Texas
S1-877590571	S2-828956597	US	US	Briscoe Frontier Ligand, LLC	BRISCOEFRONTIERLIGAND.COM	405 Commerce Street, Granger, TX	0405 COMMERCE ST, GRANGER, TX
S1-741216335	S3-965865038	India	India	Defence (India) Industrial Private Limited	Defence-(India) Industrial Private-Limited	C/O Rahul Pratap, Patna, Bihar, Ground Floor New Capital, Boring Canal Road, Patna	C/o Rahul Pratap, Ground Floor New Capital, Boring Canal Road, Patna, Kadamkuan, बिहार
S1-1763498	S3-255293903	US	US	Peters Family Office	Peters-Family Office	14466 Elick Road, Logan, OH	14466 Elick Rd, Logan, Ohio
S1-242411848	S3-960266246	US	US	Heartland Veterinary Clinic LLC	Heartland Veterinary Clinic Llc	1528 Rollins Avenue, Capitol Heights, MD	1528- Rollins Ave, Capitol Heights, Maryland
S1-769231047	S2-169702264	India	India	Gujarat Global Pvt Ltd	Gujarat Global Pvt Ltd	P-38 Princep Street, 2Nd Floor, Kolkata, Kolkata, Howrah, West Bengal	HN 15 P-38 PRINCEP STREET, 2ND FLOOR, KOLKATA, KOLKATA, West Bengal
S1-64003565	S2-257513505	India	India	Eywa Trading Group	Eywa  Trading	B-3/158 F/F, New Delhi, West Delhi, Delhi	Delhi, B-3/158 F/F, NEW DELHI
S1-908227518	S3-577458397	US	US	Patterson John, Inc	Patterson John, Inc	10824 170th Street, Renton, WA, Bldg A	70824 170th Street, N/A, Renton, Washington
S1-464095516	S3-49996510	India	India	My Properties Private Limited	My Properties Private	C/O Ashish Keshavprasad Rathi, Amravati, Anjangaon, Maharashtra, Surji Takarkheda Naka, Saint Merry School	C/o Ashish Keshavprasad Rathi, Anjangaon, Amravati, Surji Takarkheda Naka, Saint Merry School, MH
S1-524977792	S2-933365570	India	India	Fabric (India) Pictures Company	fabric (india) pictures (company)	S-7/170-172, Uttar Pradesh, Orderly Bazar Golghar, Kachahari, Varanasi	S-##7/170-172, ORDERLY BAZAR GOLGHAR, KACHAHARI, VARANASI, Uttar Pradesh
S1-500666125	S3-997387763	US	US	Pacific Freight Systems	Pacific Freight	2814 6th Avenue, Texas City, TX	Sixth Avenue, Texas City, Texas
S1-225934983	S2-81756216	India	India	Ballia International Center	Ballia Center International	80 Chitu Pandey Choraha, Ballia Chiitu Pandey, Ballia, Uttar Pradesh	H.NO 80 CHITU PANDEY CHORAHA, BALLIA CHIITU PANDEY, BALLIA, Uttar Pradesh
S1-132316322	S2-761031002	US	US	Coleman Rockwool	Coleman  Rockwool	1200 Bridgeport Way, Unit #312, Suffolk City, VA	BRIDGEPORT WAY, SUFFOLK CITY, VA
S1-820950638	S3-20258128	US	US	Twisted Cafe	Twisted Cafe	2941 Crystal Springs Road, University Place, WA	2941 Crystal Springs Rd, Tacoma, Washington
S1-944095561	S2-937613701	US	US	Galan Premier Viking LLC	Galan Premier Viking Llc	1655 Secretariat Lane, Irving, TX	1655 SECRETARIAT LN, PMB 4332, IRVING, TX
S1-622491633	S2-932513901	India	India	Pioneer Tirupati Builders Pvt Ltd	पायोनियर तिरुपति बिल्डर्स प्रा. लि.	S-14, Basement, Dlf Dishad Ext-Ii, Loni, Ghaziabad, Uttar Pradesh	S-14, BASEMENT, DLF DISHAD EXT-II, LONI, GHAZIABAD, उत्तर प्रदेश
S1-833516184	S3-911231442	US	US	Dynamic Insurance Enterprises Inc.	Dynamic Ínsurance	397 3380, Hurricane City, UT	397 3380, Hurricane, Utah
S1-647214094	S3-237837363	India	India	Consulting Orex Food Private Limited	Consulting Orex Food Private	At Post Rajur Tal Akole, Ahmednagar, Maharashtra	At Post Rajur Tal Akole, Ahmednagar, MH
S1-431965161	S3-505771378	India	India	Laurus Traders Private Limited	Dr Laurus Tráders Private Limited	3393, 3Rd Floor, Ranjet Nagar South Patel Nagar, Near Siddarth Hotel, Delhi, Central Delhi, Delhi	Central Delhi, Delhi, 3Rd Floor, Ranjet Nagar South Patel Nagar, Near Siddarth Hotel, DL, 393
S1-123586306	S3-256094746	US	US	Hinton Clean Deli	Miratavo+ f/k/a Hinton Clean Deli	291 Grand Harbour Court, Franklin County, VA	291 Grand Harbour Court, Franklin County, VA
S1-526200001	S2-429806500	US	US	Vaughan Petroleum LLC	Vaughan Pétroleum LLC	234 Johnson Cove Road, Copperhill, TN	JOHNSON COVE RD, COPPERHILL, TN
S1-80253989	S3-641525796	US	US	Apex Engineering	apexengg.com	141 Oak Street, South Windsor, CT	Connecticut, South Windsor, 14 Oak Street
S1-71553624	S2-230776830	US	US	Dental Center	Dental  Center	ND, 8424 111th Avenue, Oakes	8592 111TH AVENUE, OAKES, ND
S1-403791891	S2-558678251	US	US	Arleta Hamre, DMD LLC	Arleta Hamre, DMD	6063 Country Highland Lane, Mebane, NC	6063 COUNTRY HIGHLAND LN, MEBANE, NC
S1-871183760	S2-816374750	India	India	Ashtavinayak Sangh	Ashtavinayak Center	Plot No. 1346, 1St Floor, Indl. Area, Blk-H, Dsidc, Delhi, North West Delhi, Delhi	PLOT NO. 1346. , 1ST FLOOR, INDL. AREA, BLK-H, DSIDC, DELHI, Delhi
S1-623657360	S2-835888869	India	India	Monarch Group	MONARCH	901-C, 9Th Floor, S.No-315/1, Sahajanand Complex Opp. Swaminarayan Mandir, Shahibaug, Ahmedabad, Gujarat	901-C-, 9TH FLOOR, S.NO-315/1, SAHAJANAND COMPLEX OPP. SWAMINARAYAN MANDIR, SHAHIBAUG, AHMEDABAD, ગુજરાત
S1-913210556	S3-965692722	US	US	Wright Unified Health Center	Kelogild dba Wright Unified Health Center	111 Maple Street, Unit C, Covington, TN	111 Maple Street, Unit C, Covington, TN
S1-708852730	S2-993812597	US	US	Preferred Boutique Inc.	Preferred Boutique Inc.	7846 Indiana Avenue, Chicago, IL	7846 INDIANA AVE, CHICAGO, IL
S1-438662769	S2-802761861	US	US	Lower Velos	Lower  Center	1733 Manor Road, Dundalk, MD	MD, DUNDALK, 173 MANOR RD
S1-959219441	S2-768748939	India	India	Maa (India) Movies Partners	M/s Maa (India) Movies Partners Ltd	1/Hariohm Estate, Nr Dipak, Chemical, Nr H K Pharma, Daskroi, Ahmedabad, Gujarat	DOOR NO 1/HARIOHM ESTATE, NR DIPAK, CHEMICAL, NR H K PHARMA, DASKROI, Gujarat
S1-788596623	S3-750656451	India	India	Akshar & Brothers	Akshar &  Brothers	L-0104, 1St Floor, Techzone-4, Fusion Homes, Bishrakh, Gautam Buddha Nagar, Uttar Pradesh	L-b3/0104, Bishrakh, Gautam Buddha Nagar, UP
S1-764070473	S3-246081449	US	US	Chen Cornerstone Hawaii LLC	Chen Ciornerstoeen Hawaii  LLC	30 Canal Street, Brattleboro, VT	30 Canal Street, Brattleboro, Vermont
S1-172642039	S2-792459087	US	US	Cure Pilates	Cure Pels	2945 G24 Sangamon Avenue, Springfield, IL	2945 G24 SANGAMON AVENUE, SPRINGIELD, IL
S1-911108366	S3-617207178	India	India	Fusion Trading Private Limited	fusion trading private [limited]	Flat No.101, 2Nd Floor, A Wing Motoshri Complex, Cts No. 754, Guruwar P, Eth, Pune, Maharashtra	Flat No.101, Pune, महाराष्ट्र
S1-369509571	S2-45001549	US	US	Long Alto LLC	LONG ALTO	11800 Mccree Road, Dallas, TX	DALLAS, N/A, TX, 11800 MCCREE RD
S1-634742478	S3-499057290	India	India	Thy Developers Private Limited	Dr Thy Developers Limited Service	506-B Premium House, Opp. Gandhigram Railway Stn. B/H. Handloom House, Ahmedabad, Gujarat	Opp. Gandhigram Railway Stn. B/h. Handloom House, Ahmedabad, 0506-B Premium House, GJ
S1-956508611	S3-151513103	India	India	Kolkata Real Ltd	Kolkata Real [Ltd]	2/24 Poddar Nagar Colony Lp-87/08/0/03, Kolkata, Howrah, West Bengal	Poddar Nagar Clony Lp-87/08/0/03, Kolkata, Howrah, WB
S1-12176125	S3-236640025	US	US	Knighton & Robinett Inc	Nylaquo trading as Knighton & Robinett Inc	184 188th Place W, Sand Springs, OK	184 188th Place W, Sand Springs, OK
S1-992233030	S2-343734579	US	US	Pinnacle Bankshares	Pinnacle Bankshares	513 Cain Avenue, Morristown, TN	513 CAIN AVENUE, MORRISTOWN, TN
S1-336904992	S3-792585291	India	India	Enterprise Shipping Care	Enterprise	Ucp-036, Bengal Ambuja Housing Complex City Centre, Durgapur, Bardhaman, West Bengal	Ucp-036, Bengal Ambuja Housing Complex City Centre, Durgapur, Bardhaman, West Bengal
S1-916174128	S2-909937639	US	US	Frontier Delta Opportunity LLC	FRONTIER DELTA ÓPPORTUNITY LLC	16 Adams Street, Brookline, MA	MA, 16 ADAMS ST, BROOKLNE
S1-320574915	S2-761778995	India	India	Hopes (bombay)	H0pes (obmaby)	559/8/1. Vimawala Estate, Patel Compound, Phase - 4, Hathijan Road, Vatva, Ahmedabad, Gujarat	473 559/8/1. VIMAWALA ESTATE, PATEL COMPOUND, PHASE - 4, HATHIJAN ROAD, VATVA, AHMEDABAD, ગુજરાત
S1-414016949	S2-652508788	US	US	Arabela Richmond Prairie Holdings	aprichmond.com	14704 Harrowgate Road, Chesterfield County, VA	14705 HARROWGATE RD, CHESTER, VA
S1-246140633	S2-503848720	India	India	Trigger Steel Pvt. Ltd.	Sri Trigger Steel Ltd. Pvt.	C 6 Velani Estatekhotkuwa Road Rani Sati Marg Mald (East), Mumbai, Maharashtra	H.NO 183 C 6 VELANI ESTATEKHOTKUWA ROAD RANI SATI MARG MALD (EAST), MUMBAI, महाराष्ट्र
S1-12017166	S2-237831460	US	US	Mount Zion	MOUNT ZION LP	1111 Ural Drive, Carlsbad, NM	
S1-270488220	S2-712829351	India	India	Ficus Group	FICUS CORP	Aurangabad, Plot No M-163Midc Area, Maharashtra	PLOT NO M-3-163MIDC AREA, AURANGABAD, Maharashtra
S1-790834219	S2-744787494	US	US	Orthopedic Specialists	Orthopedic Specialists  Inc.	AR, Sheridan, 3245 Highway 270	245 HIGHWAY 270, SHERIDAN, AR
S1-957204591	S3-996736865	US	US	Harmon Sim	Harmon-Sim LP	25 19th Avenue, Hopkins, MN	25-29 19th Ave, Hopkins, Minnesota
S1-305053501	S2-60878046	India	India	Dream Products Pvt Ltd	ड्रीम प्रोडक्ट्स प्रा. लि.	C/O Shri Babu Genbhau Ghodekar Mahalunge (P) Tal Ambegaon Dist. Pune Mahalunge P, Pune, Maharashtra	Maharashtra, PUNE, C/O SHRI BABU GENBHAU GHODEKAR MAHALUNGE (P) TAL AMBEGAON DIST. PUNE MAHALUNGE P
S1-828721508	S2-332585942	US	US	Pacific Council LLC	LLC Pacific Council	6637 Merry Lane, Houston, TX	6637 Merry Lane, HOUSTON, TX
S1-455186153	S3-531219113	US	US	Merry Investments Inc	Merry Investments Inc	4006 Summer Hollow Court, Unit CND 154E, Fairfax County, VA	
S1-854418344	S3-747126694	US	US	Federal Xcel LLC	Federal Xicce LLC	12 Cortland Place, Islip, NY	12- Cortland Place, Islip, New York
S1-610589775	S2-293309936	India	India	Lotus Foundation Pvt Ltd	लोटस फाउंडेशन प्रा. लि.	Flat No. B-74, Tower- B, 11Th Floor Swastik Gardenia Shivpur, Varanasi, Uttar Pradesh	FLAT NO. B-9-74, TOWER- B, 11TH FLOOR SWASTIK GARDENIA SHIVPUR, VARANASI, उत्तर प्रदेश
S1-624024647	S3-994838983	US	US	Vanguard Grand Forefront	Miralum D.B.A. Vanguard Grand Forefront	2703 Haley Avenue, Haltom City, TX	2703 Haley Avenue, Haltom City, TX
S1-285606992	S3-516957902	India	India	Screen Connect Private Limited	Screen Private  Limited Center	21/1756A, Payyanakkal, Kallai Po, Kozhikode, Kerala	21/1756A, Kozhikode, KL
S1-913961553	S2-649263334	India	India	Unique Consulting Private Limited	Unique Consulting  Private Limited	Flat No. G-3 Kalkaji, Delhi, Dd-36, New Delhi	NO 713 DD-36, FLAT NO. G-3 KALKAJI, Delhi
S1-881452038	S2-576428999	US	US	Great Clean Equipment LLC	Great Clean  Euqipment LLC	1688 North Avenue, Bridgeport, CT	1688 NORTH AVE, BRIDGEPORT, CT
S1-270137129	S3-787241245	US	US	Alyssa Carpenter Valley Rre	carpenter, alyssa valley rre	3602 Wyndham Ct, Unit 8, Jeffersontown, KY	3601 Wyndham Ct, Jeffersontown, Kentucky
S1-597883271	S2-407890164	US	US	Diamond Intelligence Union LLC	Diamond  Intelligence Union	7957 Arrow Road, Motley, MN	7957 1/2 ARROW ROAD, MOTLEY, MN
S1-577321849	S3-774483762	US	US	Pacific Prudential	Pacific Prudential	422 Clinton Street, Chicago, IL	422 Clinton Street, N/A, Chicago, Illinois
S1-927265393	S2-287388443	US	US	Patriot Medical Inc	Patriot Inc Medical	623 137th Avenue, Vancouver, WA	623 1/2 137TH AVENUE, VANCOUVER, WA
S1-851833384	S3-266202538	US	US	Jackson, Scott and Essary	Jackson, Scott And Éssary Ltd	Fairfax County, VA, 9512 Ferry Harbour Court	951 Ferry Harbour Court, Fairfax County, Virginia
S1-987682343	S3-49050532	US	US	Benitez Capital Business LLC	Zetaonyx Labs D.B.A. Benitez Capital Business LLC	875 Depot Street, Unit A222, Clearfield, UT	875 Depot Street, Unit A222, Clearfield, UT
S1-274565849	S2-261903915	India	India	One Impex Private Limited	One Private Impex Limited	Junagadh, Talala, Gujarat, Rabariwada Tci, Gir Somnath, Nr. Post Office Sheri	NR. POST OFFICE SHERI, RABARIWADA TCI, GIR SOMNATH, TALALA, ગુજરાત
S1-400792469	S2-132014315	India	India	Phulwari Instruments Pvt Ltd	Phulwari Instruments Pvt Limited	302 Badal Niwas Appartment, Bihar, Patna, Phulwari, Ganesh Path, Road No-01, Shivpuri	302 BADAL NIWAS APPARTMENT, GANESH PATH, ROAD NO-01, SHIVPURI, PHULWARI, Bihar
S1-201908274	S3-15579318	India	India	Royal Green (India) Private Limited	Royal Green (India) Prívate Limited	3 Floor, Plot19B, Veer, Savarkarblock, Shakarpur, 207, Delhi, East Delhi	207., 3 Floor, Plot19b, Veer, Savarkarblock, Shakarpur, East Delhi, DL
S1-762642202	S2-315836485	US	US	Hurst Better Kkr LLC	Hurst Bhle Kkr LLC	101 Marshall Drive, Forest Hill, MD	101 MARSHALL DRIVE, FOREST HLL CDP, MD
S1-39494898	S3-569401363	US	US	Ly, Pritchard & Chang	Ly, Pritchard	1916 Russell Avenue, East Saint Louis, IL	1916. Russell Ave, East Saint Louis, Illinois
S1-189914074	S3-687979158	US	US	Fresh Environmental Digital LLC	fresh environmental digital llc	13212 Dartagnan Court, Saint Louis, MO	#13212 Dartagnan Court, Saint Louis, Missouri
S1-828266662	S2-744193500	US	US	Detetech LLC	Detetech LLC	204 Marcus Drive, Cherryville, NC	204 MARCUS DRIVE, CHERRYVILLE, NC
S1-533051084	S2-131627553	India	India	Lotus Foods Private Limited	लोटस फूड्स प्राइवेट लिमिटेड	S 287-3 4 5, Baner Road, Riviresa, Fl C- 302, Pune, Maharashtra	BANER ROAD, RIVIRESA, FL C- 302, Maharashtra, S 287-3 4 5, PUNE
S1-181408252	S2-490831336	US	US	Precision Digital Networks Inc	Precision Digital Networks	142 Maryland Street, Bldg Lower, Rochester, NY	142 MARYLAND STREET, ROCHESTER CITY, NY
S1-562121979	S2-403704225	India	India	Global Broking Private Limited	Private Global Broking Limited	34/1 Vikas Appartmentseast Punjabi Bagh, Delhi, West Delhi, Delhi	34/1  VIKAS APPARTMENTSEAST PUNJABI BAGH, SONIPAT, WEST DELHI, Delhi
S1-15237971	S3-342843736	India	India	TKG Products Private Limited	TKG-Products	1 Fr, Fl 3, 2/83 A Vivek Nagar Lp 167/6/1, Kolkata, Kolkata, Howrah, West Bengal	1 Fr, Fl 3, 2/83 A Vivek Nagar Lp 167/6/1, Kolkata, Howrah, Kolkata, WB
S1-440425111	S2-866787899	US	US	Lawrence Safe LLC	Lawrence Safe	307 Hull Street, Denison, TX	HULL ST, DENISON, TX
S1-960110517	S2-95040962	India	India	Pradeep Traders Private Limited	Limited Pradeep Traders Partners	Sf No.223/9, Pl.No.1, Doss Avenue, Palanthandalam Village, Sriperumbudur Taluk, Sriperumbudur, Kanchipuram, Tamil Nadu	SF NO.G-223/9, KANCHIPURAM, Tamil Nadu, SRIPERUMBUDUR
S1-718214863	S2-81489986	US	US	Peridance Microelectronics	PERIDANCE MÍCROELECTRONICS	1132 Hawthorn Road, Village Of Ashwaubenon, WI	1132- Hawthorn Road, VILLAGE OF ASHWAUBENON, WI
S1-961144499	S2-195636107	India	India	Urban Media Limited	அர்பன் மீடியா லிமிடெட்	107/12 2Nd Main, Vasanth Nagar, Hosur, Krishnagiri, Dharmapuri, Tamil Nadu	107/12 2ND MAIN, KRISHNAGIRI, DHARMAPURI, Tamil Nadu
S1-99284640	S2-862848245	India	India	Eluru Fabrics	Eluru Fabrics Co	H.No.130/1, Near Bridge, Epuru, Eluru, Eluru, West Godavari, Andhra Pradesh	Andhra Pradesh, NO 130/1 , NEAR BRIDGE, EPURU, ELURU, ELURU
S1-268174726	S3-118121150	US	US	Bronson Group	Bggdnin Group Group	VA, Frederick County, Unit APT 109, 113 Pallid Court	# APT 109, Winchester, 113 Pallid Ct, Virginia
S1-238603384	S3-779930297	US	US	Devine and Pottebaum Clinic	devine and pottebaum clinic	1147 Timbertrail Court, Dayton, OH	01147 Timbertrail Ct, NULL, Dayton, Ohio
S1-805945519	S3-942514533	India	India	DWL Udyog Private Limited	DWL Private Limited Services	First Floor Plot No-37, Shivaji Enclave, Delhi, West Delhi, Delhi	First Floor Plot No-g-37, Shivaji Enclave, West Delhi, Delhi, DL
S1-878767558	S3-856391221	US	US	Rocky Block LLC	rockyblock.com	840 Fairway Drive, Forsyth, IL	Fairway Dr, Forsyth, Illinois
S1-578559100	S3-8711624	India	India	Green Energy Private Limited	ग्रीन एनर्जी प्राइवेट लिमिटेड	H.N.9B, Flat-7, Ambedkar, Colony, Kh-61, Chhatarpur, South West Delhi, Delhi	No. 123- H.n.9b, Flat-7, Ambedkar, Colony, Kh-61, Chhatarpur, South West Delhi, DL
S1-72810887	S2-503324250	US	US	Ridge Endocrinology	Ridge  Endocrinology | www.ridgeend.com	6864 Bonanza Way, Forney, TX	6864 BONANZA WAY, FORNEY, TX
S1-409633529	S3-400267803	US	US	Clayton Fortress LLC	Clayton Fotress LLC	132 High Street, Tellico Plains, TN	Tennessee, #132 High Street, Tellico Plains
S1-40805093	S3-117086735	US	US	E M & Q Horizon LLC	E M and Q LLC Service	1385 University Drive, State College, PA	1385 University Dr, State College, Pennsylvania
S1-600327067	S3-689629823	US	US	Hillyer, Joya, MD	Hillyer, Joya, [MD]	3301 Draper Circle, Mesa, AZ	3301 Draper Cir, Mesa, Arizona
S1-410972103	S3-169014090	India	India	Sunrise Construction Private Limited	Sunrise Construction Private	Rs No 433 Common Connection, Shahu Corner Ichalkaranji, Hatkanangle, Kolhapur, Maharashtra	Rs No 433 Comon Connection, Kolhapur, महाराष्ट्र
S1-180410623	S2-760380659	India	India	SI Agritech	SI Ariehc	House No 1 M.P.Nagar Rani Koushlya Bhawan Gole Ka Mandir, Gwalior, Madhya Pradesh	HOUSE NO 1 M.P.NAGAR RANI KOUSHLYA BHAWAN GOLE KA MANDIR, GWALIOR, Madhya Pradesh
S1-447957493	S3-494419105	India	India	Maa Power Private Limited	Maa  Private Limited Center	7 26Kottaipalayam A C Pudur, Coimbatore, Tamil Nadu	7 26Kodtaipalayam A C Pudur, Coimbatore, TN
S1-622649822	S2-855029434	US	US	Ridge Entergy, L.L.C.	Ridge Entergy,  L.L.C.	3031 Rural Road, Unit 41, Tempe, AZ	3031 RURAL ROAD, TEMPE, AZ
S1-198608726	S3-847013620	India	India	Digital Enterprises Private Limited	M/s Digital Enterprises Private	G-1/134-B, Street No.-4 Opp. State Bank Of India, Uttam Nagar, Delhi, West Delhi, Delhi	G-1/134-b, West Delhi, दिल्ली
S1-743725026	S2-272841430	India	India	Golden Global Pvt Ltd	Golden Global Pvt Ltd.	1-111, Crystal Paradise, Veera Desai Road, Mumbai, Maharashtra	3-111, CRYSTAL PARADISE, VEERA DESAI ROAD, MUMBAI, महाराष्ट्र
S1-251575669	S2-210791968	India	India	Tech Shining Engineering Pvt Ltd	techshiningengineering.com	Central Delhi, Delhi, New Delhi, 19/13West Patel Nagar	DOOR NO 19/13WEST PATEL NAGAR, NEW DELHI, Delhi
S1-565130496	S3-856223632	US	US	Pinnacle Talent Associates LLC	Pinnacle-Talent	312 Hill Street, Farmersville, TX	
S1-41695059	S2-19684893	India	India	Galaxy Global Private Limited	ગેલેક્સી ગ્લોબલ પ્રાઇવેટ લિમિટેડ	3, Jay Bharat Society, Block No 3, Deesa, Banas Kantha, Gujarat	3, DAMA, Gujarat, DEESA
S1-537682885	S2-281360760	US	US	Novyn General	Novyn General	106 Pineridge Loop, Fairfield Glade, TN	106 PINERIDGE LOOP, FAIRFIELD GLADE, TN
S1-806279720	S2-753297496	India	India	Agro Chambal Foundation Private Limited	Agro Chambal Foundation Private (Limited)	19A, Shanti Kunj Main, Behind D-3 Vasant Kunj, New Delhi, Delhi	##19A, SHANTI KUNJ MAIN, BEHIND D-3 VASANT KUNJ, Delhi
S1-254678099	S3-130821085	India	India	Newbie Construction	Smt Newbie Construction	49/D, Gandhi Salai, E.B. Avenue, Kanchipuram, Tamil Nadu	
S1-65968494	S2-814552749	India	India	Mulshi Travels Private Limited	MULSHI TRAVELS	S.No. 75/1/2, Near Sharayu Toyota Showroom, Jivan Nagar, Mulshi, Pune, Maharashtra	S.NO. 75/1/2, NEAR SHARAYU TOYOTA SHOWROOM, JIVAN NAGAR, MULSHI, महाराष्ट्र
S1-857652630	S2-941661991	US	US	Total Equity Works LLC	Total Equity	519 Shasta Avenue, Unit 32, Eagle Point, OR	254 SHASTA AVE, EAGLE POINT, OR
S1-958959419	S3-717421702	India	India	Golden Technology Private Limited	गोल्डन टेक्नोलॉजी प्राइवेट लिमिटेड	7/105 E-5 Villa 3 Swaroop Nagar, Kanpur, Uttar Pradesh	7/105 E-5 Villa 3 Swaroop Nagar, UP, Kanpur
S1-980056393	S2-115374585	US	US	Zepp & Cabral Scientific LLC	ZEPP & CABRAL SCIENTIFIC LLC	1300 Airlee Drive, NC, Kinston	1300 AIRLEE DR, PMB 5594, KINSTON, NC
S1-752756627	S3-245900883	US	US	Beify Partners Inc.	Beify Beify Partners	NY, 4 Cottonwood Court, Woodbury	04 Cottonwood Ct, Woodbury, New York
S1-182547847	S2-8115739	US	US	Womens Health Clinic of Hixson Inc	womens health clinic of hixson inc	1612 Forest Edge Drive, Unit 104, Hixson, TN	FOREST EDGE DRIVE, HIXSON, TN
S1-752467192	S2-160757757	US	US	Value Bulkers PLLC	Value-Bulks PLLC	33 Warren Drive, Norwalk, OH	0033 WARREN DRIVE, PO BOX 1070, NORWALK, OH
S1-834816392	S3-272573	India	India	Aditya Hospital	Aditya Hospital	Flat No. 1-4, Sai Pratik, Survey No. 260/2/4, Ganesh Baug, Garud Heritage, Baner, Haveli, Pune, Maharashtra	Sai Pratik, Survey No. 260/2/4, Ganesh Baug, Garud Heritage, Baner, 1-4, MH, Haveli, Pune
S1-617620683	S2-431904464	US	US	Hollman, Bell and Page Ltd	HOLLMAN, BELL AND PAGE LTD	5104 Debeers Drive, City Of El Paso, TX	5104. DEBEERS DR, EL PASO, TX
S1-455823049	S2-674292263	US	US	Quality Brookfield	Quality Brukfield	34 Anne Drive, Guilderland, NY	34-36 ANNE DR, SCHENETCADY, NY
S1-343516	S3-591384634	US	US	Rezac and Dicker	Rezac And Dicker Co	158 Point O Woods Avenue, Brookhaven, NY	158 Point O Woods Avenue, Point O Woods, New York
S1-781995599	S2-572796645	India	India	Haveri Flow Pvt. Ltd.	Haveri Flow Pvt.	No, Haveri, Karnataka, Haveri, 404/A/4, Ambedkar Circle, Haveri	NO, 404/A/4, AMBEDKR CIRCLE, HAVERI, HAVERI, Karnataka
S1-756551795	S3-959063715	India	India	Beawar Industries Pvt Ltd	Beawar Industries	6/316, Diggi Mohalla, Beawar, Ajmer, Rajasthan	Beawar, Ajmer, 6/316, RJ
S1-143664070	S2-662086465	India	India	Cm & Partners	Cm & Partfrers	Rajasthan, Ward No -8 Gopal Gang, Sawai Madhopur, Gangapur	Rajasthan, WARD NO -8 GOPAL GANG, GANGAPUR, GANGAPUR
S1-281977911	S3-665563111	US	US	Stag, Corp	5tag,	1311 Junewood Way, Oxnard, CA	1311 Junewood Way, Oxnard, California
S1-631497217	S2-140735886	India	India	First Finance Private Limited	First Finance Private Ltd	At Plot No 1937 Baghamangala Lane Po Mangalabag Buxibazar, Cuttack, Orissa	AT PLOT NO 1937 BAGHAMANGALA LANE PO MANGALABAG BUXIBAZAR, CUTTACK, Odisha
S1-782454193	S2-72692940	India	India	Shiva Services	Smt Shiva Seices	At-Patharamunda, Po-Kaniha Infront Of Tahsil Office, Talcher, Angul, Orissa	DOOR NO 80 AT-PATHARAMUNDA, PO-KANIHA INFRONT OF TAHSIL OFFICE, TALCHER, ଓଡ଼ିଶା
S1-309960599	S3-573578385	US	US	Capital Ministries	Capital Ministries LP	4807 Greenfield Drive, Little Rock, AR	4807 Greenfield Dr, Little Rock, Arkansas
S1-265709166	S3-847539132	US	US	Vision Care Associates	Nyladrex trading as Vision Care Associates	5863 Crater Lake Highway, Fl 1, Central Point, OR	5863 Crater Lake Highway, Fl 1, Central Point, OR
S1-150230882	S2-29991310	US	US	Solay Coffee LLC	SOLAY COFFEE LLC	8900 Crow Circle, Greenville, TX	8900 1/2 CROW CIR, GREENVILLE, TX
S1-521958924	S2-312846408	India	India	Ujjaiya Services Group	UJJAIYA SERVICES (GROUP)	Shanta Complex, Office No. 1, Nutan Colony, Aurangabad, Maharashtra	
S1-977247989	S2-656237436	India	India	New Delhi India	NEW DELHI INDIA [CORPORATION]	South Delhi, New Delhi, Unit 102, Delhi, First Floor, Rectangle One	UNIT 102, FIRST FLOOR, RECTANGLE ONE, NEW DELHI, दिल्ली
S1-971546607	S3-850915289	US	US	Peex Transalta LLC	Peex  Transalta LLC	Sumas, 421 Cornerstone Drive, WA	Sumas, Washington, 421- Cornerstone Drive
S1-522595723	S2-124472947	US	US	IV Nexpoint, LLC	IV LLC Nexpoint,	8393 Us Highway 51, Millington, TN	US HIGHWAY 51, MILLINGTON, TN
S1-990517689	S2-570336125	US	US	Cardinal Inc	The Cardinal  Inc	28369 10, Elkhart, IN	28369 10, IN, ELKHART CITY
S1-726373733	S3-991534749	US	US	Ange's Properties	Ange's Services	8301 Loomis Boulevard, Chicago, IL	Loomis Blvd, Chicago, Illinois
S1-665593356	S3-801333525	US	US	Choice Telecom Innovations of Irving LLC	Choice Telecom Innovations of Irving	2620 Edinburgh Street, Irving, TX	Edinburgh St, Irving, Texas
S1-721944954	S3-475985152	US	US	Urology Capital Care Associates	Ur0logy Capital Care Associates Inc	115 Graves Drive, Tyrone Borough, PA	115 Graves Dr, Tyrone Borough, Pennsylvania
S1-330366749	S2-867450531	India	India	Gogia Medical Centre	Gogia Medical Centre Corporation	Lakshmikanta Barman Plot No-483, Bamanhat-I, North Lawchapra, Coochbehar, C/O-Ranjit Kr Barman, West Bengal, Koch Bihar	C/O-RANJIT KR BARMAN, LAKSHMIKANTA BARMAN PLOT NO-483, BAMANHAT-I, NORTH LAWCHAPRA, KOCH BIHAR, West Bengal
S1-86658284	S3-174691572	US	US	Elyse Trask, Ph.D.	Elyse Ph.D. (Trask,)	1506 Elizabeth Boulevard, Iowa Park, TX	1506 Elizabeht Boulevard, Iowa Park, Texas
S1-191899004	S2-769980524	US	US	Dori Rodriguez First Rock P.C.	Dori Rodriguez Rock P.C. Center	1810 Colorado Street, Unit 705, Victoria, TX	1810 COLORADO STREET, VICTORIA, TX
S1-653053845	S3-616988754	India	India	Fine Medical Centre	Fine Medica1 Centre Limited	Om Krupa Chs Ltd, Lower Kharodi, Malad (W) Opp. Marve Road Malad (W), 401, Maharashtra, Mumbai City, Mumbai	##401, Bombay, Mumbai City, MH
S1-853014868	S2-619583761	US	US	Miller Ithax Inc.	MILLER ITHAX INC.	5637 Iskra Boulevard, Bremerton, WA	563 ISKRA BLVD, BREMERTON, WA
S1-136999028	S3-63681553	US	US	Quinn Xii LLC	Quinn LLC Xii	1850 8th Street, Mesa, AZ	1850 8nd St, Mesa, Arizona
S1-720045408	S3-986035462	US	US	Smart Green Synchrony LLC	Smart Green Synchrony	8854 Marigold Lane, Manhattan, KS	8854 Marigold Ln, Manhattan, Kansas
S1-413217620	S2-315751194	India	India	Technologies Voodoo Medical Private Limited	Technologies Voodoo Médical Private	609/79, First Floor, Indira Colony, School Block, Mandwali Near Talab Chowk, East Delhi, Delhi	B3/609/79, FIRST FLOOR, INDIRA COLONY, SCHOOL BLOCK, MANDWALI NEAR TALAB CHOWK, EAST DELHI, Delhi
S1-320703507	S2-371026115	US	US	Waller Veterinary Clinic Inc	Waller  Veterinary Clinic Inc	Houston, 200 NW Mall, TX	0200 NORTHWEST MALL, HOUSTON, TX
S1-142342957	S3-399981397	India	India	Natura Corporate Private Limited	Natura Corporate Private	R1/1141, Adalat Ke Pass, Tikamgarh, Madhya Pradesh	R1/1141, Chhatarpur, Tikamgarh, MP
S1-481201493	S3-306614079	India	India	DTW Systech Corporation	DTW Systech Systech Córporation - 8715542748	Bathinda, First Floor Mcb Z4 07382 Namdev Nagar, Bathinda, Punjab	First Floor Mcb Z4 07382 Namdev Nagar, Bathinda, PB
S1-564822618	S2-285813820	US	US	Heim Idea Inc	Heim Inc [Service]	2237 Magnolia Place, Indianapolis, IN	2237 MAGNOLIA PL, INDIANAPOLIS, IN
S1-543348142	S2-899570178	US	US	Gonzales Worldwide Inc	Gonzales Worldwide-Inc	319 Market Street, Lewes, DE	319 MARKET ST, LEWES CITY, DE
S1-215201754	S2-47303263	US	US	Herrera, Nadean, D.C.	Herrera, Nfaeain, [D.C.]	110 Ham Street, Stamps, AR	AR, 110 HAM ST, STAMPS
S1-691263241	S3-508501078	US	US	Desert Seafood	Veovera D.B.A. Desert Seafood	Cecil Township, 26 Gladden Road, PA	26 Gladden Road, PA, Cecil Township
S1-458965339	S3-551282538	US	US	Maribel Calderon, DPM, PC	Cadegn,, Maribel DPM, PC	501 Cameron Street, Alexandria City, VA	501 1/2 Cameron Street, Alexandria, Virginia
S1-982359001	S2-307971742	India	India	Delhi Infratech Ltd	Delhi Infratech Ltd.	302, Gupta Tower, Azadpur Commercial Complex, Azadpur, Delhi, North West, Delhi	302, GPUTA TOWER, AZADPUR COMMERCIAL COMPLEX, AZADPUR, DELHI, Delhi
S1-560037179	S2-312602706	US	US	Northern Central, LLC	northerncentral.com	300 Health Park Drive, Unit 100, Garner, NC	GARNER, <NULL>, 0300 HEALTH PARK DR, NC
S1-479743634	S2-185302768	US	US	Health Program	Health Program Authority	2325 Hwy 124, Greenfield, TN	2325 HWY 124, GREENFIELD, TN
S1-512907514	S2-469340857	US	US	Constant Debt	Constant Debt Corp	1015 Alexander Street, Unit 525, Charlotte, NC	1015 ALEXANDER SGREET, CHARLOTTE, NC
S1-940164172	S2-316932240	US	US	Prairie Institute	Prairie  [Institute]	1309 Oak Avenue, Unit Suite 205, Waconia, MN	001309 OAK AVE, WACONIA, MN
S1-244857963	S2-256251299	US	US	Pittenger Metro Software Inc	Pittenger Metro Software Inc	1677 Rifle Range Road, Wetumpka, AL	WETUMPKA, 1677-1681 RIFLE RANGE ROAD, AL
S1-940946388	S2-796792904	India	India	Universal Developers Private Limited	यूनिवर्सल डेवलपर्स Private Limited	H/No 311/2, Choti Pahari Sampatchak, Bahadurpur, Patna, Bihar	H/NO 311/2, CHOTI PAHARI SAMPATCHAK, BAHADURPUR, PATNA, Bihar
S1-230178150	S3-357478000	US	US	Family Care Associates Inc	Family Care Associates	348 Winding Way Drive, Victoria, TX	##348 Winding Way Dr, Victoria, Texas
S1-629435131	S2-85402833	India	India	Sunrise Industries Private Limited	सनराइज इंडस्ट्रीज प्राइवेट लिमिटेड	East Delhi, Delhi, Newdelhi, 52 Ground Floor East Krishna Nagar Extn.	52 GROUND FLOOR EAST KRISHNA NAGAR EXTN., NEWDELHI, EAST DELHI, Delhi
S1-761121057	S2-585847073	India	India	Komal & Sons Limited	Komal & Sios Limited	Lower Ground Floor Greater Kailash Part I, S-481, Delhi, New Delhi	S-481, LOWER GROUND FLOOR GREATER KAILASH PART I, NEW DELHI, Delhi
S1-963146446	S3-234354978	India	India	Jain Hari Infra Private Limited	Jain Hati Infra Private Limited	Delhi, New Delhi, 8 A/3, W.E.A. Karol Bagh	
S1-496546309	S3-478269273	US	US	Olanan Rate	OLANAN RATE RATE	4394 Lily Avenue, Lake Elmo, MN	4394. Lily Avenue, Lake Elmo, Minnesota
S1-380641712	S2-968018563	US	US	Megen's Studios	MEGEN'S STUDI0S	14 Bethany Drive, Smithtown, NY	14 BETHANY DR, COMMACK TONSHIP, NY
S1-173736982	S2-9519912	India	India	Divine Trading Private Limited	Divine Trading  Private Limited	Fl No.22, Buld No.B1, Sr., No.83Aditya Garden, Flora, Pune City, Pune, Maharashtra	FL NO.#22, BULD NO.B1, SR., NO.83ADITYA GARDEN, FLORA, PUNE CITY, Maharashtra
S1-254786918	S3-186490872	India	India	Golden Logistics Private Limited	Smt Golden Llogistcs Private (Limited)	571/1 Rockdale Compound, Somajiguda, Hyderabad, Telangana, H No 6-3-570/1 To 7	H No 6-3-570/1 To 7, 571/1 Rockdale Compound, Somajiguda, Hyderabad, TG
S1-614593302	S2-793694754	India	India	Bhoomija Seeds Limited	SEEDS BHOOMIJA LIMITED	6-15-12, East Point Colony Chinna Waltair, Visakhapatnam, Vishakhapatnam, Andhra Pradesh	6-15-12, VISHAKHAPATNAM, Andhra Pradesh
S1-670013515	S2-325724786	India	India	Krishna Holdings	Kirishna Holdings	2C Queens Park, Kolkata, Calcutta, West Bengal	KOLKATA, 2C QUEENS PARK, West Bengal, CALCUTTA
S1-477151614	S2-361137524	US	US	Cascade Institute	Cascade-Institute	OR, Unit Apartment 30, Eugene, 1600 Adkins Street	1600 ADKINS STREET, EUGENE, OR
S1-773219619	S3-605515230	US	US	24HR Homecare	24hr h0mecare	14211 Sunview Drive, Anchorage, AK	1421 Sunview Dr, Ancchorage, Alaska
S1-903699542	S3-367503708	US	US	Cockrell First Stardust Partners	Cockrell First Stardust Partners Inc.	1342 Greenland Avenue, TN, Nashville	Greenland Ave, Nashville, Tennessee
S1-409215697	S2-22647601	US	US	Lenhardt and Gilkison Portfolio	Lenhardt and  Gilkison [Portfolio]	350 Moriah Drive, Lebanon, TN	350 MORIAH DR, LEBANON, TN
S1-697699523	S3-664487424	US	US	Aycock Federation	Aycock  Federation	1001 4th Street, Unit 822, Washington, DC	Washington, # 822, District of Columbia, ##1001 Fourth St
S1-220718632	S2-643660917	India	India	Brij Resources Ltd	BRIJ RESOURCES LIMITED	Lohara, Osmanabad, C/O Vasant Gadiwale, Maharashtra, Makani Kasti Tq Lohara	महाराष्ट्र, HN #714 C/O VASANT GADIWALE, MAKANI KASTI TQ LOHARA, LOHARA
S1-391201487	S3-372005722	India	India	Sanjiv Xray Private Limited	Sanjiv Private Limited Center	P. No. 97 K, 778/18, Shobhawato Ki Dhani, Jodhpur, Rajasthan	Jodhpur, P. No. 97 K, null, RJ, 778/18, Shobhawato Ki Dhani
S1-880324914	S3-483432659	India	India	Dream Constructions Pvt Ltd	ड्रीम कंस्ट्रक्शंस प्रा. लि.	C/O Ram Prakash Gupta Sf-31 Anp Arcade Sector-18, Noida, Gautam Buddha Nagar, Uttar Pradesh	C/o Ram Prakash Gupta Sf-31 Anp Arcade Sector-18, Noida, Gautam Buddha Nagar, उत्तर प्रदेश
S1-855591242	S2-441045817	India	India	Om Construction Limited	ॐ कंस्ट्रक्शन लिमिटेड	Moh. Pikaura Shivgulam, Beside Anathalay Malviya Road, Basti, Firozabad, Uttar Pradesh	MOH. PIKAURA SHIVGULAM, BASTI, Uttar Pradesh
S1-442909599	S3-511061000	India	India	Shyam Technologies Private Limited	শ্যাম টেকনোলজিস প্রাইভেট লিমিটেড	Room No 310 3Rd Floor, 21 Hemanta Basu Sarani, Kolkata, Kolkata, Howrah, West Bengal	Room No 310 3Rd Floor, 21 Hemanta Basu Sarani, Kolkata, Kolkata, Howrah, WB
S1-594441934	S2-731994848	India	India	Digital Healthcare Private Limited	Digital Healthcare Private  Ltd	2Nd Floor, Flat No.22, Amin Marg, Rajkot, Gujarat, Rajkot, Sagar Towers	SAGAR TOWERS, 002ND FLOOR, FLAT NO.22, AMIN MARG, RAJKOT, Gujarat
S1-90024869	S3-515217084	US	US	R O & T Jab Inc	Quodova fka R O & T Jab Inc	3 Poacher Trail, Berlin, MD	MD, 3 Poacher Trail, Berlin
S1-848844678	S3-92588588	India	India	Wing Services (India) Private Limited	Sri Wing Services (India) Private Limited	Door No.33/1606, Poothully House, Rmv Road, Ernakulam, Kerala	Door No.33/1606, Poothully House, Rmv Road, Ernakulam, Keralam
S1-53667878	S2-774628388	US	US	Empire Trust LLC	Empire Trust (LLC)	842 Commonwealth Avenue, Newton, MA	842 COMMONWEALTH AVENUE, NEWTON, MA
S1-127650541	S3-266470537	US	US	Primary Care Partners	Primary Care Partners Corp	5606 4th Street, Fridley, MN	4st St, Fridley, Minnesota
S1-182617425	S3-56551541	US	US	Columbus Historical Council	C0lumbus Historical Cóuncil	25 Haldy Avenue, Columbus, OH	25 1/2 Haldy Avenue, Colmbus, Ohio
S1-14083533	S3-700776014	US	US	3849 Highland Boulevard Apartments, LLC	3849 Highland Boulevard Apartments,	1531 Grove Avenue, Berwyn, IL	1531 Grove Ave, Berwyn, Illinois
S1-421247449	S2-689002890	India	India	Hip Brothers Limited	HIP LIMITED BROTHERS	703 Siddhi Apartment, Liberty Garden Extension, Malad West, Mumbai, Maharashtra	Maharashtra, 703 SIDDHI APARTMENT, LIBERTY GARDEN EXTENSION, MALAD WEST
S1-918162701	S2-185865994	India	India	Sree Engineering Private Limited	sree engineering private limited	C-3266 Ground Floor Front, Green Field Colony, Faridabad, Haryana	C-3266 GROUND FLOOR FRONT, GREEN FIELD COLONY, FARIDABAD, हरियाणा
S1-883629290	S2-906907966	US	US	Charlotte Youth Association	CHARLOTTE  YOUTH ASSOCIATION CORPORATION	NC, 12303 Hunting Birds Lane, Charlotte	CHARLOTTE, NC, 0012303 HUNTING BIRDS LANE
S1-713632744	S3-828589002	US	US	Rhodes Cornerstone For Inc.	rhodes cornerstone for inc.	3224 Heritage Lane, Fort Worth, TX	3224 1/2 Heritage Ln, Fort Worth, Texas
S1-313290613	S3-36242450	India	India	DF International Private Limited	DF International International Private	Delhi, B-36, Delhi, Street No.3, Shakarpur	Plot 30 B-36, Mandawali Fazalpur, Shakarpur, DL
S1-239681195	S3-802240387	India	India	Big Infra Private Limited	Private Big Infra Ltd	B 31, Gf, Rampuri, I.E. Sahibabad, Ghaziabad, Uttar Pradesh	B 31, Ghaziabad, Allahabad, UP
S1-37555103	S3-692386537	US	US	Vittoria Mercado Agricultural LLC	Mercado, Vittoria Agricultural  LLC	33300 Lakeview, Valley, WA	33300 Lakeview, Valley, Washington
S1-90098226	S2-270965854	India	India	Gaurishankar Life Private Limited	Gaurishankar-Life Private	No 16, Even Green House, Bangalore South, Bangalore, Karnataka	
S1-378974659	S3-467613943	US	US	Marrissa's Sterling Jewelers	#marrissassterling	206 Lafavers Cemetery Road, Russell, KY	0206 Lafavers Cemetery Road, Russell, Kentucky
S1-121500709	S3-820254920	India	India	MOE Chits Pvt Ltd	MOE Chits Pvt  Ltd	# 121, 6Th Cross, Gandhinagar, Bangalore, Karnataka	# 121, 6Th Cross, Gandhinagar, KA
S1-664292564	S3-492275260	US	US	Coastal Institute	coastalinstitute.com	11905 Caspian Road, Kingsville, MD	Maryland, Caspian Rd, Kingsville
S1-907752331	S3-130648495	US	US	Zilina PLLC	Zilina-Pllc	5560 90, Mobile, AL	5560 90, Mobile, Alabama
S1-799504801	S2-829287853	US	US	Columbus Vulcan LLC	Columbus Vulcan	347 Guernsey Avenue, Columbus, OH	347 GUERNSEY AVENUE, COLUMBUS, OH
S1-849854660	S3-794552840	US	US	Rose Chicago Inc.	#Rosechicago	2101 Salem Boulevard, Zion, IL	2101 Salem Boulevard, Zion, Illinois
S1-770913638	S3-117402373	US	US	Cornerstone Apparel Partners LLP	Cornerstone Apparel Partnhrs  LLP	30 Revere Street, MA, Springfield	Massachusetts, Springfield, 30 Revere Saint
S1-434280345	S2-500279729	India	India	Ram Women Private Limited	Ram Wonn Private Limited	24, Shivaji Street T.Nagar, Chennai, Tamil Nadu	24, SHIVAJI STREET T.NAGAR, CHENNAI, Tamil Nadu
S1-180658869	S2-711809531	India	India	Js Marketing Limited	Js Limited-Marketing	37 Laxmi Park, Off Lbs Marg Navi Peth, Pune, Maharashtra	H.NO 37 LAXMI PARK, OFF LBS MARG NAVI PETH, Maharashtra
S1-299714641	S3-127975575	US	US	Red Coffee LLC	Red Coffee	11816 5, Kewanee, IL	11816 5, Kewanee, Illinois
S1-206023091	S2-573454509	US	US	Saint Community Church	CSCOMMUNITY.COM	17466 210th Avenue, Glenwood, MN	17466 210TH AVE, GELNWOOD TOWNSHIP, MN
S1-981442889	S2-685501798	India	India	Surya Software Private Limited	Surya Software Private	Flat No.2, Rs No. 209, A6/7, Noor Apartment, Karande Mala, Tarabai Park, Kolhapur, Maharashtra	#2 , RS NO. 209, A6/7, NOOR APARTMENT, KARANDE MALA, TARABAI PARK, KOLHAPUR, Maharashtra
S1-866110078	S2-997141894	India	India	Tech Trading Private Limited	Tech  Trading Private Ltd	C/O Horwath Consultants (India) Pvt. Ltd. 1105, Ambassy Centre, Nariman Point, Mumbai, Mumbai City, Maharashtra	
S1-60362084	S2-590008534	India	India	Ground Technology (India) Private Limited	Ground Teaichnosrloyg (India) Private [Limited]	B-602, Maharashtra, Mumbai City, Mumbai, Shanti Apartments, Charkop Villag Off M G Road, Kandivali (West)	B-602, SHANTI APARTMENTS, CHARKOP VILLAG OFF M G ROAD, KANDIVALI (WEST), MUMBAI, Maharashtra
S1-236521895	S3-858828203	India	India	Mookambigai Legal Limited	Mookambigai  Legal Limited	H. No. 1759, Wright Town, Jabalpur, Madhya Pradesh	No 1759/9, Wright Town, Jabalpur, MP
S1-98521618	S3-959665080	India	India	Laxmi Systems Private Limited	Private Laxmi Systems Limited	Plot-S/P-105, S-Block Midc, Indrayani Nagar, Bhosari, Pune, Maharashtra	Plot-s/p-105, Wakad, Pune, S-block Midc, Indrayani Nagar, Bhosari, MH
S1-309805106	S2-286466587	US	US	Bolton Ventures	Bolton Ventures	311 Holmes Street, Cambridge, IL	311 HOLMES STREET, CAMBRIDGE, IL
S1-658872450	S2-990709802	US	US	Fabian Resolution	Fabian Fabian Resolution LLC	11830 Trail's End Road, Anchorage, AK	1183 TRAIL'S END RD, ANCHORAGE CITY, AK
S1-519589708	S3-585702858	India	India	Classic Industries Private Limited	ক্লাসিক ইন্ডাস্ট্রিজ প্রাইভেট লিমিটেড	4 Chandni Chowk Street, Kolkata, Howrah, West Bengal	H.no 4 Chandni Chowk Street, Kolkata, Howrah, WB
S1-344412645	S3-132915974	US	US	Willie Virani, O.D., M.D., P.C.	O.D.,, Willie Virani, M.D., P.C.	Beulah, ND, 113 Roll Drive	Beulah, 113- Roll Dr, North Dakota
S1-587131989	S3-255384443	India	India	Jai Aawas	Jai	Delhi, East Delhi, S-192 Pandav Nagar, New Delhi	S-192 Pandav Nagar, New Delhi, East Delhi, Delhi
S1-352595680	S2-914964072	US	US	Leal Office of Pine Bluff	Leal Offiee of Pine Bluff	1501 Harding Avenue, Pine Bluff, AR	1501 HARDING AVE, PINE BLFUF, AR
S1-527823080	S3-315649254	India	India	Trading Ray Clothing Co	Trading Ray	C/100/2 Sonali Park, Bansdroni, Kolkata, Parganas South, West Bengal	C/#100/2 Sonali Park, Calcutta, পশ্চিমবঙ্গ
S1-555906372	S2-610780922	US	US	Juniper Inc.	Juniper Inc.	300 Nation Avenue, Eaton, OH	300 NATION AVEUE, EATON, OH
S1-844285395	S2-438340443	US	US	Foot & Ankle Specialists	Foot  &	1537 Wyoming Avenue, Billings, MT	1535 WYOMING AVENUE, BILLINGS, MT
S1-860833569	S2-88160184	India	India	Anand Industries	আনন্দ ইন্ডাস্ট্রিজ	Hillman House, Vidyasagar Road Khalpara, Siliguri, Darjeeling, West Bengal	HILLMAN HOUSE, DARJEELING, SILIGURI, West Bengal
S1-211513677	S3-466285820	India	India	Naini & Partners	Naini &-Partners	No 02 Lakshmi Mansion, 16Th Main Bendre Nagar, Bangalore South, Bangalore, Karnataka	02 Lakshmi Mansion, 16Th Main Bendre Nagar, Bangalore South, Bangalore, KA
S1-558852660	S3-313568028	India	India	Ra Ev Limited	Ra Ev	Room 101 Plot No 2, Sanjeevani Aero Dream Cit, Sanganer, Jaipur, Rajasthan	Room 101 Plot No 2, Sanjeevani Aero Dream Cit, Sanganer, Jaipur, RJ
S1-983552152	S2-802730849	India	India	MQF Training Private Limited	MQF Training Private Ltd	Mumbai, Unit No. 207, Reliable Business Centre, Anand Nagar, Oshiwara, Jogeshwari West, Mumbai City, Maharashtra	UNIT NO. 07, RELIABLE BUSINESS CENTRE, ANAND NAGAR, OSHIWARA, JOGESHWARI WEST, MUMBAI, महाराष्ट्र
S1-813679500	S2-184452076	US	US	Precision Healthy	Precision  Healthy	8024 Neighbors Avenue, Rosedale, MD	MD, 8024 NEIGHBORS AVE, ROSEDALE
S1-730270938	S2-647742467	US	US	Gerrity Pinnacle Inc	Gerrity Pinnacle Ínc	8045 Boise Street, Portland, OR	##8045 BOISE STREET, PORTLAND, OR
S1-373873094	S3-24446174	India	India	Soin Fabrics LLP	Soin Fabrics Llp	Plot No-280, Sector-20, Gandhinagar, Gandhinagar, Gandhi Nagar, Gujarat	Plot No-279, Gandhinagar, GJ
S1-674629257	S3-277296236	India	India	Nirmala Chemical Private Limited	Nirmalachemicalprivate.Com	C/O N.K. Jindal, (C.A.), United India Life Buildin F-Block, (Basement), Connaught Place, New Delhi, Delhi	C/o N.k. Jindal, Connaught Place, New Delhi, DL
S1-747090332	S2-464415034	US	US	Pae Continental Applied LLC	PAE CONTINENTAL APSELID LLC	City Of Chippewa Falls, WI, 222 Olive Street	222 OLIVE ST, CITY OF CHIPPEWA FALLS, WI
S1-883627951	S3-46675931	US	US	Melton Heritage Voya, LLC	Melton Heritage Voya,	4443 Cedar Avenue, Minneapolis, MN	Cedar Avenue, Minneapolis, Minnesota
S1-546234757	S2-802048451	India	India	Passion Estate Private Limited	Passion Estate Private Ltd	Central Bazar, Opp. Vidhyakunj School, Navsari, Gujarat	CENTRAL BAZAR, OPP. VIDHYAKUNJ SCHOOL, NAVSARI, Gujarat
S1-602169017	S3-933556920	US	US	3339 Church Blvd Apartments	3339 Church Blvd Blvd Apartments	1353 Tabor Road, Berkeley Springs, WV	1353- Tabor Rd, Berkeley Springs, West Virginia
S1-215821813	S3-346433490	US	US	Pryor and Leger Inc.	Pryor	White Bluff, TN, 1217 Turnbull Road	1217 Turnbull Road, White Bluff, TN
S1-257619070	S2-658627622	India	India	East Power Limited	ഈസ്റ്റ് പവർ ലിമിറ്റഡ്	Shivapuri, Felix Road, Thammanam P.O, #147, Ernakulam, Kerala	#147, SHIVAPURI, FELIX ROAD, THAMMANAM P.O, ERNAKULAM, Kerala
S1-644052669	S3-190580239	US	US	Pioneer Rate Inc	Pioneer Rate Ínc	8334 71st Avenue E, Tulsa, OK	
S1-780140100	S3-798325070	India	India	Fervour Solutions Private Limited	Yumayumalum	100, Pratap Khand Near Vivek Vihar Phase-2, Shahdra, New Delhi, Delhi	#100, New Delhi, DL
S1-564125471	S2-127782846	US	US	South Bond LLC	SOUTH BÓND	46 Miles Avenue, North Hempstead, NY	46 MILES AVENUE, NORTH HEMPSTEAD, NY
S1-320753648	S2-375286053	US	US	Cathee Brannen Advanced Utilities	Cathee Brannen Advanced  Utilities	MD, Fairplay, 8017 Lake Drive	8017 LAKE DR, FAIRPLAY, MD
S1-75000627	S3-780180931	India	India	Bright Consultants Private Limited	Bright Consultants Prívate Limited	Tamil Nadu, No. 147 (56), Jayabalan Street, Vasudevan Nagar, Jafferkhanpet, Chennai, Chennai City Corporation	No. 147 (56), Jayabalan Street, Vasudevan Nagar, Jafferkhanpet, Chennai City Corporation, Chennai, TN
S1-241383494	S3-453555783	US	US	Solis Oxford	solisoxford.com	2697 -4140 International Parkway, Virginia Beach City, VA	2697 -4140 International Parkway, Virginia Beach, Virginia
S1-672423820	S2-328646575	US	US	SS Spark Inc	SS Spark	3951 Dechman Drive, Unit 5112, Grand Prairie, TX	3951  DECHMAN DRIVE, GRAND PRAIRIE, TX
S1-353778064	S3-371561958	US	US	Rigby Custom Newhold LLC	Wexiri formerly Rigby Custom Newhold LLC	22848 Forest Creek Drive, Fl 1, Sherwood, OR	22848 Forest Creek Drive, Fl 1, Sherwood, OR
S1-519267404	S3-5305786	US	US	UL Merchants Corporation	UL Merchants	571 Haytie Lane, Augusta County, VA	71 Haytie Ln, Augusta County, Virginia
S1-837103352	S3-669079485	India	India	Evergreen Seva Samiti	evergreensevasamiti.com	Lodha Mansion, Ganeshwadi, Swastik Chowk, Station Road, Ahmednagar, Maharashtra	Lodha Mansion, Ganeshwadi, Swastik Chowk, Station Road, Ahmednagar, MH
S1-14308796	S3-903506607	US	US	Eastern Preparatory Academy Corp	Eastern Preparatory Academy	29 Dean Thomas Way, Queensbury, NY	29 Dean Thomas Way, Queensbury, New York
S1-803118342	S3-11695361	India	India	Solid Online Limited	[Ltd] Solid Online	49, Ground Floor, Plot No 47/49, Laxmi Building, Off Abdul Rehman Street, Mandvi, Mumbai, Mumbai City, Maharashtra	MH, Mumbai, 49, Mumbai City
S1-805687376	S2-941438999	India	India	Jay Technologies Pvt Ltd	जय टेक्नोलॉजीज प्रा. लि.	House No. B-69, F No. 204, Golden Palm, Yash Path, Tilak Nagar, Janta Colony, Jawahar Nagar, Jaipur, Rajasthan	PLOT 134 HOUSE NO. B-69, F NO. 204, GOLDEN PALM, YASH PATH, TILAK NAGAR, JANTA COLONY, JAWAHAR NAGAR, JAIPUR, Rajasthan
S1-812656393	S2-873681925	US	US	Premier Equity Associates, Inc	Premier Equity Associates, (Inc)	53032 Blue Ribbon Avenue, Kenai Peninsula Borough, AK	53032 1/2 BLUE RIBBON AVENUE, KASILOF, AK
S1-942634481	S2-732128129	US	US	Cantrell, Mason and Holloway LLC	Cantrell, Mason and Holloawy LLC	1146 Lovejoy Street, Buffalo, NY	
S1-414161182	S2-271035574	India	India	Prism & Co	Pmts & Co	2 Motilal Nehru Road, Kolkata, Howrah, West Bengal	C-2 MOTILAL NEHRU ROAD, KOLKATA, HOWRAH, West Bengal
S1-468432102	S2-364613328	India	India	Tech Technologies Private Limited	టెక్ టెక్నాలజీస్ ప్రైవేట్ లిమిటెడ్	D.No.6-2-918/2, Plot No.6, Nirmala Residency Opp:Sbi, Khairatabad, Hyderabad, Telangana	H.NO 6-2-918/2, PLOT NO.6, NIRMALA RESIDENCY OPP:SBI, KHAIRATABAD, SONIPAT, HYDERABAD, Andhra Pradesh
S1-830052228	S3-224688700	US	US	ME Fresh Alibaba Clinic	ME  Fresh Alibaba Clionic	5225 J Street, Oxnard, Unit 6, CA	5225 1/2 J St, Unit 6, City Of Oxnard, California
S1-655617702	S2-160747507	India	India	Urban Infra Private Limited	URBAN IFNIA PRIVATE LIMITED	C/O Rajender Singh S/O Sishupal Plot No. 69, Jyoti Colony, Hanumangarh Jn, Hanumangarh, Rajasthan	C/O RAJENDER SINGH S/O SISHUPAL PLOT NO. 69-, JYOTI COLONY, HANUMANGARH JN, HANUMANGARH, Rajasthan
S1-958990891	S2-635533396	US	US	Arrington, Lura, M.D.	ARRINGTON, LURA, M.D.  CO	40 Stardust Drive, Newark, DE	
S1-942989521	S2-63872823	US	US	Besono	Besono	357 Orchard Lane, Bloomingdale, IL	357 ORCHARD LANE, BLOOMINGDALE, IL
S1-410931382	S2-953285643	India	India	Protect & Sons Pvt Ltd	Protect & Sons Pvt | www.protect.com	Plot No. 74/80, Sector 7, Shipra Path, Parmhans Marg, Jaipur, Rajasthan	#74/80 , SECTOR 7, SHIPRA PATH, PARMHANS MARG, JAIPUR, Rajasthan
S1-340454827	S3-476087111	US	US	Durso Patriot Residential Corp	Durso Patriot Residential	4625 Spinnaker Way, Orange Beach, AL	4625 Spinnaker Way, Orange Beach, Alabama
S1-598513954	S2-213613255	US	US	Wilson & Workman Crumrine L.L.C.	Wilson-& Workman Crumrine L.L.C.	4493 Indian Bend Road, Snowflake, AZ	4493 INDIAN BEND ROAD, SNOWFLAKE, AZ
S1-332550240	S2-390696594	India	India	Ganesha Solutions Pvt. Ltd.	Ganesha Solutions Pvt.	Maharashtra, Bhandara, Shankara Traders, Shankara House, Petrol Pump Thana, Bhandara	SHANKARA TRADERS, SHANKARA HOUSE, PETROL PUMP THANA, BHANDARA, Maharashtra
S1-273424881	S3-950427211	India	India	Arihant & Brothers	Arihant & Brothers Limited	30, Eravivarman New Streetvadasery Nagercoil 629 001, Nagercoil 629 001, Tamil Nadu	Hn 599 30, null, Nagercoil 629 001, Eravivarman New Streetvadasery Nagercoil 629 001, TN
S1-823134274	S3-210853532	India	India	Venus Brothers Pvt. Ltd.	VENUS BROTHERS PVT. LTD.	139, Kh.No. 1415, H Block, Lgf, Ph Vi, Aya Nagar Ext, South Delhi, Delhi	139, Kh.no. 1415, H Block, Lgf, Ph Vi, Aya Nagar Ext, South Delhi, DL
S1-340416044	S2-324375162	US	US	Quus	Quus Inc.	4 Smile Avenue, Asheville, NC	4 SMILE AVE, ASHEVILLE, NC
S1-50009222	S2-604681583	India	India	Standard Ayurveda Private Limited	Standard Ayurveda Private Límited	West Bengal, Unit No 6Ws9 Mani Casadona Plot No 11F, 04 Street No 372 Newtown 6Th Floor, Kolkata, Howrah, Kolkata	UNIT NO 6WS9 MANI CASADONA PLOT NO 11F, 04 STREET NO 372 NEWTOWN 6TH FLOOR, KOLKATA, KOLKATA, West Bengal
S1-472205164	S2-145965477	India	India	Swap Trademart	Swap Trademart	No.8, Studio No. 102, 1St Floor, The Icon, Bhive Honeycomb, 80 Feet Rd, Hal 3Rd Stage, Indiranagar, Bangalore North, Bangalore, Karnataka	##8 , STUDIO NO. 102, 1ST FLOOR, THE ICON, BHIVE HONEYCOMB, 80 FEET RD, HAL 3RD STAGE, INDIRANAGAR, BANGALORE NORTH, Karnataka
S1-560413236	S3-896214963	US	US	Merrile's Liquor	Merrile's  Liquor	MT, 720 35th Avenue, Great Falls	720 35th Ave, Great Falls, Montana
S1-319897068	S2-532040139	India	India	Maa Agro Private Limited	Maa Private Limited Services	Office No.103, A-Wing, Shubham Premises Chsl Chakala, Gracious Road, Andheri (E), Mumbai, Mumbai City, Maharashtra	NO 3-591 OFFICE NO.103, A-WING, SHUBHAM PREMISES CHSL CHAKALA, GRACIOUS ROAD, ANDHERI (E), MUMBAI, Maharashtra
S1-417337189	S3-621340474	US	US	Aguilar Superior Flag	AGUILAR SUPERIOR FLAG	4807 Koger Boulevard, Unit F, Greensboro, NC	4807 Koger Boulevard, # F, Greensboro, North Carolina
S1-51145737	S2-9448398	US	US	Aurora Filson Superior Allegro Inc	AURORA FILSON SUPERIOR ALLEGRO	3705 Lechlade Court, Williamson County, TN	3705 LECHLADE COURT, WILLIAMSON COUNTY, TN
S1-385843002	S2-520478839	India	India	Shree International School	Shree International School Limited	Geru Wala Bangla Baradari Chauraha, Morar, Gwalior, Madhya Pradesh	GERU WALA BANGLA BARADARI CHAURAHA, MORAR, GWALIOR, Madhya Pradesh
S1-561679538	S2-462206318	India	India	Kuttoor P O Mills Limited	KUTTOOR P O  MILLS LIMITED	Kunnukandathil Building 1St Floor, Kuttoor P O, Pathanamthitta, Kerala	PLOT 784 KUNNUKANDATHIL BUILDING 1ST FLOOR, KUTTOOR P O, Keralam
S1-173936230	S2-665833366	India	India	Shivalaya Storage Private Limited	shivalayastorageprivate.com	C/O Ved Pal Singh, Baraut, Bagpat, Uttar Pradesh	C/O VED PAL SINGH, BARAUT, Uttar Pradesh
S1-242814004	S3-572111094	India	India	Rathi Technologies Private Limited	Rathi Technologies Private	Gala No 2, Ground Floor, Krushna Mandir Compound, Dapode, Tal Bhiwandi, Bhiwandi, Bhiwandi, Thane, Maharashtra	H.no 2, Ground Floor, Krushna Mandir Compound, Dapode, Tal Bhiwandi, Bhiwandi, Thane, Bhiwandi, MH
S1-886437931	S2-767349514	US	US	Issy Brown, O.D., PC	ISSY BROWN, PC SERVICE	3057 Village At The Park Drive, Unit 236, Camarillo, CA	3057 VILLAGE AT THE PLRK DR, CAMARILLO, CA
S1-502543532	S2-343944747	US	US	Pantano Burtech PLLC	Pantano Burtech-P.L.L.C.	11 Daniel Lane, Truro, MA	011 DANIEL LN, TRURO, MA
S1-85270954	S3-320595131	India	India	Mtd Facility Pvt Ltd	Mtd-Pvt Ltd Services	H. No. 27-28, 2Nd Floor, Block A, Vijay Nagar Street No. 2, New Delhi, West Delhi, Delhi	H. No. 27-28, 2Nd Floor, Block A, Vijay Nagar Street No. 2, New Delhi, West Delhi, दिल्ली
S1-771166844	S2-336002207	US	US	Myra Berthiaume Energetics LLC	Myra Bftrhiaeum Energetics LLC	619 Whitney Court, Vacaville, CA	619. WHITNEY CT, VACAVILLE, CA
S1-478755712	S3-726448819	US	US	Prime Cloud Associates Inc	Prime Cloud Associates Incorporated	IL, 4158 Illinois Progress Street, Decatur	Decatur, #4158 Illinois Progress Saint, Illinois
S1-392721135	S2-436401691	US	US	Ear Nose & Throat Physicians Corp	Ear Nose & Throat Physicians Corp.	767 7th Avenue, Troy, NY	767 SEVENTH AVE, TROY CDP, NY
S1-197554432	S2-801107937	India	India	Tech Brothers Limited	[(Limited)] Tech Brothers	No.16, Ground Floor, Sri Ranga, Shivashakthi Layout, Acharya College Main Road, Soladevanahalli, Bangalore North, Bangalore Rural, Karnataka	H.NO 16, GROUND FLOOR, SRI RANGA, SHIVASHAKTHI LAYOUT, ACHARYA COLLEGE MAIN ROAD, SOLADEVANAHALLI, BANGALORE NORTH, BANGALORE RURAL, Karnataka
S1-875535727	S3-233255139	US	US	Small Alliancebernstein PC	Small Alliancebernstein	1218 4th Street, Roswell, NM	1218 1/2 4th St, Roswell, New Mexico
S1-99893906	S2-514656044	US	US	Continental Assets	Continental  Assets	411 Windmill Drive, Copperas Cove, TX	354 WINDMILL DRIVE, COPPERAS COVE CDP, TX
S1-481196222	S2-720785385	India	India	White Builders Private Limited	WHITE BUILDESR PRIVATE LIMITED	Delhi, South Delhi, New Delhi, A-222 Room No-7Main Market Badarpur	H.NO 322 A-222 ROOM NO-7MAIN MARKET BADARPUR, NEW DELHI, Delhi
S1-567574507	S2-233187382	US	US	Fairley Star Ncr Inc.	Fairley Star Ncr Incorporated	1001 Barrows Mill Road, Martinsville City, VA	1001 BARROWS MILL ROAD, MARTINSVILLE CITY, VA
S1-14395851	S3-327145391	India	India	Poddar Pharmaceuticals Private Limited	Poddar Pharmaceuticals Private Límited	Tc 42/3015(New) 17/1689(Old), Poojappura, Thiruvananthapuram, Thiruvananthapuram, Trivandrum, Kerala	Tc 42/3015(New) 17/1689(Old), Poojappura, Thiruvananthapuram, Thiruvananthapuram, Trivandrum, Keralam
S1-937029529	S2-225053633	India	India	Delhi Apparels Private Limited	DELHI  APPARELS PRIVATE LIMITED	House No 89 Plot No 153, 1St Floor Kirari Gali 10, Delhi, North West Delhi, Delhi	NO A-666 HOUSE NO 89 PLOT NO 153, 1ST FLOOR KIRARI GALI 10, DELHI, दिल्ली
S1-402614496	S2-610136520	India	India	Tejora Global LLP	Tejora Gmoobal  LLP	D-16C, S/F L/S, Vishwkarma Colony, Delhi, South Delhi, Delhi	D-16C, S/F L/S, VISHWKARMA COLONY, DELHI, Delhi
S1-65917595	S2-825180530	US	US	Pediatric Associates	Pediatric-Associates LP	1922 Hollyrood Street, Winston-salem, NC	01922 HOLLYROOD ST, WINSTON-SALEM, NC
S1-502562648	S2-747886562	US	US	Betancur Intercontinental Inc	BETANCUR INTERCONTINENTAL	27 Pleasant Street, Woodbury, CT	27 PLEASANT STREET, WOODBURY CENTER, CT
S1-815919937	S3-419818106	India	India	Ace Power Private Limited	ಏಸ್ ಪವರ್ ಪ್ರೈವೇಟ್ ಲಿಮಿಟೆಡ್	Karnataka, 2Nd Floor, Vinayaka Ville, 14Th Cross, 1St Main, Bangalore, No. 304, Pailayout	#304, Pailayout, Bangalore, KA
S1-119553453	S2-87750310	US	US	Federal Council IV Inc	Federal Council IV	Virginia Beach City, VA, 705 Mapleleaf Lane	705-A MAPLELEAF LN, VIRGINIA  BEACH, VA
S1-856444145	S2-162227979	US	US	Creative Construction Enterprises LLC	Creative Construction Enterprises Llc	103 Brockett Street, Newington, CT	103 BROCKETT SAINT, NEWINGTON, CT
S1-624145719	S3-740614273	India	India	FK Logistics Private Limited	FK L0gistics Private Limited	25-A, Pratap Nagar Lane-12 Mayur Vihar, Phase-I, Delhi, New Delhi, Delhi	
S1-862864636	S3-406531719	US	US	Bright Coffee	Bright  Coffee	20521 196th Street, Queen Creek, AZ	Queen Creek, Arizona, 20521 196th Street
S1-603763721	S3-402790790	US	US	Lopez Graf	Lopez Graf Graf	2925 Jefferson Avenue, Birmingham, AL	Birmingham, 292 Jefferson Ave, Alabama
S1-70482550	S3-667847252	US	US	Jarlis Reit Group	jarlis reit group	1241 Will Drive, Lockport, IL	1241 Will Dr, Lockport, Illinois
S1-910481522	S3-305453251	US	US	Dixon Generating LLC	dixon generating llc	9984 Bourbon Street, Newburgh, IN	9984 Bourbon Street, Newburgh, Indiana
S1-581598155	S3-67680308	US	US	1444 First Plaza Owners Corp LLC	Kelolumiri Co a/k/a 1444 First Plaza Owners Corp LLC	600 H Street, DC, Washington, Unit 315	600 H Street, Unit 315, Washington, DC
S1-671919002	S3-486607076	US	US	Cinder Inc.	Cinder Inc. Enterprises	6362 Buffie Court, Fairfax County, VA	
S1-734031745	S3-587126012	US	US	Perone, Lorrie, DMD	Perone, Lorrie,	414 Merriman Drive, Selma, NC	414 Merriman Drive, Selma, North Carolina
S1-90312275	S2-491108649	India	India	Shree Best Estate Private Limited	ശ്രീ ബെസ്റ്റ് എസ്റ്റേറ്റ് പ്രൈവറ്റ് ലിമിറ്റഡ്	Ernakulam, 39/2979Ravipuram Road, Kerala	39/297RAVIPURAM ROAD, ERNAKULAM, Kerala, ERNAKULAM
S1-976141533	S2-719466258	US	US	Rocky Interstate Sports Holdings	ROCKY INTERSTATE SPORTS HOLDINGS	952 Brainard Street, Naperville, IL	
S1-253120733	S3-539579903	India	India	Glow (India) Publishing Pvt Ltd	Glow  (India) Publishing Pvt Ltd	773/5398, G H B Colony Nr Gayatri Mandir, Bapunagar, Ahmedabad, Gujarat	GJ, Ahmedabad, Hn 345 773/5398
S1-43030228	S2-131706917	India	India	Mehul Educational Private Limited	MEHUL ÉDUCATIONAL PRIVATE LIMITED	G-92, Ground Floor Harkesh Nagar, New Delhi, South Delhi, Delhi	G-092, GROUND FLOOR HARKESH NAGAR, NEW DELHI, Delhi
S1-957874567	S2-41189154	US	US	Hernandez Safe Furniture	Hernandez-Safe-Furniture	245 Hersey Collins Road, Mount Airy, NC	00245 HERSEY COLLINS RD, MOUNT AIRY, NC
S1-419978896	S3-873126311	US	US	Murielle Kohn Ventures	The Murielle Kohn [Ventures]	2402 Thorntree Drive, Frisco, TX	402 Thorntree Dr, Frisco, Texas
S1-512311110	S3-119852798	US	US	Wyland & Moore Software L.L.C.	Wyland & Moore	223 Skytop Drive, Unit Apartment 34, NY, Ulster	
S1-380552300	S3-414642317	US	US	Bolden, Angel and Parker Inc	Bolden, Angel and Parker Inc.	5416 Hunters Creek Trail, Frisco, TX	5416- Hunters Creek Trl, Frisco, Texas
S1-893269052	S2-531802169	India	India	Modern Technology Private Limited	मॉडर्न टेक्नोलॉजी प्राइवेट लिमिटेड	1212/6, Gurudwara Road, Near By Gurudwara, Sadar Bazar, Gurgaon, Haryana	#485 1212/6, SADAR BAZAR, हरियाणा
S1-450419161	S2-592815855	India	India	Elegant One Corp	ELEGANT ONE  CORP	No.1/1-118, Elangovadigal Street, Lingapuram, Sirumugai, Coimbatore, Tamil Nadu	H.NO 1/1-118 , ELANGOVADIGAL STREET, LINGAPURAM, SIRUMUGAI, COIMBATORE, Tamil Nadu
S1-932391322	S2-101753548	US	US	Langley Value Corporation	LANGLEY VALUE CÓRPORATION	10751 Hawthorn Trail, Woodbury, MN	10751 HAWTHORN TRL, WOODBURY, MN
S1-245940525	S2-106216178	India	India	North Global Private Limited	North Global Private	#148/A, Karnataka, Bangalore, Bangalore North, Industrial Suburb, 1St Stage, Yeshwanthpur	#148/A, INDUSTRIAL SUBURB, 1ST STAGE, YESHWANTHPUR, BANGALORE NORTH, Karnataka
S1-504963188	S3-713019846	US	US	Fidyne, LLC	Fidyne, LLC Center	6132 Blunter Street, Dallas, TX	6132 Blunter Street, Dallas, Texas
S1-847486178	S2-50039702	US	US	Valley Energetics	Valley Services	1538 Piper Square Drive, Unit G, Hopewell City, VA	1538 PIPER SQUARE DRIVE, HOPEWELL, VA
S1-192494251	S2-364126990	US	US	Capital Laboratories Inc.	CAPITALLABORATORIES.COM	68 Spatterdock Road, Inwood, WV	INWOOD, 68 SPATTERDOCK ROAD, WV
S1-854222583	S2-515563977	India	India	Commander Shelters Private Limited	Sri Commander Shelters Private  Limited | www.commander.com	C-338, Sector 10 Noida, Gautam Budh Nagar, Gautam Buddha Nagar, Uttar Pradesh	C-#338, SECTOR 10 NOIDA, GAUTAM BUDH NAGAR, Uttar Pradesh
S1-144762286	S2-351918089	US	US	Engels Construction PLLC	Engels Construction Pllc	1603 6 Street, Brooklyn, NY	NY, BROOKLYN, 1603 6 ST
S1-327816301	S3-992277082	India	India	International Marketing	International  Center	B-9, Maharao Bheemsingh Nagar Mala Road Kota Jn., Kota, Rajasthan	No 74 B-9, Maharao Bheemsingh Nagar Mala Road Kota Jn., Oa, Kota, RJ
S1-51960978	S3-812401362	US	US	Barrett Gulf Gsr, Corp	Gulfbarrettgsr.Com	3719 Stadium Boulevard, Unit Unit 6, Jonesboro, AR	# Unit 6, Arkansas, 3719. Stadium Blvd, Jonesboro
S1-767378390	S3-464281795	US	US	First Zion	First Zni	620 Silk Road, Bennington, VT	620 Silk Road, Bennington, Vermont
S1-648465860	S3-470836290	India	India	Great Engineering Limited	ग्रेट इंजीनियरिंग लिमिटेड	18 Ab Road Onam Plaza, Office No602, Old Palasiya, Indore, Madhya Pradesh	No 18 Ab Road Onam Plaza, Indore, Madhyapradesh, MP
S1-618525084	S2-408584364	India	India	Ramling Value of Miraj	Sri ramlingvaluemiraj.com	2069, At Post:- Salgare, Kavathe Mahankal Road, Miraj, Sangli, Maharashtra	2069., AT POST:- SALGARE, KAVATHE MAHANKAL ROAD, MIRAJ, N/A, Maharashtra
S1-380902618	S2-141132113	US	US	Harbor Association	Harbor Association	CT, 143 George Washington Turnpike, Burlington	143-145 GEORGE WASHINGTON TURNPIKE, CT, BURLINGOTN, NULL
S1-806882054	S2-41299699	US	US	Katya Pickerill, D.O., PC	KATYA PICKERILL D.O.	813 Anderson Street, Bellaire, TX	813 ANDERSON ST, PMB 2590, BELLAIRE, TX
S1-454310061	S2-145906038	India	India	All (India) Chatterjee Pvt Ltd	ALL (INDIA) LTD PVT CHATTERJEE	Chowdhurybhawan, Southdeshbandhuparap.O.-Siliguritown, Siliguri, West Bengal	CHOWDHURYBHAWAN, SOUTHDESHBANDHUPARAP.O.-SILIGURITOWN, West Bengal
S1-574263332	S3-684043201	US	US	Patel Lithium LLC	>> Patel Lithium  LLC	3608 Mission Avenue, Topeka, KS	3608 Mission Ave, Topkea, Kansas
S1-471791554	S2-140401909	US	US	Marquez Direct Allstate Inc	(INCORPORATED) MARQUEZ DIRECT ALLSTATE	1669 I Seven Pines Road, Springfield, IL	1669 I SEVEN PINES ROAD, SPRINGFIELD, IL
S1-890114809	S2-616540547	US	US	Legacy Tree LLC	LEGACY LLC [PARTNERS]	10918 270th Street, Kent, WA	10918C 270TH STREET, KENT, WA
S1-778501264	S2-989323778	India	India	Avanta Kripa Private Limited	Avanta Kripa Limited  Center	12A/1 Block C, Inder Puri, Ambala, Haryana	12A/1- BLOCK C, INDER PURI, AMBALA, Haryana
S1-660731687	S2-408979164	US	US	Corova Value Select LLC	Corova Value Select	71 Wexford Street, Springfield, MA	71 WEXFORD ST, SPRINGFIELD, MA
S1-761555600	S2-578366891	US	US	Banda and Booth Montreal Inc	Banda and Booth Montreal	Union City, IN, 1592 600	UNION CITY, IN, 1592 600
S1-309307133	S2-761539046	US	US	Bell Altenergy Clinic	Bell Altenergy Clagc	Yellville, 1745 Marion County 6011, AR	1745 MARION COUNTY 6011, YELLVILLE, AR
S1-744475229	S3-437079082	US	US	Coastal Alliance Inc.	Coastal Alliance Inc	619 Jensen Street, Unit 29, Mesa, AZ	619 Jensen Street, N/A, MESA, Arizona
S1-905531757	S3-327755342	US	US	Vium Worldwide, LLC	[LLC] Vium Worldwide,	1009 Newton Drive, Unit A, Newton Falls, OH	1009- Newton Dr, PO Box 9137, Newton Falls, Ohio
S1-813209637	S2-616569484	India	India	Golden Developers Private Limited	GOLDEN DEVELOPERS PRIVATE-LIMITED	C/O Lal Chand Meena, Ward No 02, Ballupura, Sikar, Rajasthan	NO 00345 C/O LAL CHAND MEENA, WARD NO 02, BALLUPURA, SIKAR, Rajasthan
S1-836710221	S3-529313861	US	US	The Dent Bistro	The Dent  Bistro	212 Lenox Street, Pittsburg, TX	Lenox Street, Pittsburg, Texas
S1-402117865	S3-137663645	US	US	Heritage Materials Networks L.L.C.	Heritage Materials  Networks LLC	1201 Parkside Place, TX, Celina	1201 Parkside Pl, Celina, Texas
S1-882278850	S2-181999779	India	India	Chennai Energy Private Limited	CHENNAI ENERGY PSVIETE LIMITED	Flat E, 2Nd Floor, No.19, 2Nd Street, Bharath Nagar Jameen Pallavaram, Chennai, Kancheepuram, Tamil Nadu	FLAT E, 2ND FLOOR, NO.19, 2ND STREET, BHARATH NAGAR JAMEEN PALLAVARAM, CHENNAI, தமிழ்நாடு
S1-888310813	S3-758372573	US	US	Housing Fellowship	Housing  Fellowship Corp	9769 Cedar Avenue, Kansas City, MO	9769 Cedar Ave, Kansas City, Missouri
S1-511083658	S3-459349128	US	US	Metro Triton Inc	Metro Triton	139 Drawing Maple Street, TX, San Marcos	139 Drawing Maple Street, San Marcos, Texas
S1-729011915	S3-608629491	US	US	Foot & Ankle Rocky Care LLC	Foot & Ankle Rocky Care	1837 2nd Avenue, Hickory, NC	1837 Second Ave, North Carolina, Hickory
S1-735155448	S3-136151005	India	India	Shree Communications Private Limited	Shree Private Limited Center	Near Zopadi Canteen Dyn. Vasti Ghruha, Savedi, Ahmednagar, Maharashtra	Naar Zopadi Canteen Dyn. Vasti Ghruha, Savedi, Ahmednagar, MH
S1-537783162	S3-427083619	US	US	A W & S Usa Inc	A-W & S Usa	2319 Linden Street, Pine Bluff, AR	2319 Linden St, Pine Bluff, Arkansas
S1-994632734	S3-353206306	India	India	Al International Pvt Ltd	Al International Pvt Limited	Ward No.1, Harpurwa, Ground Floor, Azad House, Bajpatti, Sitamarhi, Bihar	Hn 373 Ward No.1, Harpurwa, Ground Floor, Azad House, Sitamarhi, Bajpatti, BR
S1-675805472	S2-402690753	India	India	Gwalior Sai Pvt Ltd	GWALIOR GWALIOR SAI PVT LTD.	Gwalior, Anand Mishra Marg Jayendraganj, Lashkar, Madhya Pradesh, Gwalior, 101 Modern Plaza	Madhya Pradesh, #101 MODERN PLAZA, ANAND MISHRA MARG JAYENDRAGANJ, LASHKAR, GWALIOR
S1-687166693	S3-852244997	US	US	Q I & G Royalty Inc	Q Í & G Royalty Inc	401 Rescue Street, Garland, TX	401 Rescue Street, Garland, Texas
S1-996595162	S3-411617233	US	US	3269 Church Way Realty Inc.	3269 Inc. Way Realty Church	NC, Lumberton, 210 Lindsay Drive	Lumberton, North Carolina, 210 Lindsay Drive
S1-605973059	S3-907196585	India	India	United Foundation Private Limited	Dr United Foundation Private Ltd	D.No.1-4-283/3, Rtc Work Shop Road Bhavanipuram, Vijayawada, Krishna, Andhra Pradesh	
S1-891580121	S3-559237983	US	US	Foust, Lamberti and Blake	Foust, Lamberti and	3817 Marx Drive, Quincy, IL	
S1-319124910	S3-772759767	India	India	Marathwada Polymer LLP	Marathwada Polymer L.L.P.	Office No 107, 1St Floor, Bldg No C/10, Parasnath Complex, Anjurphata-Mankoli Ro, Ad, Val Vg, Bhiwandi, Thane, Maharashtra	Office No 107, 1St Floor, Bldg No C/10, Parasnath Complex, Anjurphata-mankoli Ro, Ad, Val Vg, Bhiwandi, Thane, MH
S1-280367322	S3-7855037	India	India	Shyam Software Pvt Ltd	Orbidrexbelo Co doing business as Shyam Software Pvt Ltd	Deva Tower-I, 770-A Anna Salai, Chennai, Tamil Nadu	Chennai, 770-A Anna Salai, Deva Tower-I, Tamil Nadu
S1-393717110	S2-369970671	US	US	Zhao, Rosson & Spiva LLC	Zhao, Rosson Spiva LLC Partners	8076 Vail Court, IL, Long Grove	8076 VMIL COURT, LONG GROVE, IL
S1-996670716	S2-990008601	US	US	Rivera Cascade Staked Inc	INC RIVERA CASCADE STAKED	506 South Street, Washburn, IL	506 SOUTH SAINT, WASHBURN, IL
S1-254472449	S3-831906660	US	US	Eye Sterling Specialists	Eye Steilng-Specialists	1432 Orchard Beach Drive, Port Clinton, OH	
S1-992038924	S2-80699065	US	US	Central Telecom Worldwide	Central Worldwide Telecom	495 Slocum Road, Dartmouth, MA	495 Slocum Rd, DARTMOUTH, MA
S1-261151688	S3-914034457	US	US	Houma Hunger All Trust	Houma Hunger Trust All	102 Clayton Drive, LA, Houma	Clayton Dr, Houma, Louisiana
S1-157492843	S2-77914509	India	India	Aditya Systems Private Limited	ADITYA SYSTEMS PRIITAE LIMITED	29/7 Lake Place, Kolkata, Calcutta, West Bengal	
S1-327188506	S3-915123776	India	India	Dream Indian Healthcare Private Limited	ड्रीम इंडियन हेल्थकेयर प्राइवेट लिमिटेड	Maharashtra, Pune, San Mahu Complex 5 Bund Garden Road, 3Rd Flr, Pune	1Rd Flr, San Mahu Complex 5 Bund Garden Road, Pune, MH
S1-750789490	S3-434009973	US	US	77/27 Resources LLC	77/27 Resources LLC	3501 Robinwest Drive, Lewisville, NC	3501-3503 Robinwest Drive, Pfafftown, North Carolina
S1-332394614	S3-319435785	India	India	Akshita International School	Internoational Akshita School	10 Waterloo Street, Kolkata, Howrah, West Bengal	10 Waterloo Street, Kolkata, Calcutta, Howrah, WB
S1-255201019	S3-500395643	India	India	Indo Engineering Private Limited	इंडो इंजीनियरिंग प्राइवेट लिमिटेड	Karala Road, Extended Lal Dora Kanjhawala, Delhi, Delhi, North West, Delhi, 142/285	No 583 142/285, Karala Road, Extended Lal Dora Kanjhawala, Delhi, North West Delhi, North West, DL
S1-886567825	S3-271588841	US	US	Steelworkers Local Union 951	steelworkers local union 951	1037 Yellow Daisy Drive, Stallings, NC	Yellow Daisy Drive, Mattheews, North Carolina
S1-12002346	S3-825013760	US	US	Central Infrastructure Labs LLC	Central Infrastructure LLC Center	278 Hobbs Street, Moab City, UT	Utah, 278 Hobbs Street, Moab
S1-404050757	S2-382183510	India	India	India Decor Private Limited	India Decor  Private Limited	Thane, Maharashtra, 2Nd Floor, Solus Building, Bldg. 72/4, 72/5, 72/6, Thane, Office No. 213	OFFICE NO. 13, 2ND FLOOR, SOLUS BUILDING, BLDG. 72/4, 72/5, 72/6, THANE, Maharashtra
S1-205578323	S3-12279620	US	US	334-335 West Owners Corp PC	334-335 West Owners Córp PC	72 Seneca Trail, Lake Placid, NY	72 Seneca Trl, New York, Lake Placid
S1-622263867	S3-585802302	India	India	Bangalore South International	Bangalore South International Corporation	No 112, Karnataka, Bangalore South, 3Rd Cross, Daddys, Garden Layout Kammasandra, Bangalore	No 112, Bangalore, Bangalore South, KA, 3Rd Cross, Daddys, Garden Layout Kammasandra
S1-924823027	S2-143689869	US	US	Elite Battery Corp	CORP ELITE BATTERY	1429 108 Street, Brooklyn, NY	1429 108 SAINT, BROOKLYN, NY
S1-177524685	S2-868993600	US	US	Lach, Moret and Lindstrom Daedalus Inc	Lach, Moret and Lnstrom Daedalus Inc Inc	1180 2nd Street, Raton, NM	
S1-768252349	S3-944765098	US	US	Eby Institute of Technology LLC	Eby Institute Of Technology Llc	13902 Claymont Hill Drive, Cypress, TX	13902 Clcymont Hill Dr, Cypress, Texas
S1-666258964	S2-150355141	US	US	H+ Nuclear Inc	H+  Nuclear Incorporated	208 Cleveland Street, Elco Borough, PA	00208 CLEVELAND STREET, ELCO BOROUGH, PA
S1-435424190	S2-806268129	India	India	Innovative Foundation Private Limited	Innovative Foundation Prvtae Limited	No.4, I-Floor, Kachaleeswararagraharam Street, Chennai-1., Chennai-1., Chennai, Tamil Nadu	4 , I-FLOOR, KACHALEESWARARAGRAHARAM STREET, CHENNAI-1., CHENNAI-1., தமிழ்நாடு
S1-723165548	S3-352930576	India	India	Codex Media Private Limited	Codex Media Limited Service	Khata No. 2782, Site No. 7 Pid No-003-W0487-2, Yelahanka New Town Bengaluru Karnataka, Bangalore North, Bangalore, Karnataka	#827 Khaat No. 2782, Site No. 7 Pid No-003-w0487-2, Yelahanka New Town Bengaluru Karnataka, Bangalore, KA
S1-681544526	S2-916556528	US	US	Jobyna Batres Commerce, LLC	Jobyna Batres Commerce, Llc	1706 Magnolia Bend, Baytown, TX	1706- MAGNOLIA BEND, BAYTOWN, TX
S1-886615587	S2-529867975	US	US	A Platinum Cannabis, Inc.	A Plátinum Cannabis, Inc.	23 Buttercup Circle, Elkton, MD	23 BUTTERCUP CIR, ELKTON, MD
S1-803379324	S2-879241961	India	India	Ram Enterprises Limited	രാം എന്റർപ്രൈസസ് ലിമിറ്റഡ്	2154, Goshree Bridge, Prestige Neptune Courtyard, Ernakulam, Kerala	2154, ERNAKULAM, KOCHI, Kerala
S1-401562888	S3-202535889	India	India	ZJ Foundation Company	ZJ-Foundation Company	Shop No. 3, Shri Nutan Bagayat Khedut Sahkari Mandali Ltd, Palsana, Surat, Gujarat	Shop No. #3, NULL, Surat, GJ
S1-340421255	S2-682766947	US	US	Barrett Harbor Iron Inc	Barrett Harbor Iron	648 11th Avenue, New Hyde Park, NY	648 11TH AVE, NEW HYDE PARK, NY
S1-451784685	S2-285502306	US	US	Literacy Guild	LITERACY  GUILD	7506 Log Cradle Drive, Houston, TX	LOG CRADLE DRIVE, HOUSTON, TX
S1-137620708	S2-384123418	US	US	Dato & Boyter	Boyter Dato +	530 Patten Street, Mineola, TX	530 Patten Street, TX, MINEOLA
S1-586572491	S3-309474151	US	US	Direct Douglas	Direct Douglas	11124 National Pike, Grantsville, MD	11124 National Pike, Grantsville, Maryland
S1-989978720	S3-937174929	US	US	Barber, Shumate and Deyoung	Barber, Shumate and	1937 10th Street, Yuma, AZ	Arizona, Yuma, 1937 10rd Saint
S1-116430937	S3-840341730	US	US	Gennifer Mong Total View PC	Gennifer Mg-Total View PC	8680 Hope Farm Lane, Hanover County, VA	8680 Hope Farm Lane, Hanover County, Virginia
S1-331927929	S2-622411050	US	US	Express Diagnostic Laboratories LLC	Express Diagnostic Laboratories	19706 Westbridge Lane, Spring, TX	19706 WESTBRIDGE LANE, SPING, TX
S1-31615950	S2-295659510	India	India	ET Centre Pvt. Ltd.	etcentre.com	759, Sector-3, Part-1, Huda Rewari, Rewari, Haryana	##65 759, SECTOR-3, PART-1, HUDA REWARI, REWARI, Haryana
S1-22048315	S2-551775478	US	US	Sapphire LLC	Sapphire L.L.C.	325 Enchanted Drive, Somerset, TX	32 ENCHANTED DRIVE, SOMERSET, TX
S1-4459709	S3-804912283	India	India	Tech Charitable Trust	Tech Charitable  Trust	24B, Nimtolla Ghat Street 2Nd Floor, Kolkata, Howrah, West Bengal	
S1-953933918	S3-713594845	US	US	Clyeus Aura LLC	Kornex	Carpentersville, 115 Hickory Drive, IL	115 Hickory Dr, Carpentersvillle, Illinois
S1-86484365	S3-522329618	India	India	Kbj Biofuels Private Limited	Kbj  Biofuels	15, Ambica Co.Oph.Soc. Gandhi Ashram Road, Ahmedabad, Gujarat	15., Ambica Co.oph.soc. Gandhi Ashram Road, Ahmedabad, GJ
S1-124871998	S2-274528554	India	India	Vayu & Sons Private Limited	Vayu & Sons	Khasra No. 1580, Vill Markundi Pargana Agori, Robertsganj, Sonbhadra, Uttar Pradesh	KHASRA NO. G-1580 , VILL MARKUNDI PARGANA AGORI, ROBERTSGANJ, Uttar Pradesh
S1-128578370	S2-342071622	US	US	Hammack, Vantassel & Bergan Inc	HAMMACK, VANTASSEL & BERGAN INC	412 Ohio Avenue, Etowah, TN	412 OHIO AVE, EOTWAH, TN
S1-737824297	S3-298453644	US	US	Johnson & Jones Media LLC	LLC Johnson & Jones Media	5939 Quail Hollow Road, Unit B, Charlotte, NC	North Carolina, Charlotte, Quail Hollow Rd
S1-649999369	S2-612033182	US	US	2591 Fourth Road Apartments	2591 FOURTH RÓAD APARTMENTS	435 Shoop Avenue, Wauseon, OH	435-B SHOOP AVE, WAUSEON, OH
S1-919613945	S2-451370442	India	India	MJ Spv Private Limited	MJ Spv Private [Ltd]	Office No. 11, Fourth Floor, Alankar Plaza Central Spine, Vidhyadhar Nagar, Jaipur, Rajasthan	OFFICE NO. 11, FOURTH FLOOR, ALANKAR PLAZA CENTRAL SPINE, VIDHYADHAR NAGAR, JAIPUR, Rajasthan
S1-352105374	S3-353541472	US	US	Ham, Kacie, L.C.S.W.	Ham, Kácie, L.C.S.W.	2813 5th Avenue, Texas City, TX	##2813 5st Avenue, Texas City, Texas
S1-200353363	S2-669585759	India	India	Surya Foundation Private Limited	சூர்யா ஃபவுண்டேஷன் பிரைவேட் லிமிடெட்	279/133, East Masi Street, Madurai, Tamil Nadu	EAST MASI STREET, Tamil Nadu, EAST MASI STREET, 279/133, MADURAI
S1-468070412	S3-247301277	US	US	Pasadena Youth Center Corp	Nyladeltadelta F/K/A Pasadena Youth Center Corp	8108 Main Creek Road, Fl 0, Pasadena, MD	MD, 8108 Main Creek Road, Fl 0, Pasadena
S1-137931717	S2-967031092	US	US	Regional Foundation	Regional  Foundation	606 Primrose Lane, Concord, NC	596 PRIMROSE LN, CONCORD, NC
S1-329397637	S3-593866554	US	US	National Clear Freight	nationalclearfreight.com	2231 Bray Road, Arcade, NY	Bray Rd, Arcade, New York
S1-537508762	S3-999748608	India	India	Celestial & Brothers Private Limited	Celestial & Brothers Private Ltd	603, 6Th Floor, Samruddhi, Business Hub, Hanspura, Ahmadabad City, Ahmedabad, Gujarat	GJ, Ahmedabad, 6Th Floor, Samruddhi, Business Hub, Hanspura, Ahmadabad City, 603
S1-749488472	S2-155991055	US	US	Department of Motor Vehicles	DEPARTMENT OF MOTOR VEHICLES LTD	101 Madison Street, Berea, KY	101 MADISON STREET, BEREA, KY
S1-509915091	S3-747218226	India	India	Aay Brothers Private Limited	Aaybrosprivate.Com	S.No. Gat. 1261, New Rto Road, Shivartehere, Malegaon, Nashik, Maharashtra	S.no. Gat. 1261, New Rto Road, Shivartehere, Nashik, Malegaon, महाराष्ट्र
S1-674625419	S3-431489126	India	India	Arihant Balaji Management LLP	ABM	Kerala, Kozhikode, 62/1062 E Second Floor, Cherooti Road	62/1062 E Second Floor, Cherooti Road, Kozhikode, Kerala
S1-903586804	S2-208201460	US	US	Tadyndyne Prairie Bio LLC	Tadyndyne  Prairie Bio L.L.C.	12035 3rd Avenue, Burien, WA	12035 3ND AVE, BURIEN, WA
S1-815053828	S3-78736195	US	US	Internal Medicine Care Associates of Pocomoke City Ltd	Orbitavovantage	710 Clarke Avenue, Pocomoke City, MD	710 Clarke Avenue, Pocomoke City, MD
S1-791414201	S3-873660216	US	US	Alfy Mcquillan, M.D.	Alfy Mcquillan,	7211 147th Avenue, City Of Kenosha, WI	07211 147th Avenue, City Of Kenosha, Wisconsin
S1-875849959	S2-859564431	India	India	Global Products Private Limited	গ্লোবাল প্রোডাক্টস প্রাইভেট লিমিটেড	Sector-B, Metropolitan Co Operative Society Ltd, West Bengal, Kolkata, Plot No-1, Parganas North	NORTH 24 PARGANAS, KOLKATA, SECTOR-B, METROPOLITAN CO OPERATIVE SOCIETY LTD, PLOT NO-1, West Bengal
S1-318228719	S2-609993471	India	India	Shinestar Nursing Home	Shinestar Nursing Home Ltd	Office No 229, Durian Estate Premises, Goregaon East, Mumbai, Maharashtra	
S1-135943387	S3-441713020	India	India	Hotel Management Private Limited	హోటల్ మేనేజ్‌మెంట్ ప్రైవేట్ లిమిటెడ్	Hyderabad, Rahamath Nagar Road, Yousufguda Check Pos, T, Telangana, Hyderabad, H-No: 8-3-229/S/3/5	#144 H-no: 8-3-229/S/3/5, Rahamath Nagar Road, Yousufguda Check Pos, T, Hyderabad, తెలంగాణ
S1-947895537	S3-933054267	India	India	Ss Builders	SS BUILDERS	Plot No. 11, 12, 16 & 17 Palam Extension Sector 7 Dwarka New Delh, I, New Delhi, South West Delhi, Delhi	Plot No. 11, New Delhi, South West Delhi, DL
S1-947234176	S2-390097841	India	India	Shree (India) Producer Private Limited	Private Shree (India) Producer Limited	Kausthubham Makkadath House Chelannur Po, Chelannur, Kozhikode, Kerala	KAUSTHUBHAM MAKKADATH HOUSE CHELANNUR PO, CHELANNUR, KOZHIKODE, Kerala
S1-770108431	S3-509895129	India	India	Shivanshu Housing Ltd	Shivanshu Housing	S. No. 112, Line No. 3, Vasantdada Market Yard, Sangli, Maharashtra	S. No. 112, Line No. 3, Vasantdada Market Yard, Sangli, महाराष्ट्र
S1-241139718	S3-720412871	US	US	Children's Program	Children'S Program	10110 State Highway 74, Maysville, OK	State Highway 74, Maysville, Oklahoma
S1-923370057	S2-17388188	India	India	Renu Traders Private Limited	Renu Traders Private Ltd	Mangalathu House Poruvazhy North, Near Chakkuvally Temple, Kollam, Kerala	MANGALATHU HOUSE PORUVAZHY NORTH, NEAR CHAKKUVALLY TEMPLE, KOLLAM, കേരളം
S1-963617788	S3-689393762	US	US	LJ Royal Corp	LJ Royal	1700 Tahoma Drive, Lebanon, TN	1700 Tahoma Dr, Lebanon, Tennessee
S1-784155926	S2-184844713	India	India	Kabir Mills Private Limited	KABIR  MILLS PRIVATE LIMITED	Villa No A20, Vrr Golden Encleve, Shikaripalya Main Road, Hulimangala, Electronic City Phase 1, Bangalore South, Bangalore, Karnataka	VILLA NO A20, VRR GOLDEN ENCLEVE, SHIKARIPALYA MAIN ROAD, HULIMANGALA, ELECTRONIC CITY PHASE 1, BANGALORE SOUTH, Karnataka
S1-304015802	S2-197094384	India	India	Southern Hospitality Limited	સધર્ન હોસ્પિટાલિટી લિમિટેડ	A/48 Kamdhenu Complex, Opp. Sahajanand College, Ahmadabad City, Ahmedabad, Gujarat	AHMADABAD CITY, Gujarat, A/48 KAMDHENU COMPLEX, AHMEDABAD
S1-753826379	S3-558539387	India	India	Mrb Holdings	Mrb-Holdings	1 & 2, Atharva, 7Th Avenue, 2007, E Ward 7Th Lane, Rajarampuri, Kolhapur, Maharashtra	H.no ##1 & 2, Atharva, 7Th Avenue, 2007, E Ward 7Th Lane, Solapur, Kolhapur, महाराष्ट्र
S1-762893537	S3-261203472	India	India	Span Educational Society	Span S0ciety  Educational	616, Ward Vii, Near Mayyil Ration Shop, Taliparamba, Taliparamba, Kannur, Kerala	616, Ward Vii, Near Mayyil Ration Shop, Taliparamba, Taliparamba, Kannur, Keralam
S1-609812594	S2-581298944	India	India	Shivam Trading	শিবম ট্রেডিং	9, Mangee Lane, Kolkata, Howrah, West Bengal	HOWRAH, MANGEE LANE, West Bengal, KOLKATA, HN 222 9
S1-662364268	S2-288318170	US	US	Keystone Fuse PLLC	KEYSTONE PLLC FUSE	208 Meeks Road, Caldwell, AR	
S1-835171798	S2-327678779	US	US	Amber LLC	amber llc	1360 Whitten Street, Fl 1, Chandler, AZ	01360 WHITTEN ST, CHANDLER, AZ
S1-423583092	S2-149001684	US	US	Grubbs Connection LLC	GRUBBS CONNECTION	3298 Noble Drive, Brownsville, TX	#3316 NOBLE DRIVE, BROWNSVILLE, TX
S1-984961462	S3-528176945	US	US	Baptist Strategic Church Inc.	Baptist	Somerville, 5 Bond Street, MA	5 Bond Street, MA, Somerville
S1-988184620	S3-270012298	US	US	Call Illumination	Call Illumination	2308 Woodhill Drive, Crescent Springs, KY	Kentucky, Ft Mitchell Ky, 2308 Woodhill Dr
S1-197743905	S2-371728165	India	India	Maa Producer Pvt Ltd	मां प्रोड्यूसर प्रा. लि.	Csa, Uttar Pradesh, 3/13-A 2, Kanpur Nagar, Vishnupuri	###3/13-A 2, KANPUR NAGAR, CSA, Uttar Pradesh
S1-339679440	S2-879343640	India	India	Royal Consulting Private Limited	ROYAL CONSULTING PRÍVATE LIMITED	Arihant Homes, Plot No. 35 To 39 Kusugal Main Road, Hubli, Dharwad, Dharwar, Karnataka	ARIHANT HOMES, PLOT NO. 35 TO 39 KUSUGAL MAIN ROAD, HUBLI, DHARWAD, ಕರ್ನಾಟಕ
S1-449951239	S3-634375037	US	US	Phillips Beacon Capital LLC	Phillips Beacon Capital L.L.C.	3031 Browning Trail, Billings, MT	3031 Browning Trail, Billings, Montana
S1-680618071	S2-847111866	US	US	Regional Apparel Industries	Regional Aibrbarel Industries	35 Schoolhouse Road, Bethel, NY	35 SCHOOLHOUSE ROAD, SWAN LLAKE, NY
S1-635210845	S2-656564793	US	US	Arlena Francis Idea LLC	Arlena Francis ldea LLC	Unit 2, 4075 Martin Luther King Parkway, Beaumont, TX	9075 MARTIN LUTHER KING PKWY, BEAUMONT, TX
S1-74586321	S3-711781099	India	India	Modern Technologies Private Limited	Mr Modern Technologies Limited Center	63 Ganpatrao Kadam Marglower Parel, Mumbai, Maharashtra	3-63 Ganpatrao Kadam Marglower Parel, Mumbai, MH
S1-821352517	S2-236464633	US	US	Laverna Kennedy Social	Deltaecto	13808 Blake Drive, Tuscaloosa, AL	13808-13812 BLAKE DR, TUSCALOOSA, AL
S1-686465313	S3-999578885	US	US	Compass Corp	Compass-Corp	Belcamp, 4238 Goodson Court, MD	4238 Goodson Court, Belcamp, Maryland
S1-603924977	S3-345534271	US	US	Historical Society	Historical Society	2515 Granger Road, Granger Township, OH	515 Granger Road, Granger Township, Ohio
S1-110704330	S2-373005348	India	India	Universal Hospitality Private Limited	यूनिवर्सल हॉस्पिटैलिटी प्राइवेट लिमिटेड	Mumbai, Flat No.202, Tivoli Co-Op, Hsg Society Ltd Central Avenue, Hiranandani Gardens, Maharashtra, Mumbai City	DOOR NO #202, MUMBAI, MUMBAI CITY, Maharashtra
S1-428643413	S3-642167203	US	US	Erma Johnson Maywood LLC	Erma Johnson Máywood LLC	465 Clark Avenue, Auburn, AL	465 Clark Ave, Auburn, Alabama
S1-370086517	S2-569676082	US	US	Custom Aspac LLC	Custom Aspac Llc	WA, 395 Rainier Lane, Port Ludlow	395 RAINIER LANE, PORT LUDLOW, WA
S1-725570400	S2-986494722	India	India	Kanha Manufacturing Private Limited	Kanha Private Limited (Center)	602, 6Th Floor, Prestige Meridian - Ii Situated At No. 30, M G Road, Bengaluru, Bangalore, Karnataka	ಕರ್ನಾಟಕ, #D/791 602, 6TH FLOOR, PRESTIGE MERIDIAN - II SITUATED AT NO. 30, M G ROAD, BENGALURU
S1-626842765	S3-929648541	India	India	Eastern Seven Infotech Private Limited	Eastern Seven Infotech Private Ltd	C/O Ram Singh, Kheri Mark, Anda, Sirsala Road, Thanesar, Kurukshetra, Haryana	C/o Ram Singh, Kheri Mark, Anda, Sirsala Road, Thanesar, Kurukshetra, HR
S1-550479927	S2-94583357	US	US	Rosita's Global Pharmaceuticals	Yumanylanex	156 Ironwood Lane, Vallejo, CA	00156 IRONWOOD LANE, VALLEJO, CA
S1-292391826	S2-681888442	India	India	La Logistics Private Limited	La Logitsiocs Private Limited	A 10/11 Basant Vihar Colony, Ujjain, Madhya Pradesh	A 10/11. BASANT VIHAR COLONY, UJJAIN, Madhya Pradesh
S1-3291950	S2-160993289	US	US	Kenyon, Jimenez & Claxton	Kenyon,  Jimenez & Claxton	103 Blue Bonnet Drive, Kenedy, TX	103 BLUE BONNET DRIVE, KENEDY, TX
S1-898361642	S2-172759042	India	India	Dynamic Management LLP	DYNAMIC-MANAGEMENT-LLP	Flat No 12001, Plot No 17 A Wing, Olive Shallots, Sector 16A, Sanpa, Da, Navi Mumbai, Thane, Maharashtra	महाराष्ट्र, ##12001 , PLOT NO 17 A WING, OLIVE SHALLOTS, SECTOR 16A, SANPA, DA, NAVI MUMBAI
S1-471768718	S3-513348617	India	India	Rangoli & Co Corp	Rangoli & & Co	Shop No. 30 Ground Floor, 12/13 Wea Saraswati Marg, New Delhi, Central Delhi, Delhi	#30 Ground Floor, 12/13 Wea Saraswati Marg, Central Delhi, दिल्ली
S1-552397601	S3-545738618	India	India	Galaxy Software Private Limited	Smt Galaxy-Software Private	Jobat, C/O Dilip Kumar Dhanna Vani Subhash Marg, Madhya Pradesh, Alirajpur, Jhabua	C/o Dilip Kumar Dhanna Vani Subhash Marg, Jobat, Alirajpur, MP
S1-884207874	S3-773944689	US	US	Castaneda Solutions LLC	Castaneda Solutions LLC	9974 Cora Lane, Avondale, AZ	9974. Cora Ln, Avondale Goodyear, Arizona
S1-917603886	S2-773975801	US	US	Meridian Materials LLC	meridianmaterials.com	237 Cr 4644, Hondo, TX	HONDO CITY, 237 CR 4644, TX
S1-846351276	S3-358526887	India	India	Mumbai Facilities	Mumbai Facilities	Shiv Asthan Heights, 16Th Road, Near Shri Sagar Hotel, Bandra W, Mumbai, 1003, Maharashtra	1003, Shiv Asthan Heights, 16Th Road, Near Shri Sagar Hotel, Bandra W, Mumbai, Bombay, MH
S1-914239670	S2-86255694	US	US	Cascade Regency	Cascade Regency	1517 Market Street, East Palestine, OH	517 MARKET ST, EAST PALESTNIE, OH
S1-682860324	S2-98609329	India	India	Innovative White Solutions Private Limited	ઇનોવેટિવ વ્હાઇટ સોલ્યુશન્સ પ્રાઇવેટ લિમિટેડ	Harshad Colony, Bapunagar, Ahmedabad, C/1/21, Gujarat, Ahmadabad City, Ahmedabad	Gujarat, HARSHAD COLONY, BAPUNAGAR, AHMEDABAD, AHMADABAD, AHMEDABAD, C/8-1/21
S1-257498467	S3-532872327	US	US	Hinnant's Architecture	Hinnant's Architecture-LLC	2116 Vanderbilt Lane, Austin, TX	2116 Vanderbilt Ln, Astin, Texas
S1-39133713	S3-688424219	India	India	Real Agro Private Limited	রিয়েল অ্যাগ্রো প্রাইভেট লিমিটেড	113, G. T. Road (East) Rambandhu Talab, Asansol, West Bengal	#687 113, G. T. Road (East) Rambandhu Talab, Asansol, WB
S1-336110801	S2-421670261	India	India	Shital Group	Sftal Group	G-79/1, Third Floor, Front Side, Shaheen Bagh, New Delhi, South Delhi, Delhi	SOUTH DELHI, NEW DELHI, दिल्ली, THIRD FLOOR, FRONT SIDE, SHAHEEN BAGH, G-079/1
S1-959635209	S2-101024575	India	India	First Exports Private Limited	First Exports Private Limited	1101, Krushal Commercial Complex, G M Rd, Above Shopper Stop, Chembur (W), Mumbai, Mumbai City, Maharashtra	A-1101, KRUSHAL COMMERCIAL COMPLEX, G M RD, ABOVE SHOPPER STOP, CHEMBUR (W), MUMBAI, Maharashtra
S1-687411934	S2-850222344	US	US	Value Asset Advisors Inc	VALUE ASSET INC CENTER	302 5th Avenue, Williston, ND	FIFTH AVENUE, WILLISTON, ND
S1-676254788	S3-892582310	India	India	Innovative Future Food Limited	Innovative Fashtrue Food Limited	Flat No.1145, Tower Flora, 13Th Floor, D.N. Oxypark, Dumuduma, Khandagiri, Bhubaneswar, Khordha, Orissa	Door No 1145, Khordha, Bhubaneswar, OD
S1-650595811	S3-667968227	US	US	Grant Infinite Inc	Grant  Infinite	1544 Sweet Home Road, Amherst, NY	1544 Sweet Home Rd, Amherst, New York
S1-900993881	S2-415076236	US	US	South Endocrinology	South Endocrinology Corp #87785	Chelan, 123 Fair Way, WA	123 FAIR WAY, NULL, CHELAN, WA
S1-683051936	S2-841921953	India	India	Future Arrow Private Limited	Shri Future Arrow Plndvctdae [Limited]	Flat No Pvh0040715, Pavillion Height, Tower No. Pvh004 Flat No. 0715, Sector-128, Noida, Gautam Buddha Nagar, Uttar Pradesh	PLOT 145 FLAT NO PVH0040715, PAVILLION HEIGHT, TOWER NO. PVH004 FLAT NO. 0715, SECTOR-128, NOIDA, Uttar Pradesh
S1-19451232	S3-783453990	US	US	Hartman Reliable Foods Co	Hartman Reliable Fóods Co	810 Elmcroft Boulevard, Rockville, MD	810 Elmcroft Blvd, Rockville, Maryland
S1-833111300	S3-991226831	US	US	Bay Choice Ameren Inc	Bay Choice Ameren Inc.	485 Moxie Lane, Delphos, OH	Moxie Lane, Delphos, Ohio
S1-502644539	S3-385660345	US	US	Safe Peak Sony Inc	5afe  Peak Sony	7423 Canebrake Lane, Houston, TX	Canebrake Ln, Houston, Texas
S1-616547545	S3-42722565	US	US	Bay Boutique LLC	Bay Bay LLC Service	202 State Road, Fairmount, IL	Fairmount, State Rd, Illinois
S1-83761991	S3-66547536	US	US	Creative View L.L.C.	Creative View	4501 Bella Jean, Canfield, OH	004501 Bella Jean, Canfield, Ohio
S1-171980825	S2-436317708	India	India	Mula Foundation	M/s Mula Foundation	# No 5-101, Koheda Hayathnagar, Hyderabad, Telangana	# NO 5-101, KOHEDA HAYATHNAGAR, Andhra Pradesh
S1-15133345	S2-363951325	US	US	Capps and Pangan Mortgage Partners	Capps and Pangan Mortgage Partners [Co]	1262 Harrison Road, Murfreesboro, TN	MURFREESBORO, 1262 HARRISON RD, TN
S1-402048982	S3-730627818	India	India	Ram Tech Private Limited	Ram Tech Private	Kozhikode, Kadher Tower, Puthiyapalam, 2Nd Floor, Kozhikode, Kerala	No 2Nd- Floor, Kadher Tower, Puthiyapalam, Kozhikode, KL
S1-14245144	S3-753419175	India	India	Worth Vidyalaya Ltd	Worth Vidyalaya  Ltd	2, 1St Flr, Ashirwad Flats, Bhadresh Kunj, Narayannaga, Ahmadabad City, Ahmedabad, Gujarat	Block A-169 2, Ahmedabad, ગુજરાત
S1-661716137	S3-263913888	India	India	Nine Trading Private Limited	ninetrading.com	H No 1-56 /2 Shanthi Nilayam Markondaya Nagar Choutuppal, Bhuvanagiri, Nalgonda, Telangana	H No D/1-56 /2 Shanthi Nilayam Markondaya Nagar Choutuppal, Bhuvanagiri, Nalgonda, TG
S1-75734850	S3-516047234	US	US	Value Harbor Offshore	Value Hárbor [Offshore]	1322 140th Avenue, Ellis, KS	1322 140th Avenue, Ellis, Kansas
S1-379969737	S2-197224499	US	US	Chelf Cardiology	Chelf Cardiology	909 Cades Cove, Florissant, MO	909 CAEDS COVE, FLORISSANT, MO
S1-942039165	S3-492958500	India	India	Big Life Agro Private Limited	बिग लाइफ एग्रो प्राइवेट लिमिटेड	Flat No. 3405, 34Th Floor, Wing A3, Oberoi Springs (Excel Indus), Off Link Road, Andheri We, St, Mumbai, Mumbai City, Maharashtra	34Th Floor, Wing A3, Oberoi Springs (Excel Indus), Off Link Road, Andheri We, St, H.no A-3405, Mumbai City, MH, Mumbai
S1-924008259	S2-928809165	US	US	Regional Coalition, LLC	Regional Regional Cgoti,o LLC	5129 Glen Eden Drive, Fort Worth, TX	5129-A Glen Eden Dr, FORT WORTH, TX
S1-54792843	S2-294973105	US	US	M/S Communications LLC	M/S-COMMUNICATIONS LLC	6807 700, Sharpsville, IN	700, SHARPSVILLE, IN
S1-303700386	S2-358265157	India	India	Preethi Stock	Preethi Stóck Stóck	P.No. 75-76 Saraswati Vihar, Sirsi Mod, Jaipur, Rajasthan	HN ##642 P.NO. 75-76 SARASWATI VIHAR, SIRSI MOD, JAIPUR, राजस्थान
S1-478487638	S2-738817208	US	US	Siegel Education LLC	SIEGEL EDUCATION EDUCATION	W1386 N, Colby, WI	W1386 N, CLBY CITY, WI
S1-608727653	S3-650339178	India	India	My Ventures Private Limited	My Ventures Private Limited	543, 5Th Floor, Bhagirathi Tower, Mahagun Puram, Nh 24, Mehrauli, Ghaziabad, Uttar Pradesh	543, Ghaziabad, उत्तर प्रदेश
S1-386434618	S2-792270313	India	India	Infra Andhra Mills LLP	Infra Andhra Mills  LLP	Flat 2 Ground Floor Pkt-4, Sector G-6 And G-2 Blk-B, Delhi, North West Delhi, Delhi	FLAT #2 GROUND FLOOR PKT-4, SECTOR G-6 AND G-2 BLK-B, DELHI, Delhi
S1-359006357	S2-434541007	US	US	Ear Nose & Throat Physicians of Hawkeye	EAR NOSE & THROAT PHYSICIANS OF HAWKEYE INC.	113 Burrell Street, Hawkeye, IA	113 BURRELL STREET, HAAWKEYE, IA
S1-970241453	S2-964598045	US	US	Schultz and Cole Old Inc	SCHULTZ-AND COLE OLD INC	376 Olmstead Avenue, Depew, NY	DEPEW, OLMSTEAD AVE, NY
S1-426773292	S3-728380949	India	India	Pooja & Brothers LLP	Pooja Brothers & LLP	5Th Floor, Radisson Commercial Plaza National Highway No. 8, Mahipalpur, New Delhi, South West Delhi, Delhi	New Delhi, DL, Radisson Commercial Plaza National Highway No. 8, Mahipalpur, South West Delhi, 5Th Floor
S1-907898805	S2-378617938	US	US	Kutz Bynordic Inc	KUTZ BYNORDIC	NC, Corolla, Unit 32B, 1115 Ocean Trail	OCEAN TRL, COROLLA, NC
S1-970599415	S2-146189890	India	India	Services Pan Enterprise Private Limited	Services Pán Enterprise Private Limited	Pune, Maharashtra, 1041, Sadashiv Peth Kalyani Heights, Fl 3	
S1-724746819	S2-677080904	US	US	Lani Kallas Railway Inc	Kallas, Lani Railway [Inc]	22568 Oakwood Road, Albemarle, NC	NC, ALBEMARLE, 22484 OAKWOOD ROAD
S1-831256573	S3-72014183	US	US	Ferron Spartacus LLC	Arcbelocalo d/b/a Ferron Spartacus LLC	3562 Bradshaw Road, Roanoke County, VA	3562 Bradshaw Road, VA, Roanoke County
S1-27102082	S2-28212386	India	India	Govind Security Pvt Ltd	M/s GOVIND SECURITY PVT  LTD	Mumbai, Flat No. B/605, Mumbai City, Elite Chs. Ltd., Gandhi Nagar, Nr. Samaj Mandir Hall, Bandra (E), Maharashtra	BLOCK E-660 FLAT NO. B/605, ELITE CHS. LTD., GANDHI NAGAR, NR. SAMAJ MANDIR HALL, BANDRA (E), MUMBAI, Maharashtra
S1-733955494	S3-688225521	US	US	Vision Reliable Physicians LLC	Vision Reliable Physicians LLC	OR, 1831 31st Street, Redmond	1831 31st St, Redmond, Oregon
S1-544749469	S2-899093515	US	US	Advanced Association LLC	Advanced Association-LLC	3115 Franklin Avenue, Seattle, WA	SEATTLE, WA, 3115  FRANKLIN AVE
S1-701434225	S3-496982549	India	India	Six Group of Companies Limited	Six Companies of Group Limited	Hyderabad, Road No. 9A Jubilee Hills, Hyderabad, Hyderabad, Telangana, 8-2-293/82/A/76	H.no 412 8-2-293/82/A/76, <NULL>, Hyderabad, TG
S1-205446335	S2-714648734	India	India	Baba Investment Private Limited	बाबा इन्वेस्टमेंट प्राइवेट लिमिटेड	A/P Koregaon H.No 243, B/3, Walva, Sangli, Maharashtra	A/P KOREGAON H.NO 243, B/3, SANGLI, WALVA, Maharashtra
S1-554756528	S2-502300489	US	US	Angelique Guerra Northland, Corp	ANGELIQUE GUERRA  NORTHLAND, CORPORATION	242 Old Barn Road, Tallassee, AL	AL, TALLASSEE, 242 OLD BARN RD
S1-972786463	S2-889346387	US	US	Nesonia Inc	NESONIA (INC)	240 Dewey Street, Rugby, ND	
S1-219230009	S3-453962107	India	India	Shiva Media LLP	LLP 5hiva Media	Plot No.-17 A, Gurukul Estate Sarai Khwaja, Faridabad, Haryana	Plot No.-17 A, Gurukul Estate Sarai Khwaja, Ncr Delhi, Faridabad, HR
S1-461503142	S3-818439603	US	US	Bay Gulf British	Bay Gulf Center	216 Isbill Road, Philadelphia, TN	216-C Isbill Road, Philadelphia, Tennessee
S1-456615704	S3-398547532	India	India	Suryapet Informatics Private Limited	Suryapet Informatics Private-Limited	1St Floor, Radha Nilayam, H No 2-1-170/1/18/B/1 Rk Gardens, Suryapet, Nalgonda, Telangana	St Floor, Radha Nilayam, H No 2-1-170/1/18/B/1 Rk Gardens, Urban, Nalgonda, TG
S1-43912289	S2-70971757	US	US	Mountain Association	MOUNTAIN ASSOCIATION  CO	21506 1st Avenue, WA, Bothell	
S1-273149951	S2-357386145	India	India	Candela Meraki Pvt. Ltd.	Candela Meraki Pvt. Pvt. Ltd	Flat No 109, 1St Floor, C Wing, Highway Park, E/3 Chs Ltd, Thakur Complex, Kandivali East, Mumbai, Maharashtra	FLAT NO 109, 1ST FLOOR, C WING, HIGHWAY PARK, E/3 CHS LTD, THAKUR COMPLEX, KANDIVALI EAST, महाराष्ट्र
S1-180992589	S3-173019176	US	US	Pediatric Dental Specialists	Pediatric Dental Specialists Corporation	MA, 138 Berkley Street, Dartmouth	138 Berkley Street, N Dartmotuh, Massachusetts
S1-556381042	S2-763769187	US	US	Summit Endocrinology	SUMMIT ÉNDOCRINOLOGY	11268 Moonlight Canyon, Fl 1, Scottsdale, AZ	11268 MOONLIGHT CANYON, SCOTTSDALE, AZ
S1-306157919	S3-303380497	US	US	Pinnacle Construction Corporation	Zetanex dba Pinnacle Construction Corporation	2752 County Road 203 Loop, Cameron, TX	2752 County Road 203 Loop, Cameron, TX
S1-303516855	S2-719442451	India	India	Vimal Infotech Private Limited	Avizeph	No. 28, Errabalu Chetty Street, 2Nd Floor, Chennai, Tamil Nadu	H.NO 28, ERRABALU CHETTY STREET, 2ND FLOOR, CHENNAI, Tamil Nadu
S1-8042020	S2-483999266	US	US	Peterka's Superior Studios	PETERKA'S SUPERIOR STUDOS	5005 Burtonwood Way, Spring Hill, TN	5005 BURTONWOOD WAY, SPRING HILL, TN
S1-91153381	S3-179441674	US	US	Scurry, Janis, DDS	5curry, Jcasnr,-Dds	32 Nathan Hale Drive, Unit Apartment 70A, Huntington, NY	32D Nathan Hale Dr, Unit Apartment 70A, Huntington, New York
S1-189129851	S2-112560433	US	US	Lyndel's Silver Massage	LYNDEL'S SILVER MÁSSAGE	Medway, MA, 9 Liberty Road	LIBERTY ROAD, MEDWAY, MA
S1-71890763	S2-342897176	US	US	Beacon Mobility Systems Group	beaconmobilitysystems.com	702 2nd Street, Bellwood Borough, PA	702 SECOND ST, BELLWOOD BOROUGH, PA
S1-580770552	S2-806411453	India	India	Unique Investments Limited	यूनिक इन्वेस्टमेंट्स लिमिटेड	C-86 Suncity Gurugram Haryana, Haryana, Gurgaon, Haryana	C-B3/86 SUNCITY GURUGRAM HARYANA, HARYANA, GURGAON, Haryana
S1-34904646	S3-949540531	India	India	Ram Care Private Limited	Dr Ram Care Private	H-1 C/O.Sanjay Barik, Nayagram Jhargram, Kharikamathani, West Midnapore, West Bengal	H-1 C/o.sanjay Barik, Nayagram Jhargram, Kharikamathani, West Midnapore, WB
S1-737052432	S3-831024735	US	US	Family Mountain Associates Inc	Family Mountain Associates (Inc)	1907 Buck Street, Gainesville, TX	1907- Buck St, Gainesville, Texas
S1-538387338	S2-771177687	India	India	(West) Specialities Private Limited	(WEST) SPECIALITIES PRIVATE [LTD]	Neminath Paradise, Row House No. 2, Near Registration Office, 90Ft Road, Bahandar, (West), Thane, Maharashtra	NEMINATH PARADISE, ROW HOUSE NO. 2, NEAR REGISTRATION OFFICE, 90FT ROAD, BAHANDAR, (WEST), Maharashtra
S1-651422062	S3-747308409	India	India	Sai Developers Private Limited	*** Sai Developers Private	Plot No-1116, Ground Floor, Jayadurga Nagar Post-Budheswari, Bhubaneswar, Khordha, Orissa	Plot No-1116, Khordha, OD, Bhubaneswar
S1-224038108	S2-323126841	India	India	CVS Field LLP	CVS Field  LLP	608 Monarch Plaza, Sector11, Plot No.56, Cbd, Belapur, Navi Mumbai, Mumbai City, Maharashtra	महाराष्ट्र, 608 MONARCH PLAZA, SECTOR11, PLOT NO.56, CBD, BELAPUR, NAVI MUMBAI
S1-941919860	S2-866186890	US	US	Capital Endocrinology PC	CAPITAL ENDOCRINOLOGY PC	512 Arey Avenue, Albemarle, NC	NC, ALBEMARLE, 512 AREY AVE
S1-532363182	S2-277647140	India	India	Prime Ventures Private Limited	PRIME VENTURES PRIVATE	C/O Himanshu Aggarwal Shop No 200 Plot No H-2 2Nd Floor Dist Center Wazirpur Neta Ji, Subhash Place Pitampura Landmark Near Pp Jeweller, Delhi, North West Delhi, Delhi	DOOR NO 229 C/O HIMANSHU AGGARWAL SHOP NO 200 PLOT NO H-2 2ND FLOOR DIST CENTER WAZIRPUR NETA JI, SUBHASH PLACE PITAMPURA LANDMARK NEAR PP JEWELLER, DELHI, Delhi
S1-454293914	S2-333129653	US	US	Highland Star Education	Highland  Star	5001 College Street, Fl 1, Lacey, WA	LACEY, WA, <NULL>, #5001 COLLEGE STREET
S1-380099385	S2-306810443	US	US	Diaz Superior Proem LLC	Diaz Superior	9279 Highway 144, Philpot, KY	9279 HGIHWAY 144, PHILPOT, KY
S1-219461682	S3-557186320	US	US	Rozanne's Hospitality	... rozanneshospitality.com	2158 Westridge Drive, Missouri Valley, IA	Iowa, 2158 Westridge Dr, Timber Valley Estates 1st Add
S1-133898128	S3-484644799	US	US	Womens Health Preferred Clinic	Womens Health Preferred Clinic [Co]	306 Archery Lane, Grayson County, VA	Grayson County, 306 Archery Ln, Virginia
S1-322096769	S3-44747210	US	US	Emerald Ares Inc.	emeraldares.com	26027 Ponderosa Lane, Buckeye, AZ	Arizona, ##26027 Ponderosa Lane, Buckeye
S1-719948392	S3-459097519	US	US	Back Alley Bakery PLLC	Back Alley Bakery PLLC Service	8817 Fields Road, Ponca City, OK	Oklahoma, 8817 Fields Road, Ponca City
S1-938871724	S3-384893449	US	US	Reyes Complete Liquor Inc	REYES COMPLETE LIQUOR INC	3801 Sherwood Drive, Fort Worth, TX	3801 Sherwood Dr, Fort Worth, Texas
S1-427997267	S3-391216857	India	India	Urban Products Private Limited	अर्बन प्रोडक्ट्स प्राइवेट लिमिटेड	701, Nine Mansi, Ram Maruti Rd Cross Lane 1, Thane West, Thane, Maharashtra	852 701, Thane West, Thane, MH
S1-218638318	S3-51647507	India	India	Quintessential Engineering Private Limited	Quintessential Engineering Private	Vatika Business Centre, Ii Floor, Block-B First India Place, Sushant Lok Phase-1, Mg Road, Gurgaon, Haryana	Vatika Business Centre, Ii Floor, Block-b First India Place, Sushant Lok Phase-1, Mg Road, Gurgaon, HR
S1-819790813	S3-901460877	India	India	Market Public School	Market  Public Sch00l	Plot No. 825, Road No.44 Jubilee Hills, Hyderabad, Telangana	825, Road No.44 Jubilee Hills, Hyderabad, Andhra Pradesh
S1-673912515	S3-791521304	India	India	Jairam Hind Limited	Jairam Hind	No.33, Trident, 2Ndfloor, Primroseroad, Offm.G.Road, Richmondroad, Bangalore, Karnataka	H.no 33, Bangalore, KA
S1-909619858	S3-775623290	US	US	Elite Pampa	Elite Pampa Inc	2508 Dana Drive, Burnsville, MN	2508 Dana Dr, Burnsville, Minnesota
S1-108140050	S2-548471338	India	India	Ashra Chits	Ashra Chits	2Nd Street, Korattur, Chennai, Chennai, Tamil Nadu, No 71, Chennai	NO 71, 2ND STREET, KORATTUR, CHENNAI, CHENNAI, Tamil Nadu
S1-633404701	S3-95938406	US	US	Weatherford All Annuities	Weatherford All  Annuities	153 Cole Street, Forest City, NC	North Carolina, 153D Cole Street, Forestcity CITY
S1-708970417	S3-789423933	India	India	Alekhya Charitable Trust	Alekhya Charitable Trust Corp	D-201, Water Front -1 D Wing 220 & 231/83/7B, Civil Lines, Solapur, Maharashtra	D-201, Water Front -1 D Wing 220 & 231/83/7B, Civil Lines, <NULL>, MH
S1-465080852	S3-270257594	India	India	Og Memorial Trust	0g Memorial Trust	Plot No. 113, 5Th Floor, Flat No. 501, 10 By Ista Homes, Cbi Colony, Road No. 44, Shaikpet, Hyderabad, Telangana	00113, 5Th Floor, Flat No. 501, 10 By Ista Homes, Cbi Colony, Road No. 44, Shaikpet, Hyderabad, TG
S1-96037054	S3-177246624	US	US	Williams Peak Angel Inc	Williams Peak Inc Center	10115 Chambers Hill Drive, Fl 0, Saint Louis, MO	##10115 Chambers Hill Drive, Fl. 0, Saint Louis, Missouri
S1-780095738	S2-274854856	US	US	Mariquilla Jones Empire Investors	Mariquilla Jones Empire Investors Corp	30505 Scotch Church Road, Hillsboro, OR	30505 SCOTCH CHURCH ROAD, HILLSBORO, OR
S1-882019514	S3-801726718	India	India	Dynamic Consulting Pvt Ltd	ଡାଇନାମିକ୍ କନସଲଟିଂ ପ୍ରାଇଭେଟ୍ ଲିମିଟେଡ୍	Mahadeipuir, Khadianga Balichandrapur, Jajpur, Khordha, Orissa	Mahadeipuir, Khadianga Balichandrapur, Jajpur, Khordha, OD
S1-400143477	S3-752518214	India	India	GP India Limited	GP Limited Services	1605, 16Th Floor, The Junomoneta Tower, Near Rajhans Cinema, Opp. Rto, Pal, Surat City, Surat, Gujarat	1605, Surat City, GJ
S1-662576566	S3-113885324	US	US	Penni Wright Reliable Wells LLC	Penni Wright Reliable Wells Llc	OK, 4760 204th Avenue E, Broken Arrow	4760 204th Ave East, Broken Arrow, Oklahoma
S1-683901150	S2-953230667	India	India	Gujarat Trading Private Limited	गुजरात ट्रेडिंग प्राइवेट लिमिटेड	2303, 23Th Floor, Tower B-1, Cleo County, Sector-121 Noida, Noida, Ghaziabad, Uttar Pradesh	NOIDA, 23TH FLOOR, TOWER B-1, CLEO COUNTY, SECTOR-121 NOIDA, B3/2303, GHAZIABAD, उत्तर प्रदेश
S1-35517734	S3-711155832	India	India	Coimbatore Services Private Limited	c0imbatore services private limited	D.No 1/208-A, Jeeva Street, Chinniampalayam, Coimbatore, Tamil Nadu	D.no 1/208-A, Jeeva Street, Chinniampalayam, Coimbatore, தமிழ்நாடு
S1-201989342	S3-112785545	India	India	Kelly (India) Instruments Pvt Ltd	Kelly (India) Instruments Pvt	Bandel, West Bengal, Hooghly, Saheb Bagan Manushpur Hooghly	Saheb Bagan Manushpur Hooghly, Hooghly, Bandel, পশ্চিমবঙ্গ
S1-138832425	S3-91992146	India	India	White Apex Consultants Private Limited	waconsultants.com	Plot No 32 And 32A Sunder Nagar, Girdhar Marg, Malviya Naga, R, Jaipur, Rajasthan	No 3-2 And 32A Sunder Nagar, Girdhar Marg, Malviya Naga, R, Jaipur, RJ
S1-292189005	S2-999724737	India	India	Sivaganga & Associates	Sivaganga &	Kerala, Ali Chamber, 2Nd Floor, Room No 14, Cp Ummer Road, Kochi, Building No 66/3030, Ernakulam	Kerala, DOOR NO 603 BUILDING NO 66/3030, ALI CHAMBER, 2ND FLOOR, ROOM NO 14, CP UMMER ROAD, KOCHI, ERNAKULAM
S1-112964588	S2-682974349	US	US	Data Intelligence Studios LLC	dataintelligencestudios.com	2303 Barbour Road, VA, Fairfax County	##2303 Barbour Road, FALLS CHURCH CITY, VA
S1-169259685	S2-71865354	India	India	Shivalaya India Limited	SHIVALAYA ÍNDIA LTD	Station Road Wankaner, Rajkot, Gujarat	STATION ROAD WANKANER, Gujarat
S1-231588525	S3-24856811	US	US	Calinia Apex Oxley LLC	Calinia Apex Oxley L.L.C.	2850 Alum Creek Drive, Unit 217, Columbus, OH	Alum Creek Dr, Unit 217, Columbus, Ohio
S1-126050396	S2-495108958	US	US	Diversified Environmental Consultants LLC	-- Diversified Environmental Consultants	2016 Little Turtle Court, Hamilton, OH	2016. LITTLE TURTLE CT, HAMILTON, OH
S1-637774294	S3-901366307	India	India	Shirdi Sangh	Shirdi-Sangh Ltd	03, Vijay Industrial Est, I B Patel Road, Goregaon, Goregaon West, Mumbai, Maharashtra	03/7, Vijay Industrial Est, I B Patel Road, Goregaon, Mumbai Region, Mumbai, महाराष्ट्र
S1-968370894	S3-567064370	India	India	Vision Producer Private Limited	विजन प्रोड्यूसर प्राइवेट लिमिटेड	77-C Wp-Block Pitampura, New Delhi, North Delhi, Delhi	No 77-C Wp-block Pitampura, North Delhi, New Delhi, दिल्ली
S1-421110575	S2-338373095	US	US	Edgar, Wilkerson and Bragg Union L.L.C.	Edgar, Wilkerson  and Bragg Union [L.L.C.]	NY, Benton, 745 Lovejoy Road	745 LOVEJOY RD, BENTON, NY
S1-723855750	S3-442407310	US	US	Mudge Lightwave LLC	Mudge Líghtwave LLC	1112 Ortiz Drive, Albuquerque, NM	1112 Ortiz Dr, Albuqueerque, New Mexico
S1-646749019	S3-862349661	US	US	Liberty Dental Associates	Liberty Dental Associates LP	450 Nelson Court, Pea Ridge, AR	450 Nelson Ct, Pea Ridge, Arkansas
S1-240681480	S2-440430101	US	US	Heritage Muniyield	Heritage Muniyield	825 383, Ira, TX	625 383, IRA, TX
S1-335392403	S2-617979591	US	US	Linet, Inc	LINET, INC SERVICE	227 Berry Avenue, Unit UNIT 2, Bellevue, KY	KY, 227  Berry Avenue, BELLEVUE KY
S1-898507157	S2-479586968	US	US	Cybil Jackson, Ph.D.	CYBIL JACSONC,  PH.D.	5457 Granite Street, Loves Park, IL	5457 GRANITE STERET, LOVES PARK, IL
S1-216528247	S2-779081909	India	India	Al Developers Private Limited	अल डेवलपर्स प्राइवेट लिमिटेड	Office No. 213, First Floor Corporate Plaza, Residential Colony, Pal, Am Vihar, Gurgaon, Haryana	GURUGRAM, GURGAON, Haryana, OFFICE NO. 213
S1-959824270	S2-605457205	US	US	Timber Partners	Timber Partners Corp	ME, 89 Inn Road, Allagash	INN ROAD, ST. FRANCIS, ME
S1-264249614	S2-168819414	US	US	916 Madison Street Associates	916 Madison Street-Associates	20354 Oak Hollow Lane, Harlingen, TX	20353 OAK HOLLOW LN, HARLINGEN CDP, TX
S1-965123342	S3-198272359	US	US	Northwind LLC	Northwind LLC	7844 Culloden Crest Lane, Prince William County, VA	7844 Culloden Crest Ln, Prince William County, Virginia
S1-601471267	S3-207190298	India	India	Solarium Vidyalaya	Solariumvidyalaya.Com	Shop No.-G-03, Ground Floor, C.S.No.1656, Deep Pooja Aptt., Rajarampuri 8 Th Lane, E Ward, Kolhapur, Maharashtra	Shop No.-g-03, Kolhapur, महाराष्ट्र
S1-290857171	S2-858966924	US	US	West Vanguard Cms LLC	WEST VANGUARD LLC PARTNERS	32 Crest Court, Kaser, NY	CREST CT, MONSEY, NY
S1-46062193	S2-653555866	US	US	Fuller Irenic LLC	Fuller Irenic Llc	1727 Pleasant Grove Church Road, Mount Gilead, NC	1727 PLEASANT GROVE CHURCH ROAD, MT GILEAD, NC
S1-274681861	S3-632616168	India	India	Sai Electronics (India) Private Limited	saielectronicsindiacom	Indira Mill Square, Bye Pass Road, Bhadohi, Sant Ravidas Nagar, Uttar Pradesh	Indira Mll Square, Bye Pass Road, Bhadohi, Sant Ravidas Nagar, उत्तर प्रदेश
S1-369519425	S2-236637969	US	US	Grover, Bean and Contos, LLC	*** Grover, Bean and Cotos,-LLC	71 Haynes Street, Manchester, CT	71 HAYNES STREET, CT, MANCHESTER
S1-680407392	S2-745331286	US	US	Little Auto Body	Little Auto Body Inc.	774 Warbler Lane, Warsaw, IN	IN, 77 WARBLER LN, WARSAW
S1-187039260	S3-316906387	US	US	Apex	Wexevo DBA: Apex	506 Base Street, Morrison, IL	Morrison, 506 Base Street, IL
S1-253382375	S3-6728215	US	US	Empire Royce Inc	Empire Royce Inc	768 Bowling View Road, Warren County, VA	768 Bowling View Road, Warren County, Virginia
S1-407766368	S2-349779742	India	India	Builcon Trust	Builcon Trust Co	C/O. Shiv Dulari Tripathi, Ring Road Gadariya Rewa, Huzur, Rewa, Madhya Pradesh	C/O. SHIV DULARI TRIPATHI, RING ROAD GADARIYA REWA, HUZUR, Madhya Pradesh
S1-690567736	S2-302212559	US	US	Geis Express Corp	Geis Express	3 Thyme Court, PA, Silver Spring Township	
S1-368343174	S2-211147241	US	US	HW Royal Payment Inc	HW ROYAL  INC SERVICES	821 Southwell Lane, Florissant, MO	821 SOUTHWELL LANE, MO, FLORISSANT
S1-615905259	S3-399271840	India	India	Al Consult Company	Al Consult Co	No.155, 1Stfloor, Paduvagere, Amrutur Hobli, Kunigal Taluk, Tumkur, Karnataka	155, N/A, Tumkur, KA
S1-660787340	S2-112305087	US	US	Zinet LLC	ZINET LLC	3171 Creekbend Lane, Knoxville, TN	3171 CREEKBEND LN, KNOXVILLE, TN
S1-473688960	S3-12110173	US	US	318 Seventh Way Properties	318  Seventh	5918 39, Concord, NY	5918 39, Springville, New York
S1-727502807	S3-29246741	US	US	Kirby Launchpad Inc	Kirbylaunchpad.Com	1102 Princeton Square Drive, Unit 202, Cincinnati, OH	1102 Princeton Square Drive, # 202, Cincinnati, Ohio
S1-440880234	S3-883020426	India	India	Shalibhadra Traders Limited	Shalibhadra Traders  Limited	Shop No. Gf 08, Ground Floor, Aangi Arcade, Atabhai Road, Opp. Joggers Park, Bhavnagar, Gujarat	Shop No. Gf 08, Ground Floor, Aangi Arcade, Atabhai Road, Opp. Joggers Park, Bhavnagar, GJ
S1-502262721	S3-92146254	India	India	Star Construction Limited	Star Construction	Flat No: 501, Fortune Residency Kavuri Hills, Hyderabad, Telangana	Flat No: 501, Fortune Residency Kavuri Hills, Hyderabad Urban, Hyderabad, Andhra Pradesh
S1-355655174	S2-745342976	US	US	American Association Corp	American  Association Corp	205 Halladay Avenue, CT, Suffield	#205 HALLADAY AVENUE, SUFFIELD, CT
S1-61110395	S2-998178571	US	US	Department of Health	departmenthealth.com	117 20th Street, Houston, TX	##117 20TH STREET, HOUSTON, TX
S1-953135464	S2-126511847	India	India	Shiv Management Private Limited	Shiv Private Limited Pártners	Mouza: Maha Singh Jote Ps: Naksalbari Po: Hatighisa Dist: Darjeeling, Darjeeling, West Bengal	MOUZA: MAHA SINGH JOTE PS: NAKSALBARI PO: HATIGHISA DIST: DARJEELING, DARJEELING, West Bengal
S1-660323781	S2-143223521	India	India	Creative Hitech Healthcare Pvt Ltd	CREATIVE HITECH HEALTHCARE	G-6, Padmavati Tower, Balaji Nagar Station Road, Bhayander West, Thane, Maharashtra	PLT 96 G-6, PADMAVATI TOWER, BALAJI NAGAR STATION ROAD, BHAYANDER WEST, THANE, महाराष्ट्र
S1-490326431	S3-544013877	US	US	Regional Federation	regionalfederation.com	Quincy, 707 Edgewood Drive, IL	707- Edgewood Dr, Quincy, Illinois
S1-952366100	S3-636883763	India	India	Big Marketing Private Limited	M/s Big Marketing Private Ltd	Privi House A-71 Ttc, Thane Belapur Road Near Koparkhairane Railway Station, Mumbai, Mumbai City, Maharashtra	
S1-891504164	S2-927783585	US	US	Mcleod Communications PLLC	Mdeod Communications	Unit APT 304, Anchorage, 1315 Cordova Street, AK	966-970 CORDOVA STREET, ANCHORAGE TOOWNSHIP, AK
S1-226961475	S2-267123126	US	US	Sedynque Federal PLLC	Sedynque Federal  PLLC	2943 Loomis Street, Chicago, IL	2943-D LOOMIS ST, CHICAGO, IL
S1-177505113	S3-130497168	US	US	Supreme Star Harmony Inc	Supreme Star Inc Partners	2509 Lakeview Drive, Amarillo, TX	Lakeview Dr, Amarillo, Texas
S1-309521097	S2-483902542	India	India	Vision Projects Private Limited	VISION  PROJECTS PRIVATE LTD	Plumeria Drive, Fl No., G 1704 S No. 7/8 Ravet, Pune City, Pune, Maharashtra, 7	7, PLUMERIA DRIVE, FL NO., G 1704 S NO. 7/8 RAVET, PUNE CITY, महाराष्ट्र
S1-257259516	S2-602446632	US	US	Caldyn Dbdr LLC	Caldyn Dbdr  LLC	6060 Grand Champion Boulevard, Fort Worth, TX	6060  GRAND CHAMPION BOULEVARD, FORT WORTH, TX
S1-438160157	S2-675796735	India	India	Sai Technologies Limited	साई टेक्नोलॉजीज लिमिटेड	23 A Sai Lok Colony Chhapraula, G.B Nagar, Ghaziabad, Uttar Pradesh	DOOR NO 0023 A SAI LOK COLONY CHHAPRAULA, G.B NAGAR, GHAZIABAD, Uttar Pradesh
S1-675591087	S2-777918539	India	India	Vijay Consulting Private Limited	Shri Vijay Consulting Consulting	No.8-10, 34/11, C.R.S. Road, Bidar, Karnataka	Karnataka, NO.8-10, 34/11, C.R.S. ROAD
S1-342650803	S3-708018718	US	US	GT Tower, LLC	gttower.com	2328 Rivers Edge Drive, Willoughby Hills, OH	02328 Rivers Edge Drive, Willoughby, Ohio
S1-856349390	S2-326137046	US	US	Dari T. Recinos, P.A. Partners	Arccalo	2538 Brinson Road, Currie, NC	BRINSON RD, CURRIE, NC
S1-181259392	S3-890811764	India	India	Ahmed Trading Pvt. Ltd.	Ahmed Trading-Pvt. Ltd.	101 Centre Point 1St Flrjijibhai Lane Off Ambedkar Rd Lalbaug Parel, Mumbai, Maharashtra	Mumbai, #101 Centre Point 1St Flrjijibhai Lane Off Ambedkar Rd Lalbaug Parel, MH, Mumbai
S1-20722469	S3-61728435	US	US	Naus Interests Inc	Inc Naus Ínterests	311 Bell King Road, Newport News City, VA	311 Bell King Rd, Newwport NEWS, Virginia
S1-545308968	S3-221447525	US	US	Harbor Spdr Inc.	harbor spdr ínc.	1409 Madison Street, Ottawa, IL	Ottawa, 1409 Madison St, Illinois
S1-198017950	S3-116138511	US	US	Zamora Express Private LLC	Zam0ra Express Pcrivate LLC	KS, Hutchinson, 2509 43rd Avenue	2509 43th Ave, Hutchinson CITY, Kansas
S1-319987433	S3-565446586	India	India	Southern Marketing LLP	सदर्न मार्केटिंग एलएलपी	C/O Jarnail Singh, Siras Kheda, Bilaspur, Rampur, Uttar Pradesh	C/o Jarnail Singh, Siras Kheda, Bilaspur, Rampur, उत्तर प्रदेश
S1-413847522	S3-352912282	US	US	American Guild	American Ggífld	23162 Ross Station Road, Seaford, DE	23162- Ross Station Rd, Seaford, Delaware
S1-952005138	S2-631922904	India	India	Rukmani & Co	Rukmani &	Sabarkantha, Gujarat, Block No 270 Paikee Mouthajipur Ta Himanagar	BLOKC NO 270 PAIKEE MOUTHAJIPUR TA HIMANAGAR, Gujarat
S1-201545547	S3-329768393	US	US	Quist, Bailey & White Industrial Inc	Quist, Bailey and  White Industrial Inc	39 Ellington Drive, Troy, IL	39 Ellington Dr, Troy, Illinois
S1-523967572	S3-99066279	US	US	Fisher Network	Fisher Nétwork	7127 Lower Road, Town Of Little Suamico, WI	7127 Lower Road, Sobieski CITY, Wisconsin
S1-34422851	S2-811920349	India	India	Dynamic Construction Limited	డైనమిక్ కన్‌స్ట్రక్షన్ లిమిటెడ్	H.No.-4-B/48 Venkata, Sai Prem Nagar, Secunderabad, Hyderabad, Telangana	H.NO.--B/48 VENKATA, SAI PREM NAGAR, SECUNDERABAD, HYDERABAD, Telangana
S1-219134087	S3-21057176	US	US	Pediatric Dentistry Health LLC	Pediatric Health LLC Service	50 Patch Street, VT, Proctor	50 Patch St, Proctor, Vermont
S1-292655970	S2-147605578	US	US	Mcgrath Family Practice	mcgrathfamilypractice.com	2433 11th Avenue, Long View, NC	LONG VIEW, ##2433 ELEVENTH AVE, NC, N/A
S1-807817081	S2-846502084	US	US	Federal Corporation	Federal  Corp	5085 Will Drive, OH, Akron	OH, AKRON, 5085 WIL DR
S1-190128051	S3-739595708	US	US	Heart Trust LLC	Heart LLC Center Enterprises	2820 Emerson Court, Portland, OR	
S1-707544362	S2-178324026	US	US	Marroquin Patriot Costamare	MARROQUIN PATRIOT	IL, Unit 2, 2402 Clearwater Avenue, Bloomington	CLEARWATER AVE, BLOOMINGTON, IL
S1-33335183	S2-869196290	US	US	A Golden Iris	A  Go1den Iris	3501 Tera Springs Way, Knoxville, TN	3501 TERA SPRINGS WAY, KNOXVILLE, TN
S1-117493511	S2-340719982	US	US	Data Diagnostic Solutions Inc	diagnosticsolutions.com | www.diagnostic.com	253 Crane Creek Road, Rock, WV	25 CRANE CREEK ROAD, PMB 5461, ROCK, WV
S1-288056986	S3-625584378	US	US	Smith Spacsphere Group	SPACSPHERE SMITH GROUP	Gardner, 134 Eastwood Circle, MA	134 Eastwood Cir, Gardner, Massachusetts
S1-138826101	S3-542774480	US	US	Trusted Environmental Dynamics P.C.	trustedenvironmentaldynamics.com	1218 Lake Street, Port Orchard, WA	1218 Lake St, Port Orchard, Washington
S1-651980632	S2-929864040	US	US	Davis United Laboratories	Davis United	90 Gray Street, Lebanon, KY	90 Gray St, LEBANON, KY
S1-651102201	S3-985666250	US	US	Quality Cascade Restaurants LLC	Veranovi formerly known as Quality Cascade Restaurants LLC	TN, 5204 Highway 161, Springfield	TN, 5204 Highway 161, Springfield
S1-57806959	S2-358818361	US	US	Novan Water LLC	novanwater.com	443 Burkett Flat Road, Greenbrier, AR	443 BURKETT FLAT ROAD, GREENBRIER, AR
S1-399539097	S3-725365626	US	US	Midwest Strategic Broadband Inc	MIDWEST STRATEGIC BROADBAND INC	2320 Kenfield Court, Peoria, IL	2320 Kenfield Court, Peoria, Illinois
S1-836304633	S3-653547539	India	India	Arvind Immigration Private Limited	Arvind-Imcmigration Private Límited	Delhi, House No-4, F/F Hauz Khas, New Delhi, South Delhi, Delhi	#640 House No-4, F/f Hauz Khas, New Delhi, South Delhi, Delhi, DL
S1-143375129	S3-633698925	US	US	Mcelroy Trusted Soren LLC	Mcelroy Trusted Sóren Llc	23554 Fourth Avenue, Florala, AL	23574 Fourth Ave, Lockhart, Alabama
S1-940257217	S2-73756897	India	India	Bharat Solutions Limited	भारत सॉल्यूशंस लिमिटेड	Maharashtra, 68A Nepeansea Road, Mumbai, Brij Kutir Shopping Centre, Paris Ceramics, Shop No-G-3	BRIJ KUTIR SHOPPING CENTRE, MUMBAI, 68A NEPEANSEA ROAD, Maharashtra
S1-769163290	S3-340761421	US	US	Safe Hospitality Associates	Safe Hospitality Associates Inc.	104 Camden Drive, Stafford County, VA	Virginia, 104 Camden Drive, Stafford County
S1-586686784	S2-795444218	US	US	Willie Stone Appliance	Willie-Stone Appliance	30047 Salem Alliance Road, Salem, OH	30047 SALM ALLIANCE ROAD, SALEM, OH
S1-811194320	S3-817314442	US	US	Didomenico United Alto Inc.	Didomenico	11870 Anthony Drive, Tucson, AZ	11870 Anthony Drive, Tucson, AZ
S1-497252841	S3-350392725	India	India	Life Consulting	लाइफ कंसल्टिंग	12 Hira Nagar Dcm Ajmer Road, Jaipur, Rajasthan	No 12 Hira Nagar Dcm Ajmer Road, Jaipur, Vaishali Nagar Jaipur, RJ
S1-257875006	S3-605574366	US	US	Direct Design Collective	Direct Direct Design - 3642755870	1433 Little Avenue, Paducah, KY	1433-1435 Little Ave, Paducah, Kentucky
S1-651759492	S2-100924405	India	India	Universal Dairy Pvt. Ltd.	UNIVERSAL DAIRY PVT.	218, Mukherjee Nagar, New Delhi, Delhi, North West	217, MUKHERJEE NAGAR, NEW DELHI, दिल्ली
S1-221118665	S3-626035065	US	US	Complete Elite Braves	Complete Elite Braves Inc	725 Highland, Helena-west Helena, AR	725 Highland, Helena-West Helena, Arkansas
S1-16143417	S3-602745095	India	India	Jain Consultancy LLP	जैन कंसल्टेंसी एलएलपी	Vivekanand Colony, Near Junior S. K. Mission School Khata No. 708, Khasra No. 516, Purnea, Purnia, Bihar	#221 Vivekanand Colony, Near Junior S. K. Mission School Khata No. 708, Khasra No. 516, Purnea, Purnia, BR
S1-944635093	S3-898128059	US	US	Empire Starling Inc	Empire Stárlig Inc	42003 Berkley Hill Terrace, Loudoun County, VA	Berkley Hill Terrace, Aldie, Virginia
S1-730114314	S3-523254033	India	India	Blue Investment Private Limited	ब्लू इन्वेस्टमेंट प्राइवेट लिमिटेड	505, Western Edge-1, Opposite Magathane Flyover, Western Express Highway, Borivali East, Mumbai, Mumbai City, Maharashtra	505, Western Edge-1, Opposite Magathane Flyover, Western Express Highway, Borivali East, Mumbaisuburban, Mumbai City, MH
S1-352991077	S2-332663718	US	US	Interstate Federation	lNTERSTATE FEDERATI0N	1305 4th Street, Carlisle, IA	CARLISLE, 1305 FOURTH STREET, IA
S1-853616728	S2-248364477	India	India	Baba Business Private Limited	ബാബ ബിസിനസ് പ്രൈവറ്റ് ലിമിറ്റഡ്	1St Floor, Maas Commercial Building Trikkav, Po - Ponnani, Malappuram-Dt, Malappuram, Malappuram, Malapuram, Kerala	1ST/1 FLOOR, MAAS COMMERCIAL BUILDING TRIKKAV, PO - PONNANI, MALAPPURAM-DT, MALAPPURAM, MALAPPURAM, MALAPURAM, Kerala
S1-290030763	S3-253769761	US	US	Kelila F. Ramsey, MD, P.C. LP	Kelila F. Ramsey,-Md, P.C.	7 Elm Place, Marlborough, MA	Elm Pl, Marlborough, Massachusetts
S1-790746135	S2-464879260	India	India	Pamposh Foundation Private Limited	PAMPOSH FOUNDATION  PRIVATE	C/O Vapi Industries Association Plot No 135, Char Rasta, Gidc, Vapi, Valsad, Gujarat	C/O VAPI INDUSTRIES ASSOCIATION PLOT NO 135, CHAR RASTA, GIDC, VAPI, Gujarat
S1-317205084	S3-895985077	US	US	Electricians Local 733	Miradrex dba Electricians Local 733	2561 49th Street, Cleveland, OH	2561 49th Street, Cleveland, OH
S1-835214552	S3-650108486	India	India	Aditya Educational Society	Aditya Educational Society LLP	14, Fourth Floor, 391/392, Bharathiar Road, New Siddhapudur, Coimbatore, Tamil Nadu	14, New Siddhapudur, Coimbatore, தமிழ்நாடு
S1-551491873	S3-410372230	US	US	Prairie Academy Inc	Prairie Inc Academy	74 Lake Wildwood Drive, Varna, IL	74 Lake Wildwood Dr, Varna, Illinois
S1-623759413	S2-481826570	India	India	Royal Arihant Industries Private Limited	रॉयल अरिहंत इंडस्ट्रीज प्राइवेट लिमिटेड	24/147-B, 410-411 Kalpana Plaza Birhana Road, Kanpur, Uttar Pradesh	24/147-B, KANPUR CITY, Uttar Pradesh
S1-271740327	S2-685922517	US	US	Ace North	Ace  North	151 Deer Camp Lane, Burnet, TX	
S1-911533053	S2-943137365	US	US	Soriia Precision Japan Inc	SORIIA PRECISION JAPAN	906 Main Street, Crisfield, MD	906 MAIN STREET, CRISFIELD, MD
S1-15910182	S3-290727042	US	US	Platinum Design Systems Inc	Platinum (Design)	1715 Venus Circle, City Of Racine, WI	1715. Venus Cir, City Of Racine, Wisconsin
S1-66685933	S2-975169283	India	India	Big Software Private Limited	8ig Software Private Limited	Jambusar, Vavli Village, Jambusar, Gujarat, Bharuch, 128	PLOT 8-17 128, VAVLI VILLAGE, JAMBUSAR, JAMBUSAR, BHARUCH, ગુજરાત
S1-60588027	S2-966732103	India	India	Punjab Perfect (India) Private Limited	Punjab  Perfect (India) Private Limited	76 Vyaktesh Nagar Extn Indore, Indore, Madhya Pradesh	DOOR NO C-76 VYAKTESH NAGAR EXTN INDORE, INDORE, Madhya Pradesh
S1-774051024	S2-470095423	India	India	Great Infra Private Limited	గ్రేట్ ఇన్‌ఫ్రా ప్రైవేట్ లిమిటెడ్	Federation House11-6-841 Redhills, Hyderabad, Telangana	FEDERATION HOUSE11-6-841 REDHILLS, HYDERABAD, Telangana
S1-599257859	S3-413994248	US	US	Precision Patriot Renaissancere	Precision Patriot Renaissancere Inc	531 Enchanted Lane, Spring, TX	533 Enchanted Ln, Spring, Texas
S1-357596782	S2-355493834	India	India	Ekveera Finance Private Limited	ekveerafinanceprivate.com	29, Samta Nagar, Hiran Magri, Sector-3, Udaipur, Rajasthan	29/5, SAMTA NAGAR, HIRAN MAGRI, SECTOR-3, Rajasthan
S1-863869060	S2-137121437	India	India	Mastercraft Infraland Pvt Ltd	Smt MASTERCRAFT INFRALAND PVT LTD	Souparnika (H), Kadammanitta P.O Pathanamthitta, Pathanamthitta, Kerala	BLOCK E-122 SOUPARNIKA (H), KADAMMANITTA P.O PATHANAMTHITTA, PATHANAMTHITTA, കേരളം
S1-715210107	S3-342859792	US	US	Vanguard Spruce Care	Vanguard Spruce	165 Willow Point Road, WA, Manson	Manson, Washington, 165 Willow Point Rd
S1-151281913	S3-708949270	India	India	Health Media (India) Private Limited	Health Media (India) Private	House No-521, Tower-5, Krishi Appartments, New Delhi, West Delhi, Delhi	House No-521, New Delhi, West Delhi, दिल्ली
S1-246703974	S3-230587008	India	India	Gangan Chirag LLP	LLP Gangan Chriag	#L373 2Nd Floor, 6Th Sector Amar Arcade, Bangalore South, Bangalore, Karnataka	#LC-373 2Nd Floor, Bangalore South, ಕರ್ನಾಟಕ
S1-722688645	S2-808028113	US	US	Vanwagoner Alternative LLC	Vanwagoner LLC Alternative	6 Hillside Place, Unit 1, Haverhill, MA	6 HILLSIDE PLACE, HAVERHILL, MA
S1-748650224	S2-708131425	US	US	Tessy Lopp Daedalus of Federal Way LLC	Tessy Lop Daedalus of Federal Way (LLC)	32307 9th Avenue, Federal Way, WA	32307 9TH AVENUE, FEDERAL WAY, WA
S1-624855002	S2-628416701	US	US	Literacy Fellowship	Literacy Fellowship	1022 Stoneleigh Lane, Nashville, TN	1022- STONELEIGH LN, NASHVILLE, TN
S1-774554850	S3-380827469	India	India	Japan Foundation Private Limited	Private Japan Foundation Limited	Maharashtra, Pune, H.No 1 Wing A, Pune City, Sect 16, Sahil Puram, Chikhali	#G-1 Wing A, Sect 16, Sahil Puram, Chikhali, Pune City, Pune, MH
S1-144352436	S3-616977762	US	US	Allied Committee Center	Allied Committee Center Corporation	11625 Sheila Drive, City Of El Paso, TX	11625-11627 Sheila Dr, City Of El Paso, Texas
S1-226576138	S2-362147663	US	US	Total Prime Black	Bmack Prime Total	14 West Lane, East Lyme, CT	14 WEST LANE, EAST LYME, CT
S1-543927594	S3-662639542	US	US	Mutual Network Networks	Mutual Network Netwlbsk	Unit Unit 304, Norristown Borough, 620 Corson Street, PA	620 Corson St, Norristown Borough, Pennsylvania
S1-418881298	S2-356889814	India	India	Swastik Industries Private Limited	Swastik Swastik Industries Limited Service	C/O Mehadihasan, Sant Kabir Nagar, Basti Sadar, Sant Kabir Nagar, Uttar Pradesh	C/O MEHADIHASAN, SANT KABIR NAGAR, BASTI SADAR, Uttar Pradesh
S1-115442372	S3-407182409	India	India	Kohinoor & Sons Private Limited	kohinoorsons.com	Plot No-11, Sector-6, Dwarka, C-401 Sahara Apartment, South West Delhi, Delhi, New Delhi	C-401 Sahara Apartment, New Delhi, DL
S1-526074434	S2-671669945	US	US	Langdon, Couch & Ruiz LLC	LANGDON, COUCH & RUIZ LLC	1115 Quebec Avenue, Golden Valley, MN	1115 QUEBEC AVE, GOLDEN VALLEY, MN
S1-598133638	S3-487278665	India	India	Jain Estate Private Limited	Sri Jain Éstate Private Limited	Delhi, New Delhi, Central Delhi, 22/76 G/F West, Patel Nagar	Door No A-22/76 G/f West, Patel Nagar, Central Delhi, West, DL
S1-628925346	S3-65863817	US	US	Grose Rapid Lending LLC	Nylaveo t/a Grose Rapid Lending LLC	1000 Arizona Avenue, Fl 1, Chandler, AZ	1000 Arizona Avenue, Fl 1, Chandler, AZ
S1-852156335	S2-487366368	India	India	Jac Services Private Limited	Dr Jac  Services Private	Sf/Off-202 Saffron Plaza, Opp Air Force Nr Motnath Mahadev Lake, Harni Road, Vadodara, Gujarat	SF/OFF-0202 SAFFRON PLAZA, OPP AIR FORCE NR MOTNATH MAHADEV LAKE, HARNI ROAD, VADODARA, Gujarat
S1-683521711	S3-8074208	India	India	Gps Ventures Private Limited	Gps Ventures  Private Limited	302, Sapphire Court Essel Tower, M G Road, Gurgaon, Haryana	0302, Gurgaon, HR
S1-499908596	S2-402882950	India	India	Trinayani Star Limited	M/s Trinayani Stár	Fno B/3/304 Edenn Tower Slno 167/168 Wakad Nr Pune Mubai H.Way W, Pune, Maharashtra, Pune, Akad	#723 FNO B/3/304 EDENN TOWER SLNO 167/168 WAKAD NR PUNE MUBAI H.WAY W, AKAD, PUNE, महाराष्ट्र
S1-357063451	S2-412033502	US	US	Primary Care Group of Thousand Oaks LLC	Primary Care Group of Oaks LLC Center	255 Ortega Drive, Thousand Oaks, CA	25 ORTEGA DRIVE, THOUSAND OAKS, CA
S1-745501567	S2-842761598	US	US	Mays Capital Coffee	MAYS CAPITAL COFFEE LTD	4650 Village Drive, Anderson, IN	VILLAGE DR, ADNERSON, IN
S1-66086437	S3-878964788	US	US	Yvette Gray Fortunex	Yvette Gray	3675 T Street, Unit APT 119, Sacramento, CA	Sacramento, ##3675 T St, # APT 119, California
S1-890366009	S2-194800417	India	India	Han Research (India) Private Limited	han research (india) private limited	A-15, Old Quarters Ramesh Nagar, New Delhi, Delhi	A-15, OLD QUARTERS RAMESH NAGAR, Delhi
S1-638757570	S3-435870079	US	US	Atlantic Gabelli Center	atlantic gabelli center	445 Germann Road, Unit 2088, Gilbert, AZ	Germann Road, # 2088, Gilbert, Arizona
S1-262599480	S2-28565656	US	US	Novova Dynamix PC	Novova Dynamix  PC	Jamaica, NY, 108-23 Fern Place	108-23A FERN PL, JMAICA, NY
S1-858758029	S3-952816090	US	US	Gomez Advisors LLC	Gomez Advisors Llc	2 Maywood Road, Darien, CT	2 Maywood Road, Darien, Connecticut
S1-422107970	S3-942150821	US	US	Zephelle Robotics Partners	Zephelle Robotics [Center]	New Castle, IN, 3138 Greensboro Pike	3138 Greensboro Pike, New Castle, Indiana
S1-466392069	S3-469701020	India	India	Unicus Consumer Private Limited	Dr Unicus Cónsumer Private Limited	C/O Vinod Kumar Jha, 38 Bentinck Street, Kolkata, Kolkata, Kolkata, Howrah, West Bengal	38 Bentinck Street, Kolkata, Kolkata, Kolkata, WB, C/o Vinod Kumar Jha, Howrah
S1-666936706	S2-854556811	India	India	Great Global Private Limited	greatglobal.com	H No.623 Ward No., Teosa Amravati Shendurjan, Tiosa, Amravati, Maharashtra	H NO.623 WARD NO., TEOSA AMRAVATI SHENDURJAN, TIOSA, Maharashtra
S1-976530721	S2-951709290	India	India	Good Finance Private Limited	Good Finance-Limited Service	Ground Floor, House No 1267/A, Road No 63A And 64, Jubilee Hills, Shaikpet, Hyderabad, Telangana	GROUND FLOOR, HOUSE NO 1267/A, ROAD NO 63A AND 64, JUBILEE HILLS, SHAIKPET, Andhra Pradesh
S1-890367061	S2-811589015	India	India	Sentinel Solutions (India) Private Limited	M/s Sentine1 Solutions (India) Private Limited	30, Rajokri Road, Kapashera, New Delhi, Delhi	30, RAJOKRI ROAD, KAPASHERA, NEW DELHI, Delhi
S1-59040451	S2-815468749	India	India	Shivam Technologies	Shivam Technologies	No.884/1, New No.11/1, 14Th Cross Road, Mahalakshmi Layout, Bangalore North, Bangalore, Karnataka	NO.884/1, NEW NO.11/1, 14TH CROSS ROAD, MAHALAKSHMI LAYOUT, BANGALORE NORTH, Karnataka
S1-540221131	S2-328297319	US	US	Quantis Trg	Quantis-Trg	1126 Country Club, Unit 19, Zebulon, NC	COUNTRY CLUB, ZEBULON, NC
S1-206725707	S2-715683885	US	US	CU Hawaii Inc	cuhawaii.com	5861 Brushwood Court, Milford, OH	5861 BRUSHWOOD CT, MILFORD, OH
S1-434770150	S3-156437097	India	India	Krishna Media Pvt Ltd	Krishna Mbddenai Pvt Ltd	C/O Sultan, V-Bajri Colony, Ballabgarh, Faridabad, Haryana	C/o Sultan, V-bajri Colony, Faridabad, Ballabgarh, हरियाणा
S1-384644078	S3-458943110	India	India	Eastern Systems Private Limited	ഈസ്റ്റേൺ സിസ്റ്റംസ് Private Limited	Kp 5/1, Smitha Bhavan, Kudappanakunnu Po, Thiruvananthapuram, Thiruvananthapuram, Trivandrum, Kerala	Kp 5/1, Thiruvananthapuram, Trivandrum, KL
S1-946351730	S2-519382866	India	India	PG Corruption Pvt Ltd	pvt pg corruption ltd	5, Yashwant Apartments, Opp. Hotel Surya, Off Ghole Road, Shivajingar, Pune, Maharashtra	5, SHIVAJINGAR, Maharashtra
S1-383823303	S3-438902548	US	US	Horizon Infrastructure Holdings LLC	Horizon Infrastructure	IL, Bradley, 801 Broadway Street	#801 Broadway Street, N/A, Bradley, Illinois
S1-729449589	S2-403690506	US	US	Serra Arrived P.C.	Serra Árrived P.C.	115 Gregory Boulevard, Kansas City, MO	129- GREGORY BLVD, MO, KANSAS CITY
S1-713575789	S2-192278410	India	India	Perfect Baba Technology Pvt Ltd	પરફેક્ટ બાબા ટેક્નોલોજી પ્રા. લિ.	Fourth Floor, Shop No. -408, Star Arcade, Shanala Road, Near Umya Circle, Morbi, Morvi, Rajkot, Gujarat	FOURTH FLOOR, SHOP NO. -408, STAR ARCADE, SHANALA ROAD, NEAR UMYA CIRCLE, MORBI, MORVI, RAJKOT, Gujarat
S1-833995109	S2-542399443	India	India	Services Mass Cold Private Limited	services mass cold private limited	House No. 142/269, Near By Govt. High School, Kagdana, Sirsa, Haryana, Sirsa, Haryana	Haryana, DOOR NO 620. HOUSE NO. 142/269, NEAR BY GOVT. HIGH SCHOOL, KAGDANA, SIRSA, HARYANA, SIRSA
S1-689354812	S2-491919877	India	India	Tulip Hotels Private Limited	TULIP LIMITED PRIVATE HOTELS	No 21 Garebhavi Palya Munireddy Layout, Bangalore, Karnataka	NO #21 GAREBHAVI PALYA MUNIREDDY LAYOUT, BANGALORE, Karnataka
S1-328165171	S2-2723830	India	India	Vijay Technology Private Limited	विजय टेक्नोलॉजी प्राइवेट लिमिटेड	903/904, 9Th Floor, B Wing, Shivalik Tower Thakur Complex Road, Kandivali (East), Mumbai, Mumbai City, Maharashtra	##903/904, MUMBAI, MUMBAI CITY, महाराष्ट्र
S1-954381296	S2-306023538	India	India	Foods Jawala Global Private Limited	FOODSJAWALAGLOBAL.COM	D-36, Small Industrial Estate, Chandpur, Varanasi, Uttar Pradesh	D-36, SMALL INDUSTRIAL ESTATE, CHANDPUR, VARANASI, उत्तर प्रदेश
S1-90034986	S2-974256901	US	US	Marcile Perdue Boutique LLC	MARCILE PERDUE BÓUTIQUE LLC	701 Pearl Terrace, Paola, KS	701 PEARL TERRACE, PAOLA, KS
S1-791185035	S2-490062098	US	US	Seattle Community Charities	Seattle Community  Charities LLC	4116 Woodland Park Avenue, Seattle, WA	WA, SEATTLE, 4116 WOODLAND PARK AVENUE
S1-324775014	S2-807066991	India	India	Kolkata Retail Pvt Ltd	Kolkata Pvt Ltd Services	27/8A Siraj-Ud-Doula Sarani, Kolkata, Calcutta, West Bengal	27/8A SIRAJ-UD-DOULA SARANI, KOLKATA, West Bengal
S1-684849927	S2-83205574	US	US	Long School of Medicine	Long School of Medicine Society	221 8th Street, City Of Baraboo, WI	221 8TH STREET, CITY OF BARABOO, WI
S1-386468409	S3-949041832	US	US	Internal Medicine Center Group	Internal Medicine Center	7548 99th Street, Kansas City, MO	7548 99nd St, Kansas City, Missouri
S1-8036043	S3-368778066	US	US	Atlantic Offshore	Atlantic Offshore #43589	2140 Caledonia Street, Toledo, OH	2140 Caledonia Street, Toledo, Ohio
S1-582094980	S2-319078631	US	US	Optimal Hospitality Products Inc	hospitalityproducts.com	184 Ter Heun Drive, Unit 220B, Falmouth, MA	184. TER HEUN DRIVE, FALMOUTH, MA
S1-241262814	S3-629277122	US	US	Mcdowell, Holly-Anne, L.C.S.W., DDS PC	Mcdowell	2540 Dorothy Drive, Aurora, IL	2540 Dorothy Drive, Aurora, IL
S1-236876743	S2-896564076	India	India	Manjul Tank (India) Private Limited	MANJUL TANK (INDIA) PRIVATE	No.93, Charles Campbell Road, Cox Town, Bangalore, Karnataka	NO.93, CHARLES CAMPBELL ROAD, COX TOWN, BANGALORE, Karnataka
S1-117482500	S3-860529864	India	India	NN Hospital Pvt Ltd	NN Pvt Ltd Center	Nagar, Jaisingh Pura, Uttar Pradesh, Mathura, 13/179/327/1 Kishori	H.no 0013/179/327/1 Kishori, Bharatpur, Mathura, UP
S1-941629615	S2-437199122	India	India	Nandana Bricks of Aruppukottai	Nandana Bricks Of Aruppukottai	Bulla Nayakkanpatty, Melioor Paralatchi, Aruppukottai, Virudhunagar, Tamil Nadu	BULLA NAYAKKANPATTY, MELIOOR PARALATCHI, ARUPPUKOTTAI, தமிழ்நாடு
S1-545157680	S3-166989905	US	US	Leandra Livingston Colonial Sun	Leandra Liinngson Colonial Sun	VA, 865 Tifton Street, Norfolk City	Tifton St, NULL, Norfolk CIYT, Virginia
S1-609410001	S2-493386600	India	India	Salt (India) Corporate Private Limited	Salt (India) [Corporate]	35 B Upendra Chandra Banerjeeroad Kankurgachi 3Rd Floor, Kolkata, Calcutta, West Bengal	NO 35 B UPENDRA CHANDRA BANERJEEROAD KANKURGACHI 3RD FLOOR, KOLKATA, পশ্চিমবঙ্গ
S1-958904827	S2-217793187	India	India	Secunderabad Engineers Private Limited	Secunderabad Engineers Private - [1225017648]	11156/Aseethafalmandi, Telangana, Hyderabad, Secunderabad	11156/ASEETHAFALMANDI, SECUNDERABAD, తెలంగాణ
S1-162714992	S2-632372195	US	US	Highland Alliance	Highland Álliance	1670 Calpac Avenue, Spanish Fork, UT	1670 CALPAC AVE, SPANISH FORK, UT
S1-599389852	S3-832714008	US	US	Santaquin City (utah Co) Womens Health Superior Group	Santaquin City (utah Co)  Womens Health Superior Group	230 400, Santaquin City (utah Co), UT	Utah, Santaquin City (Utah Co), 230 400
S1-743047244	S3-378439924	US	US	Long Capital Imperii, LLC	Long Capital LLC Imperii,	250 Pinewoods Avenue, Unit Apartment 2, Brunswick, NY	250 Pinewoods Ave, # Apartment 2, TROY, New York
S1-835750458	S2-732147792	India	India	Rl & Co	Rl & Co	4/1, Kvr Complex, 1St Floor, Madurai Highway, Aruppukkottai, Virudhunagar, Tamil Nadu	PLOT 420 4/1, KVR COMPLEX, 1ST FLOOR, MADURAI HIGHWAY, ARUPPUKKOTTAI, Tamil Nadu
S1-473150999	S2-73911974	US	US	Northwind Santander	Northwind Santander LP	18 Ginger Lane, Farmingdale, ME	18 GINGER LN, FARMINGDALE, ME
S1-664743945	S2-555563302	US	US	Thomas Manulife	Thomas Service	202 Milton Way, Milton, WA	202-A MILTON WAY, WA, MILTON
S1-53487381	S2-169544132	India	India	Mantu Wellness Pvt. Ltd.	Mantu Wellness Pvt.	At Post Telasang Taluk Athani, Aigali, Belgaum, Karnataka	AT POST TELASANG TALUK ATHANI, AIGALI, Karnataka
S1-576700678	S2-626409027	India	India	Sangli Inn Private Limited	Sangli Inn Private Límited	Milkat No 469 Gatadwadi Jadhav Galli Bavchi Walwa, Sangli, Maharashtra	Maharashtra, MILKAT NO 869 GATADWADI JADHAV GALLI BAVCHI WALWA, SANGLI
S1-255098446	S2-206537141	India	India	Balaji Foundation Private Limited	ಬಾಲಾಜಿ ಫೌಂಡೇಶನ್ ಪ್ರೈವೇಟ್ ಲಿಮಿಟೆಡ್	Bangalore North, Ishaq Street, Karnataka, No 2, Bangalore	DOOR NO 002, ISHAQ STREET, BANGALORE NORTH, BANGALORE, ಕರ್ನಾಟಕ
S1-400923886	S2-582660067	US	US	EV Keystone Kpet P.C.	EV KEYSTONE KPET-P.C.	8113 Forrest Glenn Road, Verdigris, OK	OK, 8113 FORREST GLENN ROAD, VERDIGRIS
S1-697930268	S2-846384087	US	US	Sherman Platinum Logistics Inc	Sherman Platinum  Logistics Inc	551 G Street, Galt, CA	
S1-653668388	S2-41566034	US	US	Primary Care Quality Clinic	Primary Care Quality Clinic Co	744 Bethany Lane, Lebanon, TN	744 BETHANY LN, LEBANON, TN
S1-134683774	S2-857407999	India	India	Future Estate Private Limited	फ्यूचर एस्टेट प्राइवेट लिमिटेड	Zamrudpur Communitycentre, Delhi, No 201 Sf Block No 12, New Delhi, South Delhi	NO 201 SF BLOCK NO 12, NEW DELHI, Delhi
S1-678838991	S3-638756007	US	US	Hunger Anchor Network	Hunger Anchor	Fontana, 11929 Yucca Drive, CA	11929-11931 Yucca Drive, Fontana, California
S1-809628330	S2-445455531	India	India	Alternate Marketing Private Limited	alternate marketing private limited	Plot No A-13, South West Delhi, Ground Floor, Patel Garden, Kakrola, New Delhi, Delhi	PLOT NO A-13, GROUND FLOOR, PATEL GARDEN, KAKROLA, NEW DELHI, Delhi
S1-416973313	S3-67010148	US	US	Eye Integrated Group P.C.	Eye Integrated Group LLC	Jefferson City, 1326 Mernie Drive, MO	1326 Mernie Drive, Jefferson City, Missouri
S1-470405115	S3-569973995	US	US	Leal & Brown Inc	Leal + Bomrmn-Inc	IN, 7625 East Drive, Elwood	7625 East Dr, PO Box 2297, Elwood, Indiana
S1-863626333	S2-242201375	US	US	Barwick Sterling Financial LLC	BARWICK STERLING FINANCIAL (LLC)	Loch Raven, 500 Virginia Avenue, MD, Unit APARTMENT 1104	##500 Virginia Avenue, TOWSON, MD
S1-41049834	S3-88094900	US	US	Town Of Hudson Baptist Services	Town Of Hudson  Baptist Services	757 Wilfred Road, Town Of Hudson, WI	
S1-809456663	S2-841167609	US	US	Janey Hinojos Federal Diagnostics	#janeyhinojos	160 Wedgewood Drive, Moyock, NC	160-C WEDGEWOOD DR, MOYOCK, NC
S1-777874517	S3-415235386	US	US	Dental Health of Hatfield	@dentalhealth	Hatfield, 86 Elm Street, MA, Unit A	88 Elm St, # A, Hafield, Massachusetts
S1-661705290	S3-251156621	India	India	Arihant Producer Private Limited	Arihant Producer Private	Coimbatore, D No.200, Alaganna Gounder Street-5, Coimbatore North, Tamil Nadu	D No.200, Coimbatore, TN
S1-209153075	S3-467981383	US	US	Jobe Green LLC	Jobe Gre (LLC)	5716 Tonopah Court, Simi Valley, CA	#5716 Tonopah Ct, Simi Valley, California
S1-482395946	S2-935264416	US	US	I+ Wholesale Inc	INC I+ WHOLESALE	Gastonia, 302 New Haven Drive, NC	302. NEW HAVEN DRIVE, GASTONIA, NC
S1-990611796	S2-74617659	US	US	Portia Noland Aktiengesellschaft, LLC	Portia Nóland Aktiengesellschaft, LLC	3848 Halfpenny Circle, West Jordan City, UT	3848 HALFPENNY CIRCLE, WEST JORDAN, UT
S1-829161869	S3-223602959	India	India	Pilco Enterprises Private Limited	pilcoenterprises.com	Andhra Pradesh, Sujathamma Colony, Kothur, Nellore, 2/55, Nellore	2/55, Sujathamma Colony, Kothur, Nellore, AP
S1-687584749	S3-785065345	US	US	Janine Mandrell Hudson LLC	Janine	1844 S Jordan Parkway, Unit 121, South Jordan, UT	Unit 121, UT, South Jordan, 1844 S Jordan Parkway
S1-692338885	S3-330966807	US	US	Green Property Advisors	Green Property Advisors Corp	1498 Sr 136, South Strabane Township, PA	1498 Sr 136, Washington, Pennsylvania
S1-77320076	S3-182541266	US	US	Kroner & White Inc	Kroner & Inc White	10490 Kentmont Drive, Midland, NC	10490b Kentmont Drive, Midland, North Carolina
S1-287042871	S2-165322919	US	US	Zedyne Empire Proshares	Zedyne Empire	1412 Lindsey Street, Norman, OK	OK, NORMAN, ##1412 LINDSEY STREET
S1-987383945	S3-430618186	US	US	Pioneer Electronics Dynamics LLC	#pioneerelectronics	7 Zakelo Island Road, Harrison, ME	7 Zakalo Island Rd, Harriison, Maine
S1-635134111	S3-305844616	US	US	National Investment Union	NATIONAL INVESTMENT UNION	446 Payne Road, Union, NY	New York, Union, 446 Payne Rod
S1-651878366	S3-64888648	US	US	Powell and Sousa LLC	Powell and Sousa LLC | www.powelland.com	36950 Royalton Road, Grafton, OH	
S1-770553573	S3-568032913	India	India	Energy Deodhar Medical Private Limited	Energy Deodhar Medical-Private [Limited] - 8046175751	I 1076, Sector I Lda Colony Kanpur Road, Lucknow, Uttar Pradesh	
S1-192973948	S3-995112263	US	US	Smart Consumer Ventures LLC	Smart Consumer  Ventures LLC	Village Of North Fond Du Lac, WI, 131 Friendship Street	Village Of North Fond Du Lac, Friendship St, Wisconsin
S1-486836556	S2-263578	US	US	Total Wholesale Laboratories Corporation	Total Wholesale-Laboratories	327 Felton Avenue, Fl 0, Saint Louis, MO	327-A FELTON AVENUE, ST LOUIS, MO
S1-424263132	S3-175921111	US	US	Jaworski Prime King LLC	Jaworski Prime King - 2405349251	IN, 7002 Mccain Way, Carmel	7002b Mccain Way, Carmel, Indiana, PMB 7763
S1-298493028	S3-602270939	US	US	Federal Institute	Federal Institute	317 Center Street, Troy, IL	317-321 Center Street, Troy, Illinois
S1-109480435	S2-301551130	US	US	Unified Wellness Brands	Unified Wéllness Brands	9 Silver Mine Hollow, Branchland, WV	
S1-428363240	S3-268513705	US	US	Eye Platinum Associates	The Eye Platinum Ass0ciates	102 Cross Street, Ina, IL	Cross Street, Ina, Illinois
S1-238683269	S3-488226676	US	US	Santana, Vang & Ortega Inc	Santana, Vang & órtega Inc	40702 Country Forest Drive, Magnolia, TX	Magnolia, Texas, 40671 Country Forest Dr
S1-29905605	S2-154536484	US	US	Rotecex Family Office LLC	Rotecex Family Office-LLC	92 Blauvelt Way, Unit Apartment 419, Suffern, NY	92D BLAUVELT WAY, SUFFERN, NY
S1-336833557	S2-889157910	US	US	Lumay Virginia-Acton	lumay virginia-acton	70 Parker Street, Unit O, Acton, MA	70 Parker Street, ACTON, MA
S1-147583549	S3-727745966	India	India	Top Manufacturers Pvt Ltd	T0p Mcnnufaturiers Pvt Ltd	Khairatabad, 3Rd Floor, Aadarsh Villa Naveen Nagar, 6-3-596/65, Telangana, Hyderabad	Hn 305- 6-3-596/65, 3Rd Floor, Aadarsh Villa Naveen Nagar, Khairatabad, Hyderabad, TG
S1-792598969	S3-831308581	US	US	Taylor Certified Cross LP	Inc Taylor Certified Cross	4415 Eclipse Park Court, Spring, TX	Spring, Texas, 4415  Eclipse Park Ct
S1-12963971	S2-441717529	India	India	Nv Foundation Ltd	NV FUONDMTION LTD	Shop No 1, Kh No 123/20/2, Street No 5, Sant Nagar, North, North Delhi, Delhi	#1 , KH NO 123/20/2, STREET NO 5, SANT NAGAR, NORTH, Delhi
S1-495305740	S3-341554558	US	US	Desert Homes Corp	Desert H0mes	718 Potomska Road, Dartmouth, MA	718 Potomska Rd, Dartmouth, Massachusetts
S1-956220176	S2-920751985	US	US	Diehl Family Practice	DIEHL FAMILY PRACTICE LLC	521 Tate Road, Corinth, ME	##521 Tate Rd, CORINTH, ME
S1-824800164	S3-91608025	India	India	Shree Traders Private Limited	Shree Traders Private	Plot No. 3, Survey No. 161, 161 P1 & 163 P2, B/H. Rangpar Bus Stand, Wankaner Nh. 27, Vill. Rangpar, Wankaner, Rajkot, Gujarat	H.no 3, Survey No. 161, 161 P1 & 163 P2, B/h. Rangpar Bus Stand, Wankaner Nh. 27, Vill. Rangpar, Rajkot, Wankaner, GJ
S1-996042055	S3-435041962	India	India	Anand Indo Management Limited	... ANAND INDO MANAGEMENT LIMITED	111/3/A/3/1/2/1/3/4 Kanda, Ri Shivar Bhusawal, Bhusawal, Jalgaon, Maharashtra	111/3/A/3/1/2/1/3/4 Kanda, Ri Shivar Bhusawal, Jalgaon, Bhusawal, MH
S1-380077604	S3-151723682	US	US	Super 34 Massage Associates	Mirazeph	29625 Bright Spot Road, Highland, CA	29625 Bright Spot Road, Highland, CA
S1-719201576	S2-727294347	US	US	Idalina Kirby Dragon	KIRBY, IDALINA [SERVICE]	2104 36th Street, Lubbock, TX	2104-2106 36TH STREET, PO BOX 928, LUBBOCK, TX
S1-497633141	S3-844557599	US	US	Surgical Care of Middleburg Heights LLC	Surgical Care of Middleburg Heights [LLC]	Middleburg Heights, 14243 Revere Circle, OH	14243-14245 Revere Cir, Middleburg Heights, Ohio
S1-822366368	S3-555579512	US	US	Uptown Auto Body	uptownautobody.com	220 Washington Street, Hamler, OH	#220 Washington St, Hamler, Ohio
S1-126005225	S2-337802053	India	India	My Ventures Private Limited	माय वेंचर्स प्राइवेट लिमिटेड	12Th Floor, A-Wing, Ra Kidwai Road, Chinar Building Next To Yuganda Petrol Pump Wad, Ala East, Mumbai, Mumbai City, Maharashtra	12TH FLOOR, Maharashtra, MUMBAI CITY, MUMBAI
S1-922320672	S2-339032343	US	US	Rogers, Schau and Gilliam Target LLC	Rogers, Schau & Gilliam Target L.L.C.	9043 9th Avenue, Linton, ND	1043 9TH AVENUE, LINTN, ND
S1-466185671	S2-10812623	US	US	Poland Fitness Inc	Poland Fitness	6110 Douglas Drive, Spokane, WA	DOUGLAS DRIVE, SPOKANE, WA
S1-587220431	S2-401547929	US	US	Kaur Cascade Amplify	Kaur Cascade Cascade Amplify Corp	2715 148th Street, Lynnwood, WA	2715 148TH ST, LYNNWOOD CITY, WA
S1-316226729	S3-894398593	US	US	Allied Trust VI	Allied Trust VI LP	4957 Huron Street, Chicago, IL	Illinois, 4957 Huron Street, Chicago
S1-559732483	S3-822172960	US	US	South Strategies	South Straegies	5612 Creekside Meadows Drive, Hamilton, OH	5612-5616 Creekside Meadows Dr, PMB 4421, Hamilton, Ohio
S1-507462439	S3-244473334	US	US	Kestial Osisko LLC	Kestial Osisko LLC	1110 Springfield Pike, Unit 2, Cincinnati, OH	1110 Springfield Pie, Cincinnati, # 2, Ohio
S1-629194752	S3-870774385	India	India	YP Solutions Pvt Ltd	YP Pvt Ltd Services	Road, Bangalore, Karnataka, I2Nd Main, Venkataswamy Reddy Layout, A. Narayanapura Main	I5nd Main, Bangalore, Road, KA
S1-390121769	S2-139727433	India	India	Green Exports Private Limited	ग्रीन एक्सपोर्ट्स प्राइवेट लिमिटेड	Shop No. 28 & 29, D Wing, 1St Floor Zojwala Shopping Centre, Agra Road, Kalyan, Maharashtra	DOOR NO C-28 & 29, D WING, 1ST FLOOR ZOJWALA SHOPPING CENTRE, AGRA ROAD, AGHAI, महाराष्ट्र
S1-9837005	S3-49576088	US	US	White Texas Inc	Inc White Txes	1804 Crawford Street, Arkadelphia, AR	##1804 Crawford St, Arkadelphia, Arkansas
S1-58032217	S2-98569661	US	US	Coastal Corporation	Coastal Córporation	Winston-salem, NC, 2401 Rosewood Avenue	2401 ROSEWOOD AVENUE, <NULL>, WINSTON-SALEM, NC
S1-804234359	S3-58430560	US	US	Corner Pub	Corner Pub Inc	1309 Franklin St Bypass, Roanoke Rapids, NC	1309 Franklin St Bypass, Roanoke Rapids, North Carolina
S1-772775613	S2-609804269	US	US	Trinity Emanuel LP	Trinity Emanuel LP	21921 Promontory Court, Fl 1, Yelm, WA	21921 PRLMONTORY CT, WA, YELM
S1-665503495	S3-606279041	US	US	Navarro, Brinkman and Connolly Inc.	Navarro, Brinkman and Connolly  Inc.	AL, 120 Hutchenson Drive, Anniston, Unit Lot 4	Alabama, Anniston, 1 Hutchenson Drire
S1-157870296	S2-992979124	US	US	Urban Pub	Urban Pub Corporation	8106 111th Street, Palos Hills, IL	8106 111TH ST, PALOS HILL CDP, IL
S1-694724427	S2-750850076	India	India	Aarem Trainingprivate Limited	AAREM TRAININGPRIVATE [LIMITED]	New Delhi, 9/21 B Bazar Gali Vishwasnagar, Delhi, Shahdara	H.NO 9/21 B BAZAR GALI VISHWASNAGAR, SHAHDARA, Delhi
S1-878152178	S3-427993000	US	US	Rivas Worldwide LLC	Rivas Worldwide  LLC	MD, 1201 Daves Road, Edgewater, Fl 0	1201 Daves Rd, Fl 0, Edgewater, Maryland
S1-724148079	S2-508415569	India	India	Pink Mills Pvt. Ltd.	Pink Mills Pvt. Limited	C/O Gopal Roy, Howrah, South Sapuipara, Near Navin Builders, Bally, West Bengal, Howrah	C/O GOPAL ROY, SOUTH SAPUIPARA, NEAR NAVIN BUILDERS, BALLY, HOWRAH, West Bengal
S1-147335876	S2-364239023	US	US	Harbor Ventures LLC	Harbor Ventsres LLC	101 Robinsons Park Drive, Bessemer City, NC	NC, 101 ROBINSONS PARK DR, BESESMER CITY
S1-318229331	S3-56552009	India	India	Sun Sun Food Private Limited	Sun Sun Food Pirfrivaet Limited	Cg-3, R.G.Complex Motia Kahn, Near Hdfc Bank, Pahar Ganj, Delhi	Cg-3, Near Hdfc Bank, West, दिल्ली
S1-41038247	S3-370747711	India	India	Hitech Impex Private Limited	hitech impex private limited	5/470 Viram Khand, Gomtinagar, Lucknow, Uttar Pradesh	5/470- Viram Khand, Lucknow, Gomti Nagar,lucknow, उत्तर प्रदेश
S1-123964279	S2-326926590	India	India	Samraddhi (India) India	SAMRADDHI (INDIA)  INDIA	Ac-30/5, Thirumudivakkam Industrial Estate, Chennai, Tamil Nadu	AC-30/5, THIRUMUDIVAKKAM INDUSTRIAL ESTATE, Tamil Nadu
S1-524312945	S3-948805187	India	India	Shree Infra Private Limited	श्री इंफ्रा प्राइवेट लिमिटेड	C/5 Mehfuz Appartment, Near Saifee Colony, Mumbra, Thane, Maharashtra	Block A-00825 C/5 Mehfuz Appartment, Thane, MH
S1-360012811	S3-222445516	US	US	Atlantic Steel Inc	Atlantic Steel	2402 Cth E, Town Of Blue Mounds, WI	2402 Cth East, Town Of Blue Mounds, Wisconsin
S1-204117335	S2-50508282	US	US	Oncology Regional Health Inc.	Oncology Regional Hedanlth Inc.	Sacramento, 7489 Maple Tree Way, CA	7489-B MAPLE TREE WAY, SACRAMENTO, CA
S1-63286689	S3-574224703	US	US	Carter Bay Xii, LLC	Carter Xii LLC Services	1512 Adams Street, Carthage, TX	#1512 Adams St, Carthage, Texas
S1-908759304	S3-13431913	US	US	Big Pilates	Big  Pitaoites	Kilmarnock Town, 529 Southport Lane, VA	529 Southport Lane, Kilmarnock, Virginia
S1-854136487	S3-328488510	US	US	Olanelle Rocky	Olanelle Rocky	307 Crawford Avenue, Toledo, OH	307 Crawford Ave, Toledo, Ohio
S1-184377575	S3-533795194	India	India	Shree (India) Services Limited	shreeindiaservices.com	Ranjan Construction, Nehru Chowk, Garkha Road, Chapra, Saran, Bihar	BR, Chapra, Ranjan Construction, Saran
S1-505452608	S3-829135914	India	India	Innovative Products LLP	Innovative Products (LLP)	Flat 1 Ra 189 Santinagar Pole 02/50 Saltlake Sector Iv 1St Floor, Kolkata, Parganas North, West Bengal	Flat 1 Ra 189 Santinagar Pole 02/50 Saltlake Sector Iv 1St Floor, South 24 Parganas, Parganas North, WB
S1-26157435	S2-224101151	US	US	KEO Investors LLC	Keo Investors Llc	Rancho Cucamonga, CA, 12612 Nasturtium Drive	12612 NASTURTIUM DRIVE, RANCHO CUCAMONGA, CA
S1-256719238	S2-993951586	US	US	Chiropractic Care Associates	Chiropractic Cage Associates	822 Beekman Avenue, OR, Fl 1, Medford	822 BEEKMAN AVENUE, MEDFORD, OR
S1-814538672	S3-27066990	US	US	Canovue Origin Inc	canovueorigin.com	4407 Hopson Road, Unit 1102, Durham, NC	#4407 Hopson Road, # 1102, Morrisville Ttownship, North Carolina
S1-294462094	S3-627524270	US	US	Smith, Guenna, DO, P.C. PC	Smith, Guenna, DO, PC PC	1503 Daytona Drive, Peoria, IL	Peoria, 1503 Daytona Drive, Illinois
S1-46966276	S3-588100824	US	US	Sapphire LLC	Sapphire  LLC	308 Ives Street, Unit Apartment M, City Of Marshfield, WI	308D Ives Street, # Apartment M, Marshfield, Wisconsin
S1-520701494	S2-994190986	US	US	Perry School of Medicine	Perry School of Partners (ID: 47071)	39 Garnet Rock Trail, Highlands, NC	39 GARNET ROCK TRL, HIGHLANDS, NC
S1-834474411	S2-153001755	US	US	Grubbs, Dorice, MD P.C.	Grubbs, Dórice, MD P.C.	11 Jodi Drive, Brookhaven, NY	11 JODI DRIVE, MANORVILLE, NY
S1-308291047	S3-273409443	US	US	Halcara Futurecrest P.C.	Halcara Futurecrest (P.C.)	223 University Drive, Mishawaka, IN	223 University Drive, Mishawaka, Indiana
S1-596284328	S2-821987564	India	India	Tor Services Private Limited	TOR SERVICES PRATE LIMITED	1, Vijay Complex, Ambika Highway, Kalol, Gandhinagar, Gandhi Nagar, Gujarat	#1, VIJAY COMPLEX, AMBIKA HIGHWAY, KALOL, GANDHINAGAR, ગુજરાત
S1-483461510	S3-396268953	US	US	Cruz & Keller Brand	Cruz & Kblcre Brand	5713 Catskill Court, NC, Durham	Durham, North Carolina, 5713 Catskill Ct
S1-669340653	S3-265930392	US	US	Cristin Goncalves Coastal Smith	Cristin Goncalves Coastal Smith Corporation	1206 Smith Street, Wichita Falls, TX	1206 Smith Street, Wichita Falls, Texas
S1-276896421	S2-590085070	India	India	Kalpana & Sons Limited	Kalpana & Sons Ltd	Office No 304, 3Rd Floor, Puranik Capital, Kasvadavli, Thane West, Thane, Maharashtra	OFFICE NO 304, 3RD FLOOR, PURANIK CAPITAL, KASVADAVLI, THANE WEST, THANE, Maharashtra
S1-625680509	S3-308612878	India	India	Panduranga Medical Centre Corporation	Smt Panduranga Medical Centre ((Corporation))	1, Crooked Lane, Kolkata, Howrah, West Bengal	Howrah, Kolkata, WB, 3, Crooked Lane
S1-186350208	S3-413824930	US	US	Interstate Committee	Interstate Committee Corp	317 Sunwood Park Drive, Waite Park, MN	317 Sunwood Park Dr, Waite Park, Minnesota
S1-575316049	S2-273255031	US	US	Premier Mobility Consultants PLLC	Premier Mobility Consultants  PLLC	2236 Long Run Road, Louisville, KY	2236 1/2 LONG RUN ROAD, LOUISVILLE, KY
S1-491003079	S3-401157080	US	US	Benavides Precision Tavia LLC	Benavides-Precision Tavia [LLC]	750 Shore Road, Unit Unit 2K, Long Beach, NY	750 Shore Rd, # Unit 2K, Long Beach, New York
S1-42904236	S2-20723194	US	US	Sawyer's Grill	SAWYERSGRlLL.COM	21 Reserve Avenue, City Of Fond Du Lac, WI	##21 Reserve Ave, CITY OF FOND DU LAC, WI
S1-96236060	S3-161748101	US	US	Secure Wealth Technologies Co	Belonyla	42 Zelmas Lane, Wayne, WV	42 Zelmas Lane, Wayne, West Virginia
S1-631913957	S3-365993225	India	India	Uk Media Pvt Ltd	Uk Media Pvt	Vill Kumbhamloh Road Mandi Gobindgarh, Punjab, Patiala, Punjab	Vill Kumbhamloh Road Mandi Gobindgarh, Patiala, Punjab, ਪੰਜਾਬ
S1-56747640	S3-238446661	US	US	Summit Animal Hospital	Summit Animal Partners	CO, Clifton, 542 32 1/2 Road	542 32 1/2 Rd, Clifton, Colorado
S1-475230281	S2-465082457	US	US	Credit Wholesale Solutions	Credit Wholesale	1235 Montauk Highway, Brookhaven, NY	1235 MONTAUK HIGHWAY, MASTIC, NY
S1-401825947	S2-506848016	India	India	Services A&a Soya Private Limited	Services A&a Soya Private Limited	433 Rajdanga Main Road, Fd Block E Kt P, Kasba, Kolkata, Kolkata, Howrah, West Bengal	H.NO 0433 RAJDANGA MAIN ROAD, FD BLOCK E KT P, KASBA, KOLKATA, KOLKATA, West Bengal
S1-295916982	S3-874767585	US	US	Marcy Sharpe Frontier Farmers LLC	Marcy Marcy Sharpe Frontier	2030 Massee Gardens, Conway, AR	2030 Massee Gardens, Conway, Arkansas
S1-475819681	S3-94385576	US	US	Atlantic Institute Inc	Atlantic Institute  Inc	520 Lincoln Street, Oakland City, IN	Lincoln Street, Oakland City, Indiana
S1-752310494	S3-225596127	India	India	Shyam Construction	Shyam Cónstructi0n Ltd	3-126, Suvarna Nilaya, 5Th Cross, Mm Road, Kola, Udupi, Karnataka	3-126, Suvarna Nilaya, 5Th Cross, Mm Road, Kola, Udupi, ಕರ್ನಾಟಕ
S1-842881175	S2-930891307	US	US	Mandie Cannon, DO	MANDIE DO CANNON,	3315 Nelson Road, Town Of Algoma, WI	3315 Nelson Road, TOWN OF ALGOMA, WI
S1-108566736	S3-167627390	US	US	Oncology Clear Associates	Oncology Ássociates Services	635 43rd Place, Gary, IN	
S1-49549591	S3-450554436	India	India	Siddha Sugar	Siddha Sugfr	F-56, New Delhi, West Delhi, Delhi, Mayapuri Phase- Ii	F-56, Mayapuri Phase- Ii, West Delhi, DL
S1-980093526	S3-567555722	India	India	Singur Digital Private Limited	Private Singur Digital Ltd	501/B, 5Th Floor, Symphony Premises Chsl, Nehru Road, Vile Parle East, Mumbai, Mumbai City, Maharashtra	8-501/B, Mumbai, Mumbai City, MH
S1-693376851	S2-207209867	India	India	Sams & Sons Pvt Ltd	Pvt 5ams & Sons Ltd	118-C, Lane No-5, Anupam Garden, Neb Sarai, South West Delhi, Delhi, South West Delhi, Delhi	118-C, DELHI, SOUTH WEST DELHI, Delhi
S1-25426392	S2-26479505	India	India	Premier Constructions	பிரீமியர் கன்ஸ்ட்ரக்ஷன்ஸ்	No.141/14, Vanniar Street, Choolaimedu, Chennai, Tamil Nadu	141/14, VANNIAR STREET, CHOOLAIMEDU, CHENNAI, தமிழ்நாடு
S1-933483453	S2-366763203	US	US	Kea Inc	Kea	4510 Banner Gateway Drive, Unit 1011, Mesa, AZ	004510 BANNER GATEWAY DRIVE, MESA, AZ
S1-931591919	S2-612039539	US	US	Great Cardiology, Inc	Great Cardiology, Inc	410 87, Tuxedo, NY	
S1-157612339	S3-95431173	US	US	Big Hair Studio!	Hair Big *** Studio!	2123 18th Place, Chicago, IL	2123 18th Pl, Chicago, Illinois
S1-677554161	S3-504689498	US	US	Midwest White	Midwest White	2546 Transom Place, Prince William County, VA	2546 Transom Place, Woodbridge, Virginia
S1-318032170	S2-586585213	US	US	Express Wellness Consultants LLC	EXPRESS WELLNESS CÓNSULTANTS LLC	22 Admirals Drive, Islip, NY	WEST BAY SHORE, NY, 22 ADMIRALS DR
S1-302791268	S3-892689501	US	US	Webb and Coyne Inc	Webb and Coyne	Kansas City, 4446 Norton Avenue, MO	##4446 Norton Avenue, Kansas City, Missouri
S1-539501269	S2-648363821	India	India	Sky Builders Private Limited	स्काई बिल्डर्स प्राइवेट लिमिटेड	Araji No. 9, Araji No.-927, Dharmveer Nagar, Varanasi, Uttar Pradesh	ARAJI NO. 9, VARANASI, Uttar Pradesh
S1-498270070	S3-205491439	US	US	Karnes Medical Center PC	Karnes Medical Center	9 D Parkway, Unit 103, Greenbelt, MD	
S1-938005494	S3-952298853	India	India	Beacon Traders Private Limited	Private Beacon Traders Ltd	N 3/211 Irc Village Nayapallibhubaneswar, Khurda, Khordha, Orissa	N 3/211 Irc Village Nayapallibhubaneswar, Khordha, OD
S1-218266450	S3-163542299	US	US	Albano Banc LLC	Albano LLC Services	76 Long View Drive, Riverhead, NY	
S1-790869742	S2-253993555	India	India	Aditya Supreme Energy Private Limited	ಆದಿತ್ಯ ಸುಪ್ರೀಮ್ ಎನರ್ಜಿ ಪ್ರೈವೇಟ್ ಲಿಮಿಟೆಡ್	Belgaum, Ganapathi Galli, Karnataka, 2003	GANAPATHI GALLI, Karnataka, BELGAUM, 2003
S1-667926526	S3-821765099	US	US	Great Shanghai	Miralyracalo a/k/a Great Shanghai	26350 Moreland Road, North Plains, OR	26350 Moreland Road, North Plains, OR
S1-612246356	S3-649509311	US	US	Charis's Cleaning Service	Veoavi formerly Charis's Cleaning Service	912 Edd Road, Dallas, TX	912 Edd Road, Dallas, TX
S1-629555556	S2-160177346	US	US	Marlo S. Mccombs, P.A.	Belosyn	14455 Ramona Avenue, Unit UNIT B, Chino, CA	14455 RAMONA AVE, PMB 7676, CHINNO, CA
S1-246266025	S2-373841560	US	US	Prime Data LLC	Prime-Data LLC	467 6th Avenue, City Of Park Falls, WI	467- 6TH AVENUE, PAKR FALLS, WI
S1-202121428	S2-743204829	India	India	Vivaan Water Limited	Vivaan [Water]	Flat No.309, 6-3-862, Laxminivas Apart, Ameerpet, Ameerpet, Hyderabad, Telangana	FLAT NO.309, 6-3-862, LAXMINIVAS APART, AMEERPET, AMEERPET, Telangana
S1-350429145	S2-406976343	US	US	Quenneville and Kirkpatrick Inc	Quenneville and Kirkpatrick	76 Chestnut Hill Road, CT, Litchfield	76-78 CHESTNUT HILL RD, LITCHFIELD, CT
S1-480646551	S3-423311671	India	India	Indian Services Private Limited	Private Indian 5ervices Limited	Rr Towers 5, 8Th Floor, Sidco Industrial Estate, Chennai, Tamil Nadu	8Th Floor, Sidco Industrial Estate, Chennai, Rr Towers 5, TN, null
S1-909391645	S2-415128446	US	US	Tri-State Charter School	Tri-5tate Charter School Inc.	24511 Blane Drive, Katy, TX	24511 Blane Dr, KATY, TX
S1-432078382	S3-107098219	India	India	Dindigul Publication Private Limited	Dindigul-Publication Private	5.1.70B.64B-Anna Complex, Madurai Road, Dindigul, Tamil Nadu	5.1.70B.64B-Anna. Complex, Madurai Road, Dindigul, தமிழ்நாடு
S1-93931613	S2-165071975	US	US	Synsoft	Synsoft Inc.	168 Kanawha Avenue, Columbus, OH	168 KANAWHA AVE, OH, COLUMBUS
S1-477186912	S3-742744298	US	US	Olga Mckinney Solarius P.C.	Olga Mckinney Solarius LLC	994 Medinah Terrace, Columbus, OH	
S1-42571103	S2-632181516	India	India	Best It Private Limited	बेस्ट आईटी प्राइवेट लिमिटेड	117/N/15 Rani Ganj Kakadeo, Kanpur, Uttar Pradesh	#117/N/15 RANI GANJ KAKADEO, KANPUR, उत्तर प्रदेश, KANPUR NAGAR
S1-720901132	S3-977827560	US	US	Cummings and Giffin Keen, LLC	Cummings and Giffin Keen,	930 Fackney Street, Carmi, IL	930-932 Fackney Street, Carmi, Illinois
S1-98375395	S3-124605140	US	US	Burge All Inc.	8urge Inc. Partners	3910 Pollack Avenue, Evansville, IN	3910 Pollack Ave, Evansville, Indiana
S1-290681263	S2-286641746	US	US	East Academy LLC	East Acadeey Acadeey LLC	1851 W 7th St, Davenport, IA	1851 WEST 7TH ST, DAVENPORT, IA
S1-842336173	S2-970578068	US	US	Blue Assets Inc	BLUE ASSETS INC	20 Woodland Drive, Unit 313, Lowell, MA	LOWELL, MA, 20-B WOODLAND DR
S1-381086270	S2-416335093	India	India	United Business Private Limited	यूनाइटेड बिजनेस प्राइवेट लिमिटेड	Mrs. Purnima Bhati, W/O Laxmi Narayan Bhati Abhishek Nagar 2 Gadhi Thoriyan, Beawar, Ajmer, Rajasthan	MRS. PURNIMA BHATI, W/O LAXMI NARAYAN BHATI ABHISHEK NAGAR 2 GADHI THORIYAN, BEAWAR, AJMER, Rajasthan
S1-54991440	S3-8358438	US	US	Harbor Coalition	Harbor Cóalition	100 Pace Lane, Unit 101, Asheville, NC	326-330 Pace Lane, # 101, Asheville, North Carolina
S1-341682567	S2-351990940	US	US	Jimenez and Tracy Inc.	JIMENEZ AND TRACY ÍNC. ÍNC.	3031 Civic Center Plaza, Unit UNIT 148, Scottsdale, AZ	3031 CIVIC CENTER PLAZA, SCOTTSDAE, AZ
S1-59514400	S2-769043728	India	India	Samastipur Solaris Ltd	Samastipur  Solaris Ltd - 7919752167	Ho Rakesh Kumar Vill Chak Haji Tola Chak Haji Panch Rupnarayn Pur Bela, Samastipur, Bihar	HO RAKESH KUMAR VILL CHAK HAJI TOLA CHAK HAJI PANCH RUPNARAYN PUR BELA, SAMASTIPUR, Bihar
S1-660492289	S3-771648385	India	India	Kali Brothers Pvt Ltd	Kali Brothers Pvt	B-008 Rohotas Plumeria, Vibhuti Khand, Gomti Nagar, Lucknow, Uttar Pradesh	B-008 Rohotas Plumeria, Lucknow, UP
S1-413599754	S3-562639775	India	India	Good Law Chambers	Mr Good Law Chambers Corporation	B-19-506/3, Cemetry Road, Civil Lines, Ludhiana, Punjab	B-19-506/3, Cemetry Road, Civil Lines, Divreportingcircle, ਪੰਜਾਬ
S1-706112552	S2-297979901	India	India	Rajeswari Law Chambers Limited	Rajeswari Law Chambers [Limited]	Haveli, S No 150/4 75/12 150/1/2 150/3/2, Dhayari, Maharashtra, Pune	H.NO G-311 S NO 150/4 75/12 150/1/2 150/3/2, DHAYARI, HAELI, Maharashtra
S1-272054900	S2-906901338	India	India	Mass Ventures	Mass  Ventures	Malapuram, Malappuram, Adressery(Po), Tirur, Room No 2/340 H Kavappura, Kerala	ROOM NO 2/340 H KAVAPPURA, ADRESSERY(PO), TIRUR, MALAPPURAM, Keralam
S1-347365776	S3-822150709	US	US	Petersen Home Care Inc	ínc Petersen Home Care	6108 South Street, Stilesville, IN	6108 South St, Stilesville, Indiana
S1-281909395	S2-313893053	India	India	Shiv Constructions Limited	शिव कंस्ट्रक्शंस लिमिटेड	L-15 Third Floor, Abul Fazal Enclave, Part-1, New Delhi, South Delhi, Delhi	L-15 THIRD FLOOR, ABUL FAZAL ENCLAVE, PART-1, NEW DELHI, SOUTH DELHI, Delhi
S1-450058099	S3-699726731	India	India	One Agro Private Limited	One Agro Pmrrvde Limited	101, P No.21/B, Sriphala Heights Vi-Phase, Kphb Colony, Hyderabad, Telangana	101, Hyderabad, తెలంగాణ
S1-965291159	S2-455091251	US	US	Manda A. Chen, Esq. Inc	Manda Chen, Esq. Inc Partners	8100 216th Street, Kent, WA	216TH STREET, KENT, WA
S1-677686024	S3-348022982	India	India	Hari Ventures LLP	హరి వెంచర్స్ ఎల్‌ఎల్‌పీ	Telangana, H No 8-3-235/A, Hyderabad, Flat No. 202, Second Floor, Tirumala Residential, Yousufguda Check Post, Near Metro Piller No C1516, Khairatabad	H No #8-3-235/A, Flat No. 202, Second Floor, Tirumala Residential, Yousufguda Check Post, Near Metro Piller No C1516, Hyderabad, Khairatabad, TG
S1-316664593	S2-156131244	US	US	San Bernardino Youth Pacific Association	SAN BERNARDINO YOUTH-PACIFIC ASSOCIATION LP	668 11th Street, San Bernardino, CA	
S1-61753054	S3-926160054	US	US	Verric Altisource	Verric Altisource LP	505 Beech Avenue, Kinston, NC	505 Beech Ave, Kinston, North Carolina
S1-690968901	S2-508678912	US	US	Johnson Alussa	Johnson Services	102 Preacher Road, Melbourne, AR	102-104 PREACHER RD, MELBOURNE, AR
S1-377372603	S3-595810634	US	US	Choice Creative Studios Inc	Choice Studios Inc Partners	1 Morning Star Drive, Hadley, MA	1 Morning Star Dr, Massachusetts, Hadley
S1-469709157	S3-695605826	US	US	Rium Corporation Corp	Rium Corporation	138 Clover Circle, Lewisburg, WV	Lewisburg, 138-B Clover Circle, West Virginia
S1-771495377	S3-506280915	US	US	Granite	granite.com	1955 Humboldt Boulevard, Chicago, IL	1955b Humboldt Blvd, PO Box 4344, Chicago, Illinois
S1-83346086	S2-280359023	US	US	ZZR Real LLC	ZZR Real	7205 Seabeck Highway, Bremerton, WA	7205 SEABECK HIGHWAY, BREMERTON, WA
S1-132293835	S3-812563917	US	US	Eye Center of Richmond LLC	Eye Cénter Of Richmond LLC	Richmond, TX, 21038 Tranquil Shores Drive	Richomnd, Texas, 21038 Tranquil Shores Dr
S1-404743975	S3-902498733	India	India	Mantra Solar Pvt Ltd	Mantra Sólar Pvt Ltd	J 704, 7Th Floor, Kdp Grand Savana, Raj Nagar Extension, Ghaziabad, Uttar Pradesh	J 704, 7Th Floor, Kdp Grand Savana, Raj Nagar Extension, Ghaziabad, UP
S1-866396525	S2-80129256	India	India	Pinnacle Advisors Private Limited	PINNACLE PRIVATE LIMITED PARTNERS	C-108, Ravi Kiran Chs, Carter Road No 3 Opp Gopal Krishna Hotel, Borivali East, Mumbai, Mumbai City, Maharashtra	C-10, RAVI KIRAN CHS, CARTER ROAD NO 3 OPP GOPAL KRISHNA HOTEL, BORIVALI EAST, MUMBAI, महाराष्ट्र
S1-762537893	S3-481276646	US	US	Board of Veterans Affairs	BOARD OF VETERANS AFFAIRS & Co	50 Old Honaker Road, Honaker Town, VA	
S1-642587012	S3-781129513	US	US	Southern Medical Center, LLC	5outhern Medical Center, Llc	392 Platinum Place, Carter County, OK	392 Platinum Pl, NULL, Carter County, Oklahoma
S1-826972911	S2-104627410	US	US	Fresh Supreme Opportunities Inc	FRESH SUPREME OPPORTUNITIES	129 Fiddler Crab Court, Stella, NC	NC, 397 FIDDLER CRAB CT, STELLA
S1-608114651	S3-258397373	US	US	Ryan & Yelverton Bankshares LLC	Ryan & & Yelverton Bankshares LLC	7082 Twin Ponds Road, Bainbridge Island, WA	7082 Twin Ponds Rd, Washington, Bainbridge Island CITY
S1-236201013	S3-554732530	US	US	Smart Automation Technologies Inc	Smart Antottion Technologies Inc	Sioux City, IA, 2821 Paxton Street	2821 Paxton St, Soiux City, Iowa
S1-552366075	S3-701010966	US	US	Rocky Coalition	R0cky Coalition	19 Patriots Way, Rehoboth Beach, DE	Rehoboth Beach, #19 Patriots Way, Delaware
S1-698137556	S2-123626127	US	US	Highland Metro Staked Inc.	HIGHLAND MÉTRO STAKED INC.	73874 Porterville Lane, Prairie City, OR	PORTERVILLE LANE, PRIARIE CITY, OR
S1-337953289	S3-251760906	US	US	Oncology Health	Oncology Health	468992 51, Stilwell, OK	46899 51, Stilwell, Oklahoma
S1-502170624	S3-523943122	India	India	Industrial Construction Private Limited	Industrial Construction Private  [Limited]	Plot No. Rz J-3/231-233 B/Side West Sagar Pur, New Delhi, South West Delhi, Delhi	#C-646 Plot No. Rz J-3/231-233 B/side West Sagar Pur, South West Delhi, New Delhi, DL
S1-342158279	S3-561536041	US	US	Arts Program IV	Arts Arts Program IV LP	NC, Enfield, 126 Silvertown Road	126 Silvertown Road, Enfield, North Carolina
S1-721645637	S2-471105138	India	India	First Consultancy Private Limited	FIRST CONSULTANCY PRIVATE LIMITED	Marol, Co.Op. Industrial Estate, Plot No. 129, Opp, Apparel Connection, Andheri (East), Mumbai, Mumbai City, Maharashtra	
S1-439040123	S3-763056415	US	US	Trusted Advanced Thunder-Katy	Trusted  Advanced Services	24415 Wild Bramble Lane, TX, Katy	Wild Bramble Ln, null, Katy, Texas
S1-493430129	S3-368626774	India	India	Real Hospitality Private Limited	Real Hospitality Private	No.5, Santaana, 2Nd Cross Kumara Cot, Madhavanagar, Bengaluru, Bangalore, Karnataka	H.no 5, Santaana, 2Nd Cross Kumara Cot, Madhavanagar, Bangalore, KA
S1-415968356	S2-205413621	US	US	Sclafani Alliance Inc	Sclafani Alliance  Inc	1597 Senseny Road, Frederick County, VA	1597 SENSENY RD, FREDERICK COUNTY, VA
S1-158849906	S2-829830396	US	US	Baer Group	Beaer Group	138 Jenkins Road, Charlton, NY	138 JENKINS RD, BURNT HILLS, NY
S1-703449295	S2-917102624	India	India	Great Care Pvt Ltd	গ্রেট কেয়ার প্রাইভেট লিমিটেড	6B, Bentinck Street, Ground Floor, Kolkata, Kolkata, Howrah, West Bengal	6B, HOWRAH, KOLKATA, পশ্চিমবঙ্গ
S1-219419995	S2-742227956	US	US	Carpenter Solid, Inc	Carpenter Sld,i Inc - 6161629239	3802 Centifolia Avenue, Fl 1, Hillsboro, OR	802 CENTIFOLIA AVENUE, HILLSBORO, OR
S1-855958263	S3-393329302	US	US	Todd and Johnston LLC	Todd and Johnston	4560 Vector Drive, Cahokia, IL	4560 Vectgr Dr, EAST ST. OUIS, Illinois
S1-523039004	S3-827886150	India	India	Premier Technologies Private Limited	Premier  Technologies Private Limited	6, Howrah, Surjya Kumar Chatterjee St, Calcutta, W.B., West Bengal, Kolkata	
S1-480563598	S3-623008975	India	India	Ss Properties Pvt Ltd	एसएस प्रॉपर्टीज प्रा. लि.	27 Sahney Business Centre Bldg A, Kirol Village G.Fl., Nr Vidya Vihar Best Depot, Vidya Vi, Har (West), Mumbai, Mumbai City, Maharashtra	No 27 Sahney Business Centre Bldg A, Kirol Village G.fl., Nr Vidya Vihar Best Depot, Vidya Vi, Har (West), Mumbai, NULL, MH
S1-659791971	S3-407757297	US	US	England & Gibson Inc.	England & Gibson Inc	14907 Abberton Drive, Chesterfield County, VA	
S1-404108895	S2-535942294	US	US	Atlantic Black, PC	atlanticblack.com	Brownsville, 5406 Sidekick Avenue, TX	5406 SIDEKICK AVENUE, BROWNSVILLE, TX
S1-864409989	S2-268261188	US	US	Beck and Sullivan Infinite P.C.	BECK AND SULLIVAN INFINITE P.C.	9208 N Pirogue Ct, Jeffersontown, KY	208 NORTH PIROGUE CT, JEFFERSONTOWN, KY
S1-129656524	S3-798468325	India	India	Perfect Healthcare	Dr Perfect Healthcare Limited	403/1, Plot 3/2, Beside Laxmi Prints, Vasta Devdi Road, Surat City, Surat, Gujarat	403/1, Plot 3/2, Beside Laxmi Prints, Vasta Devdi Road, Surat, Surat City, ગુજરાત
S1-768893027	S2-483110641	India	India	Shiv Smart Care Private Limited	Shiv Smart Care Private	348 Mahadev Wadi, Bhokardan Jalna Baranjala, Bhokardan, Jalna, Maharashtra	NO 48 MAHADEV WADI, BHOKARDAN JALNA BARANJALA, BHOKARDAN, Maharashtra
S1-504661235	S2-931770612	India	India	Kandoi Consultancy	Kandoi Consultancy	544/134N Sardaar Nagar, Balaganj, Lucknow, Uttar Pradesh	#544/134N SARDAAR NAGAR, BALAGANJ, LUCKNOW, Uttar Pradesh
S1-229058425	S3-856378644	US	US	Leandra Alonso, CPA, PC	Alonso,, Leandra PC [Services]	4280 Painted Finch Drive, St George City, UT	4280 1/2 Painted Finch Dr, Saint George CITY, Utah
S1-661397787	S3-225724944	India	India	Shiv Infra Private Limited	Mr Shiv Infra Private [Limited]	No.23 & 35B Knr Building Sriram Nagar, 2Nd Street, Mugalivakkam R, Oad, Porur, Chennai, Tamil Nadu	No.d/23 & 35B Knr Building Sriram Nagar, 2Nd Street, Mugalivakkam R, Oad, Porur, Chennai, TN
S1-664625154	S2-21626424	India	India	Shakti Investment Limited	Sri Shakti  Investment	Near Nh-2, In Front Of Bagla Kila Friends Colony, Shikohabad, Firozabad, Uttar Pradesh	NEAR NH-2, IN FRONT OF BAGLA KILA FRIENDS COLONY, SHIKOHABAD, Uttar Pradesh
S1-935662525	S2-641751272	US	US	Jacquetta J. Nelson, Ph.D.	Jacquetta J. Nelson,	1332 14th Street, New Castle, IN	332 FOURTEENTH ST, NEW CASTLE, IN
S1-120485928	S3-618173450	India	India	Kundrathur Road Kovur Solutions Private Limited	Tavonexio	Old No.4/51A, New No.4/281, Kundrathur Road Kovur, Chennai, Tamil Nadu	Old No.4/51A, New No.4/281, Kundrathur Road Kovur, Chennai, Tamil Nadu
S1-314857939	S3-435889264	India	India	Psi International Private Limited	Psi International Private Limited	Master Plan Civil Lines, Raghurajnagar, Satna, Madhya Pradesh	Master Plan Civil Lines, Satna, Raghurajnagar, मध्य प्रदेश
S1-740189488	S2-473772721	US	US	National Initiative Inc	national initiative inc	605 Cranhill Drive, Wilmington, DE	CRANHILL DRIVE, WILMINGTON, DE
S1-917429741	S3-932068732	India	India	Bluewave Stone	Bluewave  Center	Ug 11, Rajhans Heights, Mini Bazar, Varachha Road, Surat City, Surat, Gujarat	Ug 11, Surat City, Surat, ગુજરાત
S1-361876858	S3-74502690	US	US	Vanteon Catalyst LLC	Vanteon  Catalyst	5805 Clinton Street, Hokes Bluff, AL	5805 Clinton St, Hokes Bluff, Alabama
S1-861481349	S2-468744993	US	US	Byrd, Adelle, D.D.S., P.C.	Byrd, Adelle, [D.D.S.,]	600 Hickory Street, Dayton, OH	600 HICKORY ST, DAYTON, OH
S1-333820597	S3-776181419	India	India	VVR Technologies Pvt Ltd	VVR VVR Technologies Pvt [Ltd]	C/O Sandeep Kumar S/O Hari Kumar Village Lokri Tehsil Pataundi, Gurgaon, Haryana	C/o Sandeep Kumar S/o Hari Kumar Village Lokri Tehsil Pataundi, Gurgaon, N/A, HR
S1-501071955	S2-225097541	US	US	Ronny M. Beauchamp, DMD	-- Ronny M. Beauchamp, DMD LLC	3813 Dover Stravenue, Tucson, AZ	3813 DOVER STRAVENUE, TUCSON, AZ
S1-141309052	S2-560937019	US	US	Pacific Elite Etf Inc.	Pacific-Elite Etf	41 Dorba Court, Fl 0, Severna Park, MD	SEVERNA PARK, 41 DORBA CT, MD
S1-699349849	S3-324964376	India	India	Mansha Luxurious Private Limited	Mansha Luxurious Private	3319-3321, Ground Floor Pvt. No.Gf-20, Kucha Kashgiri Bazar, Sita Ram, Near Hauz Qazi, Delhi, North Delhi, Delhi	3319-3321, Ground Floor Pvt. No.gf-20, Kucha Kashgiri Bazar, Sita Ram, Near Hauz Qazi, Delhi, North Delhi, DL
S1-97880784	S3-958147103	India	India	Msm Global Private Limited	msmglobal.com	271/9, Manorama Colony, Opposite Prarthana Bhavan Madhukar Shah Ward, Sagar, Madhya Pradesh	271/9, Bhind, Sagar, MP
S1-117959573	S3-759924770	US	US	Mandie P. Williams, DO	Mandie P. Williams,-DO	OH, 272 Chester Avenue, Wadsworth City	272 Chester Avenue, Wadsworth City, Ohio
S1-290435072	S3-131138237	India	India	Galaxy Construction Limited	Galaxy  Construction Limited	5, Dr.Rajendra Prasad Sarini, Kolkata, Kolkata, Howrah, West Bengal	5, Dr.rajendra Prasad Sarini, Kolkata, Howrah, Calcutta, পশ্চিমবঙ্গ
S1-931243586	S3-403891764	India	India	Travels (India) Technologies Limited	Partners Travels Technologies Limited	Delhi, 145, Sunder Nagar, South Delhi, New Delhi	Block E-b3/79 145, Sunder Nagar, South Delhi, New Delhi, दिल्ली
S1-676537696	S2-370786390	US	US	Jaime Brunner, M.D.	ZEPHZETACIRA	115 Chickadee Lane, Poland, ME	115 1/2 CHICKADEE LN, <NULL>, POLAND, ME
S1-583401196	S3-870460038	India	India	Tirupati Care Pvt Ltd	Tirupati Care Pvt Ltd	House No 93, Nagarwadi, At Post Lovhral, Loha, Nanded, Maharashtra	
S1-448790388	S2-48114422	US	US	Lyris Lifeco Clinic	cliniclifeco.com	303 Fusilier Court, Whitemarsh Township, PA	303 FUSILIER CT, FORT WASHINGTON, PA
S1-766550692	S2-795392653	India	India	One Roadways Private Limited	ONE ROADWAYS PRIVATE	Flat No E-601 Sai Rediance Coop Hsg Soc Plot No 59 60 61 Sector - 15 Cbd Belapur, Thane, Maharashtra	FLAT NO E-60 SAI REDIANCE COOP HSG SOC PLOT NO 59 60 61 SECTOR - 15 CBD BELAPUR, THANE, महाराष्ट्र
S1-829472937	S3-991332608	India	India	Kms Mills LLP	Kms Merss LLP	3395, Shop2, Amena Manzil, B/H Sarkari Dawakhana, Olpad, Surat, Gujarat	Shop2, Amena Manzil, B/h Sarkari Dawakhana, Surat, 3395, GJ, Olpad
S1-956640491	S3-602586916	US	US	Pammie Steward Express Pan	Pammie Steward Express Pan Corporation	511 Finnbar Drive, Cary, NC	511 Finnbar Drive, Cary, North Carolina
S1-457306893	S3-768820207	India	India	Sarasya Mining Pvt Ltd	Sarasya Mining Pvt	Noida, Uttar Pradesh, Gautam Buddha Nagar, 1787 1St Floor, Arun Vihar Sector 37	1787 1St Floor, Arun Vihar Sector 37, Noida, Gautam Buddha Nagar, UP
S1-51907648	S2-338386597	India	India	Aarvtech Projects Private Limited	Aarvtech Projects Private	Kothi No 51, Zone -H4/5 Suvidha Kunj Pitampura, Delhi, North West Delhi, Delhi	KOTHI NO 7-51, ZONE -H4/5 SUVIDHA KUNJ PITAMPURA, DELHI, Delhi
S1-748595186	S2-365944053	India	India	Agr Events Limited	AGR LIMITED EVENTS	Shop No 3477 G/F Nicholson Road Mori Gate, New Delhi, North Delhi, Delhi	दिल्ली, SHOP NO 3476 G/F NICHOLSON ROAD MORI GATE, NEW DELHI
S1-389459341	S2-242233645	India	India	Ziraksh Audio LLP	Ziraksh Audio Llp (ID: 49124)	31, 1St Cross, Msr Nagar, Bangalore North, Bangalore, Karnataka	31, 1ST CROSS, MSR NAGAR, BANGALORE NORTH, Karnataka
S1-292224452	S2-300736336	India	India	Aayushmaan Solutions (India) Private Limited	Aayushmaan Solutions (lndia) Private	Block 5 Parshuram Apt1616 Sadashiv Peth, Pune, Maharashtra	NO. 237 BLOCK 5 PARSHURAM APT1616 SADASHIV PETH, PUNE, Maharashtra
S1-108864031	S2-531253034	US	US	Pediatric Dental Care Associates Brockton	PEDIATRIC DENTAL CARE ASSOCIATES BROCKTON CO	Brockton, MA, 17 Lookoff Street	17 LOOKOFF STREET, BROCKTON, MA
S1-836245422	S3-440417051	India	India	Cochin Systems Private Limited	Cochin Technologies Private Limited	H No 74-23-20, Yelamanchili Venkatappaih Street, Kanuru, Vijayawada, Vijayawada (Rural), Krishna, Andhra Pradesh	H No 74-23-20, Yelamanchili Venkatappaih Street, Kanuru, Vijayawada, Krishna, ఆంధ్రప్రదేశ్
S1-764768335	S2-6485514	US	US	Cathey Prime Lab Inc	Fluxlyraecto	28270 Mateer Road, OR, Gold Beach	28270 Mateer Rd, GOLD BEACH, OR
S1-896427743	S3-646538123	US	US	Beacon Digital Enterprises LLC	Beacon Enterprises LLC (Services)	1539 Laurel Avenue, Bridgeport, CT	1539 Laurel Ave, Bridgeport, Connecticut
S1-74933474	S2-140323829	India	India	KV Finance Ltd	kv finance ltd	36, First Floor, 14Th Main Vijaynagar, Bangalore, Karnataka	
S1-799155125	S2-134072404	US	US	Premier First Education	Premier First Education	11113 S Bay Lane, Austin, TX	11113 SOUTH BAY LANE, AUSTIN, TX
S1-898686421	S3-606051660	India	India	Alpha Infra Private Limited	Alpha इंफ्रा Private Limited	X/440 F/F Plot No 10 Gali, No. 0, Mohalla Ram Nahar, East Delhi, Delhi	X/440 F/f Plot No 10 Glai, No. 0, Mohalla Ram Nahar, East Delhi, DL
S1-319916855	S3-495401932	US	US	Joseph Learning Center	Joseph Learning Caeaner	9901 Brockington Road, Unit Apt A14, Sherwood, AR	9901c Brockington Rd, # Apt A14, Sherwood, Arkansas
S1-510488383	S2-778449633	India	India	Tejas Public School Private Limited	TEJAS PUBLIC-SCHOOL PRIVATE LIMITED	12-2-828, Flat No. 308, Marvel Mansion, Near Amba Theatre, Mehdipatnam, Hyderabad, Telangana	12-2-828, FLAT NO. 308, MARVEL MANSION, NEAR AMBA THEATRE, MEHDIPATNAM, HYDERABAD, Telangana
S1-379925151	S2-990454224	India	India	Good Shakti It Private Limited	గుడ్ శక్తి ఐటీ ప్రైవేట్ లిమిటెడ్	202/948, Padarupalli Main Road, Near Chennakesava Swamy Temple, Padarupa, Lli, Nellore, Andhra Pradesh	D/202/948, NELLORE, Andhra Pradesh
S1-474473589	S2-946126918	US	US	Patriot Project	Patriot Center	525 Shamburger Lane, Little Rock, AR	525  SHAMBURGER LN, LITTLE ROCK, AR
S1-199539045	S2-586930160	US	US	XJ Street	XJ  STLRENT	29018 Sedgefield Street, Spring, TX	29018 SEDGEFIELD SAINT, SPRING, TX
S1-32623698	S2-263232298	US	US	Pediatric Dentistry Partners L.L.C.	PEDIATRIC DENTISTRY PARTNERS L.L.C.	1420 Meadowlake Way, Union, KY	MEADOWLAKE WAY, UNION, KY
S1-832839995	S3-481362026	US	US	Norman, Vargas and Connett Short LLC	Norman, Vargas & Cndomet Short LLC	701 Meadowcreek Court, Garland, TX	701 Meadowcreek Court, Garland, Texas
S1-792229309	S2-151306341	India	India	Tapasvi Traders Private Limited	Tapasvi Tradrss Private Limited	C/O Bikash Rahut, Balladighi Sree Mayapur, Nabadwip, Nadia, West Bengal	C/O BIKASH RAHUT, BALLADIGHI SREE MAYAPUR, NABADWIP, West Bengal
S1-949139179	S2-163843285	India	India	Infra Agk Info Pvt Ltd	Ltd Infra Agk Pvt Service	794 Vasudev Pandey Ka Purwa, Bhairopur Tikra Bikapur, Faizabad, Uttar Pradesh	H.NO 794 VASUDEV PANDEY KA PURWA, BHAIROPUR TIKRA BIKAPUR, FAIZABAD, Uttar Pradesh
S1-389082020	S2-428727542	US	US	Commission on Public Works	Commission On Public Works	205 Horizon Drive, Farmington, UT	205 HORIZON DR, FARMINGTON, UT
S1-348134892	S2-905382623	US	US	Kissie M. Berry, L.C.S.W.	KISSIE M. BERRY, L.C.S.W.	11286 Park Meadows Court, IN, Noblesville	11286 PARK MEADOWS COUT, NOBLESVILLE, IN
S1-588787930	S3-477698836	India	India	Ubc Trust	Ubc Services	No 18, Rajappa Bld, 1St Cross Housing Boad Muthanallur Cross, Sarjapur Road, Dommasandra Bangalore, Bangalore, Karnataka	Dommasandra Bangalore, ಕರ್ನಾಟಕ, No 18, Bangalore
S1-891875902	S3-996045303	US	US	Ivenay Quasaredge LLC	Ivenay [Quasaredge]	8742 Pine Place, Reynoldsburg, OH	8742 Pine Pl, Reynoldsburg, Ohio
S1-95723341	S3-552925725	US	US	I+ Era Care	I+ Era Cailre	701 Frontera Road, City Of El Paso, TX	Frontera Rd, City Of El Paso, Texas
S1-906292933	S2-902187693	US	US	Allied Cbre Associates	ALLIED CBRE ÁSSOCIATES	19 Pickett Street Extension, Castile, NY	19 PICKETT STREET EXTENSION, CASTILE, NY
S1-727267088	S3-293658111	US	US	Golden Innovative Neighborhood	ínnovative golden neighborhood	125 Bradley Drive, Olean, NY	125  Bradley Dr, Olean, New York
S1-931838509	S2-837226248	India	India	Saini Conscious Clinic	SAINI CONSCIOUS CLINIC CORPORATION	Flat No. 501, Manisha, Mhatar Pada, Amboli, Andheri West, Mumbai, Mumbai, Maharashtra	FLAT NO. 201 , MANISHA, MHATAR PADA, AMBOLI, ANDHERI WEST, MUMBAI, MUMBAI, महाराष्ट्र
S1-257615566	S3-589619336	US	US	Gaa Sterling Mountain L.L.C.	6aa Sterling Mountain	211 Arlington Road, Hoyt Lakes, MN	Arlington Rd, Hoyt Lakes, Minnesota
S1-32558274	S3-757219261	India	India	Bharat Hospitality Private Limited	Bharat Private Limited Center	Plot No-8, Pocket-A, First Floor Shivalik, Malviya Nagar, New Delhi, South Delhi, Delhi	DL, Pocket-a, First Floor Shivalik, Malviya Nagar, Plot No-8, New Delhi, South Delhi
S1-986892877	S2-99561359	India	India	Mulashi Technologies Care	Mulashi-Technologies Care	Sno- 42/3 (Pt), B1-102 Saarrthi Sovereign, Mulashi, Pune, Maharashtra	SNO- 42/3 (PT), B1-102 SAARRTHI SOVEREIGN, MULASHI, Maharashtra
S1-577667534	S2-278429707	US	US	Physical Therapy Medicine, Inc	Physical Therapy  Medicine, Inc	14 Kenmar Drive, Unit 115, Billerica, MA	14-16 Kenmar Dr, BILLERICA, MA
S1-154432048	S3-421155888	India	India	Best Super Media Private Limited	बेस्ट सुपर मीडिया प्राइवेट लिमिटेड	68/1, Tajpur Road, Badarpur Border Extn., New Delhi, South Delhi, Delhi	68/1, Tajpur Road, Badarpur Border Extn., New Delhi, South Delhi, DL
S1-984861470	S3-882247084	US	US	Majors Institute of Technology LLC	Majors Institute of	351 Hawk Haven Road, Bldg HAWK HAVEN MEAT, Cle Elum, WA	351 Hawk Haven Rd, Bldg. HAWK Haven MEAT, CLLE ELUM, Washington
S1-380754061	S2-48125883	India	India	Aligarh Marketing Private Limited	aligarhmarketing.com	Mig-55, Swarn Jayanti Nagar, Aligarh, Uttar Pradesh	NO. 684 MIG-55, SWARN JAYANTI NAGAR, ALIGARH, Uttar Pradesh
S1-543641292	S2-56107585	US	US	Warford Bay Telefonica, LLC	Warford Bay Té1efonica,	305 Holly Park Drive, Holly Springs, NC	HOLLY PARK DR, HOLLY SPRINGS, NC
S1-491005048	S2-238653770	India	India	Southern Constructions LLP	Dr Southern-Constructions LLP	7-B Dda Flats Sarai Julena, New Delhi, South Delhi, Delhi	7-B DDA FLATS SARAI JULENA, NEW DELHI, दिल्ली
S1-914409252	S2-332322492	India	India	Nangloi Bricks Ltd	NANGLOI BRTCKCS LTD	Rz H-88, G/F Nihal Vihar, Nangloi, West Delhi, Delhi	RZ H-88, G/F NIHAL VIHAR, NANGLOI, Delhi
S1-407661652	S2-115249943	India	India	Sky Logistics Private Limited	Limited-Center Sky Logistics Limited-Center	1A-404, Dheeraj Dreams, L.B.S Road, Bhandup West, Mumbai, Maharashtra	1A-404, MUMBAI, महाराष्ट्र
S1-501323803	S3-223221129	India	India	India Manu Projects Private Limited	IMP	Unit No207, Haryana, Gurgaon, 2 Floor, Tower, Space Itech Park, Sector49, Gurgaon	Haryana, Unit No207, Gurgaon, 2 Floor, Tower, Space Itech Park, Sector49
S1-970020151	S2-897429819	US	US	R F Cochran Capital PLLC	R  F Cochran	144 Shell Rock Lane, Hubert, NC	
S1-379968511	S2-364603755	US	US	Legacy Platinum Platforms	Legacy Platinum Platforms Corp	680 11, Bailey, TX	680. 11, BAILEY, TX
S1-73423186	S3-123717119	India	India	Bloom Academy	Bloomacademy.Com	Haryana, Panchkula, By Pass Road V.P.O- Barwala, Panchkula	By Pass Road V.p.o- Barwala, Panchkula, HR
S1-467893844	S3-791062483	India	India	Green Impex Private Limited	Green Impex ప్రైవేట్ లిమిటెడ్	76 Ramachandra, Gudem, Miryalguda, Nalgonda, Telangana	#76 Ramachandra, Nalgonda, తెలంగాణ
S1-768751812	S2-821036758	India	India	Perfect Constructions Private Limited	Perfect कंस्ट्रक्शंस Private Limited	C/O Rakshita Singh Saray Badshah Kuli Mau Aima (Siswa) Prayagraj, Prayagraj, Allahabad, Uttar Pradesh	C/O RAKSHITA SINGH SARAY BADSHAH KULI MAU AIMA (SISWA) PRAYAGRAJ, PRAYAGRAJ, Uttar Pradesh
S1-919281942	S2-577988533	India	India	Horizons Rubber Limited	Horizons Rubbfr Limited	Anwarpur, Hazipur Vaishali, Hajipur, Vaishali, Bihar	ANWARPUR, HAZIPUR VAISHALI, HAJIPUR, Bihar
S1-690454497	S3-606230451	India	India	Jagdamba & Co	Jfanhmba & Co	Trinity Apartment, 1St Floor Nsb Road, Holding No. -A/29, Ward No. 92, /(14), Raniganj, Bardhaman, West Bengal	Trinity Apartment, Bardhaman, WB, Raniganj
S1-862704738	S2-546010447	India	India	Mumbai Sizing Private Limited	Mumbai Siiezng Private Limited	5Th Floor, B-517, Kanakia Zillion, Lbs Marg, Kurla (W), Mumbai, Mumbai, Maharashtra	DOOR NO 5TH/3 FLOOR, B-517, KANAKIA ZILLION, LBS MARG, KURLA (W), MUMBAI, MUMBAI, महाराष्ट्र
S1-163120724	S2-141961914	US	US	Goulet's Bay Plumbing	Bay Goulet's Plumbing	2186 Tourney Trail, Beavercreek, OH	TOURNEY TRAIL, DAYTON, OH
S1-234464011	S2-911998289	US	US	A & E Oxley	eoxley.com	168 Lincoln Street, Seneca, IL	168 LINCOLN ST, SNECA, IL
S1-737986812	S2-584035294	India	India	Kritva Associates Private Limited	Kritva Associates Private	C/O Dr. Amit Khandelwal 1 Kesar Kunj Main Road Bhupalpura Udaipur (M Cl), Udaipur, Rajasthan	H.NO 465 C/O DR. AMIT KHANDELWAL 1 KESAR KUNJ MAIN ROAD BHUPALPURA UDAIPUR (M CL), UDAIPUR, Rajasthan
S1-998790291	S2-494159333	US	US	Bay League Group	Group Bay Services	16007 Winston Court, Urbandale, IA	WINSTON CT, URBANDALE, IA
S1-311527122	S3-846660780	US	US	Frontier Heartland Apogee Co	Frontier Heartland Apogee Có	1231 Valley Vista Lane, Bedford County, VA	1231 Valley Vista Ln, Forest, Virginia
S1-762519828	S2-848429101	India	India	Purvanchal Trading Pvt Ltd	Purvanchal Trading	Ward No. 09, Sheopur, Back Of College, Sheopur, Madhya Pradesh	WARD NO. ##09, BACK OF COLLEGE, SHEOPUR, Madhya Pradesh
S1-454092973	S3-801519435	US	US	Anne-Marie's Total Cafe	Annemariestotalcafe.Com	Woodbridge, CT, 47 Park Lane	47 Park Lane, New Haven, Connecticut
S1-301278427	S2-112330220	US	US	Cummings All States Inc	Cummings All States	Fleischmanns, NY, 167 Ellsworth Avenue	167 ELLSWORTH AVENUE, FLEISCHMANNS, NY
S1-930941235	S2-57365015	US	US	National Modern Commercial	National Mnidedirn Commercial	116 Park Avenue, Bldg Garage, Moody, AL	116  PARK AVE, MOODY, AL
S1-286487313	S3-317250051	US	US	Moore Air LLC	Moore Air	1456 Fm 2434 Road, Weimar, TX	456 Fm 2434 Rd, Weimar, Texas
S1-456863299	S3-818362766	India	India	Moon Technologies Private Limited	Moon Limited Private Technologies	West Bengal, Saltlake, Bengal Eco Intelligent Park, North 24 Parganas, Em-3, 14Th Floor, Office No. 7B, Sector-V	Plot 967 Bengal Eco Intelligent Park, NULL, Saltlake, North 24 Parganas, WB
S1-254326774	S2-76267286	India	India	Gujarat Business Pvt Ltd	गुजरात बिजनेस प्रा. लि.	C-504, Jeevan Asha, Patel Nagar Off M G Road, Kandivali (West), Mumbai, Mumbai City, Maharashtra	C-504, JEEVAN ASHA, PATEL NAGAR OFF M G ROAD, KANDIVALI (WEST), MUMBAI CITY, Maharashtra
S1-784705632	S2-29246928	US	US	Lin Liberty Northwest Group	LIN LIBERTY NORTHWEST	3272 Balmer Fenwick Road, Floyds Knobs, IN	IN, 3272B BALMER FENWICK RD, FLOYDS KNOBS
S1-636450020	S2-356983726	India	India	Sai Foods (India) Private Limited	SAI FOODS (INDIA) PRIVATE	32, Shenpoovanamnarmada Nadhi Street Mahathma Gandhi Nagar, Krshnapuram Colony, Madurai, Tamil Nadu	32, SHENPOOVANAMNARMADA NADHI STREET MAHATHMA GANDHI NAGAR, KRSHNAPURAM COLONY, தமிழ்நாடு
S1-650919635	S2-289560156	US	US	24HR Fitness LLC	THE 24HR FITNESS LLC	Beavercreek, 3043 Willowbrook Way, OH	OH, 3043 WILLOWBROOK WAY, DAYTON
S1-135559430	S3-956759256	US	US	Dental Specialists	sdental.com	112 Elm Street, Hanover, KS	##112 Elm St, Hanover, Kansas
S1-65785040	S2-200377832	India	India	Shakti Sai Management Private Limited	Private Shakti Sai Management Ltd	Pno. 103 & 104, Fno. 503, Sri Sai Nadha Towers, Serilingampally, Hyderabad, Telangana	తెలంగాణ, FNO. 503, SRI SAI NADHA TOWERS, PNO. 103 & 104, HYDERABAD, SERILINGAMPALLY
S1-731007428	S2-317223779	US	US	Gypsy Vann Wen LLC	gypsyvannwen.com	2603 Twin Oaks Drive, Austin, TX	TX, AUSTIN, 2603 TWIN OAKS DRIVE
S1-349196724	S3-65429860	US	US	Teo Taiwan Inc	Teo Taiwan	11368 Cherry Hill Road, Unit 304, Beltsville, MD	11368 Cherry Hill Rd, # 304, Beltsville, Maryland
S1-490607691	S3-676081872	India	India	B&b Services LLP	M/s B&b  Serimces LLP	78A, Karur Main Road, Ramapattinam, Dharapuram, Erode, Tamil Nadu	Hn 122 78A, Karur Main Road, Ramapattinam, Dharapuram, Erode, TN
S1-656974910	S3-948900077	US	US	Sirius LLC	Sirius	606 Bryson Street, Waxahachie, TX	606 Bryson St, Waxahachie, Texas
S1-218602169	S2-674145640	US	US	Faus Corporation	Faus Corporation	7160 Crane Run Road, Cumberland, OH	7160 CRANE RUN RD, CUMBERLAND, OH
S1-868414655	S2-145558113	US	US	Metropolitan Bank LLC	Partners Metropolitan LLC	610 Lakefield Drive, Fl GROUND FLOOR, Columbia, IL	610 LAKEFIELD DR, COLUMBIA, IL
S1-756889831	S2-115648679	US	US	Womens Health Delta Associates LLC	Womens Health  Delta	TN, Shelbyville, 499 Mt Herman Road	499- MT HERMAN RD, SHELBYVILLE, TN
S1-424546993	S3-622057216	US	US	Colmenero Platinum	colmeneroplatinum.com	103 Heritage Court, Beaufort, NC	Heritage Ct, Beaufort, North Carolina
S1-746747350	S3-969264444	US	US	Fallon Canada Corp	fallon canada corp	25251 Sangamon Street, Crete, IL	25250 Sangamon Street, PMB 4503, Crete, Illinois
S1-10211947	S3-506280170	US	US	Big 89 Grill	The Big 89 Grill	9259 1st Street, Hume, MO	9259 1st Saint, Hume, Missouri
S1-477444573	S2-660232302	US	US	Unified Apex Solar	UNIFIED APEX SOLAR CORPORATION	St George City, UT, 3026 Bloomington Drive	
S1-238876050	S3-844894118	India	India	Apj & Brothers Private Limited	Apj & Brothers  Private Limited	13, Mahagujarat Industrial Estate Opp.Nova Petrochemicals, Sarkhej Bavla R, Oad, Ahmedabad, Gujarat	13, Ahmedabad, GJ
S1-975390017	S2-647041639	India	India	Silver Consultancy Private Limited	सिल्वर कंसल्टेंसी प्राइवेट लिमिटेड	4-A114-2F, Signature, Global Park 4&5, Sec-36, Sohna, Gurgaon, Haryana	SOHNA, 4-A114-2F, GURGAON, SIGNATURE, GLOBAL PARK 4&5, SEC-36, Haryana
S1-304480415	S2-378601504	US	US	N 3 I Pan LLC	N 3 I Pan	2765 Centerboro Drive, Unit STE 158, Fairfax County, VA	2765 CENTERBORO DR, VIENNA, VA
S1-584215916	S3-892031112	US	US	Pediatric Health Inc	Pediatric Health Inc (District)	730 Baseline Road, Unit 112, Mesa, AZ	730 Baseline Rd, N/A, Mesa, Arizona
S1-796060366	S3-783732411	US	US	Tally For	Tally-For	5915 Margaret Belle Lane, Charlotte, NC	05915 Margaret Belle Ln, North Carolina, Charlotte
S1-277915468	S2-763155431	India	India	Karnani Memorial Trust	Karnani Trust Memorial	138, Hewo Society Sector -15, Part Ii, Gurgaon, Haryana	138, HEWO SOCIETY SECTOR -15, PART II, GURGAON, हरियाणा
S1-330865468	S3-722408011	US	US	Klein & Mayer Inc	Klein & Mayer	1430 Marquette Road, Chicago, IL	1430 Marquette Rd, PMB 6961, Chicago, Illinois
S1-652550602	S2-975166509	India	India	Ascent Networking Limited	Ascent Networking	Fl A/104 Sarvoday Srushti, Bldg No 2 Nr Ashok Watika, Dombivali, Thane, Maharashtra	FL A/104 SARVODAY SRUSHTI, BLDG NO 2 NR ASHOK WATIKA, DOMBIVALI, महाराष्ट्र
S1-580108135	S2-480218646	US	US	Snyder, Campbell and Acevedo Biotechnologies	SNYDER, CAMPBELL AND ACEVEDO BIOTECHNOLOGIES	569 Main Street, Vermilion, OH	MAIN ST, VREMILION, OH
S1-341031947	S3-407963021	US	US	Global Guild	Global Service	429 Mc Comb Street, City Of Fort Atkinson, WI	Wisconsin, 429 Mc Comb St, FT. Atkinson
S1-799118725	S3-316853345	US	US	Odelia Walsh Custom Super LLC	Odelia Walsh Custom Super [Llc]	NC, Moncure, 4437 Moncure Pittsboro Road	4437 Moncure Pittsboro Rd, Moncure, North Carolina
S1-845272069	S2-632494808	US	US	Celia Najera Metal	Celia Namnaj Metal	2938 248, MT, Peerless	2938 248, PEERLESS, MT
S1-320961087	S2-996539313	India	India	Sarla (India) Services Pvt Ltd	SARLA (INDIA) SERVICES PVT	West Bengal, Howrah, 286 Apc Road, Kolkata, Narkel Danga Kolkata, Parsibagan	H.NO 286 APC ROAD, NARKEL DANGA KOLKATA, PARSIBAGAN, KOLKATA, West Bengal
S1-156564491	S3-174475797	US	US	Tat Evo	Tat Tat Evo Inc	7840 Grand Estate Drive, Unit 2012, Raleigh, NC	7840 Grand Estate Dr, Raaleigh, North Carolina
S1-458753051	S2-13074834	India	India	Ahuja Foundation Private Limited	Limited Ahuja Prívate Partners	Bari Road, Kathokar Tank Gaya, Gaya, Bihar	BARI ROAD, GAYA, Bihar
S1-149975683	S3-685834235	US	US	Hillsboro Interfaith Society	interfaithsociety.com	1139 Baseline Street, Unit #4, Hillsboro, OR	1139 Baseline St, Unit #4, Hillsboro, Oregon
S1-308969443	S2-746849099	India	India	Sadar Homes Private Limited	Private Sadar Hncs Limited	58 Lohiya Talab, Sadar, Mirzapur, Uttar Pradesh	NO 58 LOHIYA TALAB, SADAR, MIRZAPUR, Uttar Pradesh
S1-780988032	S3-419105782	US	US	Asset Building Trust III	Asset Building Trust III Inc.	8659 Glenarden Parkway, Lanham, MD	Lanham, 8659 Glenarden Pkwy, Maryland
S1-381229895	S2-767541968	US	US	Stith Ace Food LLC	Stith Stith Ace Food Llc	35574 Grove Avenue, Ingleside, IL	35574 GROVE AVENUE, INGLESIDE, IL
S1-269077072	S2-57829474	India	India	Distikon Projects Corp	Distikon Corp Projects	Flat No 702, C Block, Sky High By Harsha, Survey No 143, Golconda, Hyderabad, Telangana	NO 702- , C BLOCK, SKY HIGH BY HARSHA, SURVEY NO 143, GOLCONDA, Andhra Pradesh
S1-274230956	S2-531430543	India	India	Rajrajeshwari & Brothers Private Limited	Rajrajeshwari & Brothers Private  Limited	Unit No. Plaza No.3 Ground Floor Epicuria, Nehru Place Metro Station, New Delhi, South Delhi, Delhi	UNIT NO. PLAZA NO.#3 GROUND FLOOR EPICURIA, NEHRU PLACE METRO STATION, NEW DELHI, Delhi
S1-608490017	S2-564486544	India	India	Ziraiya Manufacturing Ltd	Ziraiya Manuafcurllg Ltd	1/3 A-14 Shiv Sagar Society, Sect 30 Dronagiri Jaskhar Bokadvira, Uran, Raigarh, Maharashtra	1/3  A-14 SHIV SAGAR SOCIETY, SECT 30 DRONAGIRI JASKHAR BOKADVIRA, URAN, RAIGARH, <NULL>, Maharashtra
S1-390928157	S2-98855837	India	India	NR Designs Private Limited	NR Designs Private	Uttar Pradesh, Dir, 1366 Gatashram Teela Vishram Bazar Near Dwarika Dheesh Ji Man, Mathura	1366  GATASHRAM TEELA VISHRAM BAZAR NEAR DWARIKA DHEESH JI MAN, DIR, MATHURA, Uttar Pradesh
S1-698354901	S3-877713011	US	US	Clark Properties	Clark	495 Clarendon Street, Unit #5, Gladstone, OR	495 Clarendon Street, Unit #5, Gladstone, OR
S1-53408938	S3-638091750	India	India	Sulabh Park Public Limited	Park Sulabh Public Limited	E-17, Bassi Extension, Riico Industrial Area, Bassi, Jaipur, Rajasthan	#72 E-17, Jaipur, RJ
S1-895615486	S3-627123831	India	India	Technologies Vihari Energy Pvt Ltd	Technologies Vihari Pvt Ltd Center	Flat No-1-A Sagar Appartment-Near Indo Bharat School Jaipur In Shivshakti Nagar, Nirman Nagar Jaipur, Jaipur, Rajasthan	Flat No-001-a Sagar Appartment-near Indo Bharat School Jaipur In Shivshakti Nagar, Nirman Nagar Jaipur, Jaipur, RJ
S1-216107889	S3-384201325	US	US	Zebulon Community Peak Association	Zebulon Peak Association Center	320 Golden Plum Lane, Zebulon, NC	320 Golden Plum Ln, Zebulon, North Carolina
S1-241953869	S3-766959431	US	US	Dillard American Jab Clinic	Dillard  American Jab Clinic	NC, 10498 Independence Boulevard, Matthews	10498 Independence Boulevard, Matthews, North Carolina
S1-635014313	S2-913506984	India	India	Coronet Vidyalaya	M/s Coronet Vidyalaya	308, 3Rd Floor, Plot 208, Regent Chambers, Jamnalal Bajaj Marg, Nariman Point, Mumbai, Maharashtra	0308, 3RD FLOOR, PLOT 208, REGENT CHAMBERS, JAMNALAL BAJAJ MARG, NARIMAN POINT, MUMBAI, महाराष्ट्र
S1-332345412	S3-84875477	US	US	Desiri Mckenzie Heartland Cross Corporation	Mckenzie, Desiri Heartland Cross Corporation	830 Township Street, Unit 230, Sedro-woolley, WA	830 Township St, # 230, Sedro-Woolley, Washington
S1-568596859	S2-860711358	India	India	Rag Opticals Private Limited	RAG OPTICALS PRIVATE	K.V.Rangareddy, Hayathnagar, 4-8-118, Telangana	4-8-118, HAYATHNAGAR, Telangana
S1-652704468	S2-506127006	India	India	Indo Agro Private Limited	ಇಂಡೋ ಅಗ್ರೋ ಪ್ರೈವೇಟ್ ಲಿಮಿಟೆಡ್	S.Y No. 90/1A/104, First Floor, Gumast Colony, Ashram Road, Bijapur, Bijapur(Kar), Karnataka	S.Y NO. 90/1A/104, FIRST FLOOR, GUMAST COLONY, ASHRAM ROAD, BIJAPUR(KAR), BIJAPUR, Karnataka
S1-771408281	S3-427094632	US	US	Scott & Sheets Tungsten	The Scott & Sheets Tungsten	525 Ninth Street, Carrollton, OH	525 9st Street, Carrollton, Ohio
S1-709680302	S2-897879995	US	US	Dionne Manning United Monte LLC	Dionne Manning United Monte (LLC)	608 Copper Sage Drive, San Marcos, TX	COPPER SAGE DRIVE, SAN MARCOS, TX
S1-602134623	S3-300245029	US	US	Hughes Montessori School	Hughes Montessori School	Batesville, AR, 479 Woodmont Circle	479 Woodmont Cir, Arkansas, Batesville
S1-10593033	S3-175104398	India	India	Golden Global Private Limited	Golden Global Pvriaate Limited	Punjab, Brs Nagar Ludhiana, 263-G	263-G, Brs Nagar Ludhiana, Ludhiana, ਪੰਜਾਬ
S1-430786530	S2-190422124	India	India	Classic Software Private Limited	क्लासिक सॉफ्टवेयर प्राइवेट लिमिटेड	250, Type Iii, Ug Floor, B, Chattarpur, Phase - 2, South West Delhi, Delhi	250/4, TYPE III, UG FLOOR, B, CHATTARPUR, PHASE - 2, SOUTH WEST DELHI, Delhi
S1-35534730	S2-890817227	US	US	Catlin Gonzalez Great Partnership LLC	Catlin  Gonzalez Great Partnership	8206 Washita Drive, Austin, TX	8206 Washita Drive, AUSTIN, TX
S1-326702210	S3-135293261	US	US	Sanchez Fresh Restaurant PLLC	Sanchez Fresh Fresh (Restaurant)	117 Byers Road, Elizabethton, TN	117 Byers Road, Elizabethtno, Tennessee
S1-513621939	S2-884865788	US	US	Murray & Nelson Source	MURRAY &  NALSINO SOURCE	Seville Village, 10 Lafayette Street, OH	10 Lafayette Street, SEVILLE VILLAGE, OH
S1-593165516	S2-995734518	India	India	Services Optimal Digital	Services Optimal Digital Company	D.No.55/2, Tank Street, Thudiyalur Road, Coimbatore, Tamil Nadu	
S1-959712853	S2-55706362	India	India	Kkc Trading Private Limited	Kkc Trading Panriitae Limited	8-2-80, Flat No.203, Moghal Mayuri Apartments, Near Old Checkpost, Chintalkunta, Hyderabad, Telangana	Andhra Pradesh, 8-2-80, FLAT NO.203, MOGHAL MAYURI APARTMENTS, NEAR OLD CHECKPOST, CHINTALKUNTA, HYDERABAD
S1-153502238	S3-750070386	US	US	Plumbers Local Union 995	Plumbers Local-Union	2236 Van Cleave Drive, Dallas, TX	2236 Van Cleave Dr, Dallas, Texas
S1-80809956	S3-545910918	US	US	Benet	Benet Center	13209 Peters Road, Jacksonville, AR	13209 Peters Road, Jacksonville, Arkansas
S1-279928848	S2-411904996	US	US	Novance Defi, LLC	NOVANCE DEFI,	320 Dillwyn Road, Newark, DE	DILLWYN ROAD, NEWARK, DE
S1-714778896	S3-582090939	US	US	Laureen Franks Allied Zeo	Laureen Franks Franks Allied (Zeo)	421 57th Court, Ankeny, IA	421 57th Ct, N/A, Ankeny, Iowa
S1-560327591	S3-734387666	India	India	Chamunda Healthcare Limited	chamunda healthcare limited (#6938)	Door No.8-2-293/2/A/794, Plot No.794 Road No.40, Jubilee Hills, Hyderabad, Telangana	Door No.8-2-293/2/a/794., Plot No.794 Road No.40, Jubilee Hills, Hyderabad, TG
S1-153039139	S2-24059749	US	US	Direct Holding Inc	DIRECT INC CENTER	230 Pearl Street, Corning, NY	
S1-310879061	S2-973539494	India	India	Nanded Industries Private Limited	Nanded Industries Private Ltd	Flat No. 104, Padmaja, City, Fatte Jangpur, Nanded, Maharashtra	FLAT NO. 10 , PADMAJA, CITY, FATTE JANGPUR, NANDED, Maharashtra
S1-375426235	S2-141207426	US	US	Carrasquillo Automotive	Carrasquillo Carrasquillo Autoomtive	Barboursville, WV, 416 Peyton Street	PEYTON STREET, BARBOURSVILLE, WV
S1-766064835	S2-583596012	US	US	Guerrero Worldwide LLC	Guerrero-Worldwide	WI, 40095 13, Town Of Ashland	HIGHBRIDGE, WI, 0040095 13
S1-581131481	S2-157369284	India	India	Scientia Welfare Society	Scientia Welfare Society-Corporation	Plot No-Ai 85, Gf-1, Street No-27, Aa-1, New Town, North 24 Parganas, West Bengal	PLOT NO-AI 85, GF-1, STREET NO-27, AA-1, NEW TOWN, West Bengal
S1-383026197	S3-787026853	India	India	High Real It Limited	High रियल आईटी Limited	B-37 Lajpat Nagar, Moradabad, Uttar Pradesh	B-37 Lajpat Nagar, Moradabad, UP
S1-345883673	S3-37789048	India	India	LYA Oil Private Limited	LYA Private Oil Limited	Andhra Pradesh, Visakhapatnam, 50-111-1/1 Seethammadhara, Visakhapatnam (Urban), C/O Pudi Raja Harathi, Vishakhapatnam	C/o Pudi Raja Harathi, Visakhapatnam, AP
S1-553123200	S2-716217147	US	US	Womens Health Star Clinic	WOMENS  HEALTH STAR CLINIC	6414 Tracy Road, Atoka, TN	6414 1/2 TRACY RD, ATOKA, TN
S1-457123962	S3-178834078	US	US	Coleman Clean Insight LLC	Coleman Clean Insight L.L.C.	403 Autumn Drive, Oakwood, IL	403-D Autumn Drive, Danville Township, Illinois
S1-745997202	S2-71471439	US	US	Joyce Aldabra LLC	Joyce Aldabra-LLC	960 Us Route 2, Middlesex, VT	960 US ROUTE 2, MIDDLESEX, VT
S1-419000441	S3-768473196	US	US	Lian's Jewelers LLC	Lian's Jewelcers LLC	1214 Rainbow Drive, Towanda, KS	1214-1216 Rainbow Drive, Towanda, Kansas
S1-890565325	S2-218636262	US	US	Golden Surgical Co	Golden Surgical	MA, 134 A Brandeis Circle, Halifax	134 A- BRANDEIS CIR, HALIFAX, MA
S1-632329895	S2-761511478	US	US	Liberty Metropolitan Engineering	liberty metropolitan engineering	MO, Fl 0, Saint Louis, 5504 Butler Hill Road	5504 BUTLER HILL RD, SAINT LOUIS, MO
S1-961126728	S2-153444106	India	India	Universal Alpha Consultancy Limited	यूनिवर्सल अल्फा कंसल्टेंसी लिमिटेड	C/O Sou Pushpa Amol Korade H No 1730 A/P (Bk), Tal Junnar, Pune, Maharashtra	POONA, महाराष्ट्र, TAL JUNNAR, PUNE, C/O SOU PUSHPA AMOL KORADE H NO 173 A/P (BK)
S1-866674187	S3-78708230	US	US	First Diagnostics Inc	First Diagnostics Inc.	911 Bill Smith Boulevard, Upper Merion Township, PA	Upper Merion Township, NULL, Pennsylvania, 911 Bill Smith Boulevard
S1-492712256	S2-614617726	India	India	Galaxy Industries Pvt Ltd	गैलेक्सी इंडस्ट्रीज प्रा. लि.	C/O - Rajeev Kumar Sharma, Vill Tola - Dudhpura, Po Ps Block - Samastipur, Samastipur, Bihar	DOOR NO 164 C/O - RAJEEV KUMAR SHARMA, VILL TOLA - DUDHPURA, PO PS BLOCK - SAMASTIPUR, SAMASTIPUR, Bihar
S1-80247682	S2-436517447	US	US	Trusted Industrial Brands LLC	Trusted Industrial Brands [L.L.C.]	1951 River Oaks Drive, Calumet City, IL	1951  RIVER OAKS DR, CALUMET CITY, IL
S1-911392793	S3-74632779	US	US	Lumio Telecommunication Inc	Lumio Telecommunication  Inc	2981 Arroyo Drive, Fl 1, Chandler, AZ	2981 Arroyo Drive, Fl 1, Ocotillo, Arizona
S1-469195642	S2-717511520	US	US	Urology Elite Physicians LLC	Urology Elite Physicians L.L.C.	2315 Lola Avenue, Charlotte, NC	2315 LOLA AVENUE, CHARLOTTE, NC
S1-808298629	S2-165361835	US	US	Main Street Hair Studio	MAIN  STREET	400 Mill Street, Unit Suite 322, Amherst, NY	400 Mill Street, NY, BUFFALO
S1-742250808	S3-478633139	India	India	One Power Private Limited	वन पावर प्राइवेट लिमिटेड	Gat No.401, A/ P Savlaj, B V Road, Tasgaon, Sangli, Tasgaon, Sangli, Maharashtra	Gat No.01, Tasgaon, MH
S1-864535188	S3-643884801	US	US	Burke Flex, Inc	Burke Flex, (Inc)	70 Hogan Lane, Whitpain Township, PA	70 Hogan Ln, Whitpain Township, Pennsylvania
S1-43172944	S2-568220610	US	US	Martinez Medical Center P.C.	Martinez Medical Center [P.C.]	255 White Road, Frederick County, VA	WINCHESTER, 255 WHITE RD, VA
S1-183815449	S2-988327265	India	India	Services Shah Compa Pvt Ltd	Services Shah Compa Pvt Ltd	Buxer, Gunj, Bihar, Gaon- Samaharnalay Road, Ward No- 24 Vill- Buxer, Anchal- Buxer, Po- Gajadhar, 179	179, GAON- SAMAHARNALAY ROAD, WARD NO- 24 VILL- BUXER, ANCHAL- BUXER, PO- GAJADHAR, GUNJ, Bihar
S1-453513484	S2-628333653	India	India	Great Jai Properties Private Limited	ಗ್ರೇಟ್ ಜೈ ಪ್ರಾಪರ್ಟೀಸ್ ಪ್ರೈವೇಟ್ ಲಿಮಿಟೆಡ್	1St Floor, 3Rd Main, 12Th Block Nagarabhavi 2Nd Stage, Karnataka, No. 131, Bengaluru, Bangalore	DOOR NO 131, BENGALURU, BANGALORE, Karnataka
S1-82651354	S2-600932046	India	India	Patna Saburi Private Limited	Patna Saburi Private	Bihar, C/O Sameer Nath, Patna, Flat No-1/B-1, Kutir Encleve, Ranjan Path-4, Gola Road, Danapur, Patna	C/O SAMEER NATH, FLAT NO-1/B-1, KUTIR ENCLEVE, RANJAN PATH-4, GOLA ROAD, DANAPUR, PATNA, Bihar
S1-501747326	S3-806007605	US	US	Curtis and Williams LLC	Curtis	5430 Roadrunner Drive, Durant, OK	5430 Roadrunner Drive, Durant, OK
S1-906987066	S3-420030593	US	US	Urology Health LLC	Urology  Health LLC	4223 Foxhall Drive, Fl 1, Olympia, WA	4223 Foxhall Dr, Floor 1, Olympia, Washington
S1-768842718	S3-380366048	US	US	Chen Sterling Short Inc	ínc chen sterling short	746 Jim Brown Road, Ashdown, AR	746 Jim Brown Road, Ahsdown, Arkansas
S1-893312585	S2-437725964	US	US	Fresh Bike Shop	FRESH BIKE  SHOP CO	833 Lovell Road, Unit 52, Concord, TN	##833 LOVELL ROAD, KNOXVILLE, TN
S1-684298592	S2-869218591	US	US	Horizon Genomic Systems, Inc	HORIZON GENOMIC SYSTEMS, INC	1704 Hawkeye Dr, Unit APT 305, Boone, IA	1704 HAWKEYE DR, BOONE  CITY, IA
S1-706771482	S2-659657943	US	US	Kristien Bookman, DO	Kristien Bookman, DO Ltd	Flagstaff, AZ, 8795 Lunar Drive	8795 LUNAR DR, FLAGSTAFF, AZ
S1-29132228	S3-307069392	India	India	Tirupati Products Private Limited	Tirupati Products Private	Kamala Nagar Ward No.11, Baburi Road, Chandauli, Uttar Pradesh	##965 Kamala Nagar Ward No.11, Baburi Road, Chandauli, UP
S1-311564492	S2-693194300	US	US	Creative Soren	Creative Snrne	306 Brookside Court, Babylon, NY	306 BROOKSIDE COURT, BABYLON, NY
S1-934580036	S3-704640949	India	India	Good Ventures Pvt Ltd	Good Ventures Pvt	D-1149 Indra Nagar, Lucknow, Uttar Pradesh	D-1149- Indra Nagar, Lucknow, UP
S1-334207870	S2-387868	US	US	Creasman, Smart & Roman	Creasman Smart + Roman	9723 Forest Avenue, Chicago, IL	009723 FOREST AVENUE, CHICAGO, IL
S1-659797722	S3-153096770	US	US	Cascade Capital Partners	Cascade	1722 General Adams Avenue, Baton Rouge, LA	1722 General Adams Avenue, Baton Rouge, LA
S1-663359543	S3-261200636	India	India	Finance Raghuvanshi Life Private Limited	Finance Raghuvanshi Life Private  Limited	Survey No. 163, Khata No. 258, Sanathal Shantipura Road, Mouje Sanathal, Sanand, Ahmedabad, Gujarat	Door No 2-163, Ahmedabad, null, GJ
S1-957912451	S3-542246523	India	India	Hitech Developers Private Limited	Lumquoio	G-1302, Vvip Addresses, Ghaziabad, Uttar Pradesh	G-1302, Vvip Addresses, Ghaziabad, Uttar Pradesh
S1-769780792	S2-997987703	US	US	Nesbit Capital LLC	NESBIT CAPITAL LLC	245 High Street, Elkton, MD	HIGH ST, ELKTON, MD
S1-235043569	S3-718645218	India	India	Sarika Sports Ltd	Sarika Sports	B-190, Sector- 50, Noida, Uttar Pradesh	B-190, Sector- 50, Noida, UP
S1-243214057	S3-633781393	US	US	Terrill Federal Columbus	Terrill Federal	2422 Ashmore Avenue, Red Bank, TN	##2422 Ashmore Ave, Chattanooga, Tennessee
S1-690073009	S2-361014971	US	US	Cindie Jones Heartland Investment LLC	CINDIE JLGFONS HEARTLAND INVESTMENT LLC	8 Dunmore Road, Clarkstown, NY	#8 DUNMORE ROAD, NEW CITY, NY
S1-160994422	S3-220357873	US	US	Cornerstone Talent Innovations Inc	Cornerstone Talent Innovations	59 Emerson Street, Uniontown City, PA	59 Emersbn St, Uniontown City, Pennsylvania
S1-495832517	S2-662597024	India	India	Alpha Logistics Private Limited	ആൽഫ ലോജിസ്റ്റിക്സ് പ്രൈവറ്റ് ലിമിറ്റഡ്	21/536, Shees Apparel, Light House Road, Eriyad, Kodungallur, Thrissur, Kerala	PLOT 948 21/536, KODUNGALLUR, THRISSUR, Keralam
S1-270196731	S3-973843959	India	India	Tech Industries	Tech Industries Co	Patna, 1St Floor Apurvaradha Complex, Plot No.1, Bihar, Patna, C/O Sanjay Sinha S/O Lt. N B Sinha	C/o Sanjay Sinha S/o Lt. N B Sinha, Patna, BR
S1-424296889	S3-844688701	India	India	Adi Educational Society Limited	Adi Educational Society  Limited	R.K. Society Road Jyotinagar, 2Nd Mile Sevoke Road, Siliguri, Jalpaiguri, West Bengal	R.k. Society Road Jyotinagar, 2Nd Mile Sevoke Road, Siliguri, Jalpaiguri, WB
S1-116471019	S3-801712335	US	US	Searles Mustang LLC	Searles Mustang Llc	415 Northfield Boulevard, Unit A11, Murfreesboro, TN	Northfield Boulevard, # A11, Murfreesboro, Tennessee
S1-107342195	S2-904030866	India	India	Crescent Broadcasting	Crescent Broadcasting LLP	Plot No 1901, Aquamarine, Rainbow Vistas Rock Garden, Near Idl, Green Hills Road, Balanagar, K.V.Rangareddy, Telangana	PLOT NO 1901, AQUAMARINE, RAINBOW VISTAS ROCK GARDEN, NEAR IDL, GREEN HILLS ROAD, BALANAGAR, Telangana
S1-386917003	S2-11336561	India	India	Connex Power Private Limited	Private Connex Power Limited	74, Tamil Nadu, Bajannai Koil Street, Pullipakkam Village And Post, Chengalpattu, Kancheepuram	74, BAJANNAI KOIL STREET, PULLIPAKKAM VILLAGE AND POST, CHENGALPATTU, KANCHEEPURAM, Tamil Nadu
S1-394751270	S3-784567272	India	India	Fastflow (India) Sports	Dr Fastflow (India) Sports Corporation	Chennai, 2Nd Street, East Abiramapuram, No.5, Chennai, Tamil Nadu	No.5, Chennai, தமிழ்நாடு
S1-612091093	S2-824756522	India	India	HR Properties	HR  Properties	H. No.- 09, Gali No.- 01, Vilalge Garhi Shahpur, Noida, Gautam Buddha Nagar, Uttar Pradesh	H. NO.- 09, GALI NO.- 01, VFLALGE GARHI SHAHPUR, NOIDA, Uttar Pradesh
S1-428713644	S3-454318619	India	India	Guru Developers LLP	Guru LLP Developers	Door No:Cp Ix - 150/C, First Floor, Kattampally Road, Chirakkal P.O, Kannur, Kannur, Kerala	Door No:cp Ix - 150/C, First Floor, Kattampally Road, Chirakkal P.o, Kannur, Kannur, KL
S1-109056277	S2-204683169	India	India	RL Domestic Private Limited	rdprivate.com	A-610, 6Th Floor, Aditya Gateway, Plot No. 142, Scheme No. 139, Indore, Madhya Pradesh	INDORE, A-608, Madhya Pradesh, INDORE
S1-517460679	S3-212534790	India	India	Atlanta Sangh Co	Atlanta Co  Service	No. 5/72, Raja Nagar, Neelankarai, Chennai, Chennai, Tamil Nadu	No. 5/72, Raja Nagar, Neelankarai, Chennai, Chennai, TN
S1-253359828	S3-7868884	US	US	Snipes Interprivate LLC	snipesinterprivatecom	533 E Liberty St, Unit 216, Louisville, KY	E Liberty St, Unit 216, Louisville, Kentucky
S1-107774264	S2-512643776	India	India	My Shoe Associates	my shoe associates	Cherai, 3/681-A(Ua), Thayyil, Munambam, Ernakulam, Kerala	3/681-A(UA), THAYYIL, MUNAMBAM, CHERAI, Kerala
S1-47515766	S2-28709264	India	India	Patron Home Private Limited	Patron Home Private	Publicis House1-2 Aram Bagh Community Center, New Delhi, Central Delhi, Delhi	PUBLICIS HOUSE1-2 ARAM BAGH COMMUNITY CENTER, NEW DELHI, दिल्ली
S1-464551301	S3-348303188	US	US	2535 Lincoln Lane Holdings	2535 Lincoln Lane	2053 Willow Street, Supply, NC	Willow St, Supply, North Carolina
S1-928677583	S3-871571816	US	US	K 2 A Medical, LLC	K 2 A	1413 Wardmier Drive, Dayton, OH	1413 Wardmier Dr, Dayton, Ohio
S1-162917279	S3-882060686	US	US	Jose, Sarita C., MD	Belosyn DBA Jose, Sarita C., MD	502 Valley Dr, Hinton, IA	502 Valley Dr, Hinton, IA
S1-919617130	S2-626541145	US	US	Angleton, City Of	ANGLETON, CITY OF CO	813 Sunset Trail, Angleton, TX	13 SUNSET TRAIL, TX, ANGLETON
S1-635456009	S3-466990865	India	India	Anand Properties	आनंद Properties	Kanker Khera, Meerut, Uttar Pradesh, Meerut, A 105 Gayetri Enclave	A 105 Gayetri Enclave, Kanker Khera, Meerut, UP
S1-687313383	S2-192580447	India	India	Kani & Partners	Kani & Partner	202/203, Magnum Opusshanti Nagar Indl.Estate Vakola Santacruz East, Mumbai, Maharashtra	202/203, MAGNUM OPUSSHANTI NAGAR INDL.ESTATE VAKOLA SANTACRUZ EAST, Maharashtra
S1-696606871	S3-569761967	India	India	Mumbai (india) Private Limited	mumbaiindiaprivate.com	450 Kalbadevi Rd2 Sanjay Mansion, Mumbai, Maharashtra	450 Kalbadevi Rd2 Sanjay Mansion, Mumbai, MH
S1-808308847	S3-542585749	US	US	Ridge Homecare Group	Aviwex Co formerly: Ridge Homecare Group	15 Hasbrouck Drive, Unit Apartment H, West Haverstraw, NY	15 Hasbrouck Drive, Unit Apartment H, West Haverstraw, NY
S1-184196287	S2-738540700	India	India	Madurai Performing Co	Madurai Performing Company	573/16, Groud Flr Sengundram Nagar 4Th St Tce Road, Thirupparankundram, Madurai, Tamil Nadu	573/16, GROUD FLR SENGUNDRAM NAGAR 4TH ST TCE ROAD, THIRUPPARANKUNDRAM, MADURAI, Tamil Nadu
S1-971028255	S2-830018123	US	US	Woodrow Flexible	Woodrow Flexible	574 Clay Street, Village Of Wrightstown, WI	WRIGHTSTOWN, WI, 574 Clay St
S1-989945426	S2-974193220	US	US	Office of Transportation	Kórcaloaria	655 Hidden Prairie Court, Palatine, IL	655D HIDDEN PRAIRIE COURT, PALAATINE, IL
S1-80256388	S3-404459473	India	India	Eastern Developers Pvt Ltd	Eastern Deveopeers Pvt Ltd	Bangalore South, Sy No 158/1, Karnataka, Kambipura Village, Bangalore Rural	Sy No 158/1, Kambipura Village, Bangalore Rural, Bangalore South, KA
S1-943593485	S2-792040679	India	India	Raj Aditya Global Limited	RAJ ADITYA-GLOBAL LÍMITED	C/O Shri Abdulgous, Babalal Jmadar Post Kasab, Miraj, Sangli, Maharashtra	C/O SHRI ABDULGOUS, BABALAL JMADAR POST KASAB, MIRAJ, Maharashtra
S1-849322840	S3-764025610	US	US	Turlington, Olivette C., M.D.	Turlington, Olivette C.,  Center	5314 32nd Street, Lubbock, TX	32nd Street, Lubbock, Texas
S1-631092069	S2-38161481	US	US	Caril Collins, Ph.D., PC Center	Caril Collins-Ph.D. PC Center	106536 Onyx Drive, Mcloud, OK	ONYX DR, PO BOX 4971, MCLOUD, OK
S1-865241612	S2-410952617	US	US	Walters and Naab Creative	Walters and Naab Creative	32025 Pine Cone Drive, Running Springs, CA	RUNNING SPRINGS, 32025 PINE CONE DR, CA
S1-232262418	S2-783056115	US	US	Q X & L Green LLC	L.L.C. Q X & L GREEN	417 Samoa Dr, Bldg G, Iowa City, IA	#417 SAMOA DR, IOWA CITY, IA
S1-503859277	S3-776242397	India	India	Asg Finance	ASG Finance	Ernakulam, Kerala, Pranavam, Kokkappilly Post Thiruvamkulam	Pranavam, Ernakulam, Kokkappilly Post Thiruvamkulam, KL
S1-732140319	S2-558317114	US	US	Big Massage	big massage	1220 830, Logan City, UT	1220- 830, LOGAN, UT
S1-244468729	S3-39721972	India	India	Gauthami Traders Limited	Gauthami Traders Ltd	252 And 253/C Bangur Parkrishra P S Rishra, Hooghly, West Bengal	00252 And 253/C Bangur Parkrishra P S Rishra, Hooghly, WB
S1-457660760	S2-298847736	US	US	Gonzalez and Flores LLC	GONZALEZ FLORES  AND LLC	207 Bluegrass Drive, Campbellsville, KY	207- BLUEGRASS DR, CAMPBELLSVILLE, KY
S1-135695520	S2-991025325	India	India	Shahanshah Solutions Limited	Shri Shahanshah Solutions Ltd	Panvel, Maharashtra, Raigarh(Mh), Uma Tirth, Plot No. 64, Sector 16, Flat No. 204	#204  , UMA TIRTH, PLOT NO. 64, SECTOR 16, PANVEL, Maharashtra
S1-721504179	S3-742660612	India	India	Alva & Co	Dr Alva & Co	4/2, Floor- 4Th, Patel, Chambers, S M Haldankar Rd, Mumbai, Maharashtra	
S1-385002418	S2-873294130	India	India	Good Marketing Limited	गुड मार्केटिंग लिमिटेड	Plot No 422, Road No 6, Gali No-11 Mahipalpur Ext., Near Tnt, New Delhi, South West Delhi, Delhi	PLOT NO 42, SOUTH EAST DELHI, SOUTH WEST DELHI, Delhi
S1-820597585	S3-491257112	US	US	Barry Interests	Barry Partners	267 Lewis Street, City Of Havre De Grace, MD	267 Lewis St, Havre De Grace, Maryland
S1-55333520	S3-441472944	US	US	Best Marketing Enterprises Partners	#Bestmarketing	1756 Marshall Avenue, Evansville, IN	1756 Marshall Avenue, Evansville, Indiana
S1-875973484	S3-43819381	India	India	Digital Infrastructure Private Limited	ડિજિટલ ઇન્ફ્રાસ્ટ્રક્ચર પ્રાઇવેટ લિમિટેડ	B - 603, Shypram, Opp Flora Ixora, Daskroi, Ahmedabad, Gujarat	B - B3/603, Daskroi, Ahmedabad, GJ
S1-427670147	S2-509365503	US	US	Eudora's Apex Cafe	Cafe-Corporation Apex Eudora's	Merced, CA, 3128 Blue Bells Court	3128 BLUE BELLS CT, MERCED, CA
S1-670128245	S3-934047212	India	India	Presidency Trading Private Limited	Presidency-Trading Private Limited	Block E, Kolkata, Kolkata, West Bengal, 1/378 B. P. Township, Howrah	পশ্চিমবঙ্গ, 1/378 B. P. Township, Block E, Kolkata, Howrah, Kolkata
S1-736521450	S3-331976400	India	India	Bhubaneswar Infoweb Private Limited	Bhubaneswar Infoweb Private Ltd	Kanan Vihar Phase-Ii, Khordha, Orissa, Hig-128, Bhubaneswar	Hig-828, Bhubaneswar, Khordha, OD
S1-136153539	S3-528131735	US	US	Grand Legacy Medicines, Inc	Grand Legacy	3433 Greensport Road, Ashville, AL	Ashville, 3433 Greensport Rd, Alabama
S1-439673261	S3-839278515	US	US	Midwest Iron, Inc.	Midwest  Iron Inc.	14 Manor Lane, Babylon, NY	14 Manor Ln, Copiague CITY, New York
S1-295993511	S3-432454950	India	India	Genesis Software Kolkata Private Limited	>> genesis software kolkata private limited	9/12 Lal Bazar Stblock B 3Rd Floor, Kolkata, Calcutta, West Bengal	Door No 9/12 Lal Bazar Stblock B 3Rd Floor, Calcutta, Kolkata, পশ্চিমবঙ্গ
S1-260861103	S2-988385828	India	India	Carry Software Pvt Ltd	CARRY CARRY SOFTWARE PVT LTD.	No 143, Dr, Mgr Road, Kandhanchavadi, Perungudi, Saidapet, Kanchipuram, Tamil Nadu	NO 143, DR, MGR ROAD, KANDHANCHAVADI, PERUNGUDI, SAIDAPET, தமிழ்நாடு
S1-404098801	S2-148183989	US	US	Universal Education Partners	Universal Education Partners Co	301 Brandon Road, Hoyt Lakes, MN	301 BRANDON ROAD, HOYT LAKES, MN
S1-122849355	S2-241319310	India	India	Al Estate Private Limited	Al-Estate Private Ltd	Trifecta Adatto, 21, Itpl Main Road, Gurudachar Palya, Mahadevapura, Whitefie, Ld, Bangalore, Karnataka	TRIFECTA ADATTO, 21, ITPL MAIN ROAD, GURUDACHAR PALYA, MAHADEVAPURA, WHITEFIE, LD, BANGALORE, PEENYA, Karnataka
S1-587409405	S3-308588268	India	India	Vaayuendra Krishak Ltd	vaayuendra krishak ltd	House No. 17, Sector-19, Vpo Amberhai, Dwarka, New Delhi, West Delhi, Delhi	Plot 153 House No. 17, DL, New Delhi, West Delhi
S1-88748864	S2-245987378	US	US	7 17 City LLC	7 17	512 Sheath Circle, Lebanon, TN	512 SHEATH CIR, LEBANON, TN
S1-464966108	S3-334107708	US	US	Prime Summit Fitness LLC	>> Prime Summit Fitness [Llc]	1136 Land Grant Road, Charlotte, NC	1136 Land Grant Road, Charlotte, North Carolina
S1-624631105	S3-356817589	US	US	X 4 Rapid Greenland Corp	X Rapid Greenland Corp Services	36 Old Stamford Road, New Canaan, CT	
S1-115126566	S2-775628059	India	India	UEI Clubs Private Limited	Limited UEI Clubs Service	Awfis Myscape Weave, Ground Floor, Financial District, Nanakramguda, Seri Lingampally, K.V.Rangareddy, Telangana	AWFIS MYSCAPE WEAVE, GROUND FLOOR, FINANCIAL DISTRICT, NANAKRAMGUDA, K.V.RANGAREDDY, SERI LINGAMPALLY, Telangana
S1-740792542	S3-683849889	US	US	Valley Canadian Inc	Valley Canadian Inc	1506 Mallard Drive, Michigan City, IN	1506 Mallard Dr, Michigan City, Indiana
S1-899416573	S3-971658734	India	India	Kish International Private Limited	KISH INTERNATIONAL PRIVATE LIMITED	C-4/29, Dda Flats East Of Kailash, New Delhi, Delhi	Dda Flats East Of Kailash, C-4/29, DL, New Delhi
S1-820699176	S2-434112688	US	US	CN Home Care Inc	*** CN H0me Care	101 -101 Montford Court, Virginia Beach City, VA	101 -101-105 MONTFORD COURT, VIRGINIABEACH, VA
S1-177453074	S2-676193868	US	US	Physical Therapy Associates	Physical  Therapy Associates	TX, Austin, 7508 Shadywood Drive	SHADYWOOD DRIVE, AUSTIN, TX
S1-325868521	S2-479814343	India	India	Apex Consultancy Private Limited	APEX CONSULTANCY PDIVGOATE (LIMITED)	9 Dda Market, Katwariasarai, Delhi, South Delhi, Delhi	H.NO 009 DDA MARKET, KATWARIASARAI, DELHI, Delhi
S1-895315847	S2-252807547	India	India	Dream Prime Infra	ड्रीम प्राइम इंफ्रा	C/123/7Purdilpur Gorakhpur, Uttar Pradesh, Gorakhpur, Uttar Pradesh	C/B3/123/7PURDILPUR GORAKHPUR, GORAKHPUR, AZAMGARH, Uttar Pradesh
S1-721392902	S2-471176150	US	US	Almanza, Watson and Luna, LLC	Almanza, Watson and Luna,	2512 Hemel Drive, Pella, IA	2512 HEMEL DR, PELLA, IA
S1-528266979	S2-95159614	India	India	Chennai Textiles Private Limited	Chennai Textiles Private	Old No. 48/2-B & New No 37, Ground Floor Paddy Field Road, Perambur, Chennai, Chennai, Tamil Nadu	764 & NEW NO 37, GROUND FLOOR PADDY FIELD ROAD, PERAMBUR, CHENNAI, CHENNAI, Tamil Nadu
S1-357383553	S2-835567333	US	US	Mio LLC	@mio	7714 Palo Verde Avenue, Fontana, CA	7714 PALO VERDE AVE, FONTANA, CA
S1-6121821	S3-719934116	India	India	Begusarai Estates Pvt Ltd	Begusarai Estates Pvt	C/O Rajeev Kumar, Begusarai, Bihar, Saistabad, Bagrahadih, Begusarai	Block F-201 C/o Rajeev Kumar, East Region Bhagalpur, Begusarai, बिहार
S1-412784823	S2-49521798	India	India	Healthcare Biopharma Private Limited	Shri Hea1thcare Private Limited Center	37, K Block, Sriganganagar, Ganganagar, Rajasthan	Rajasthan, 37, K BLOCK, SRIGANGANAGAR
S1-918960194	S2-684100730	India	India	Producer Skipper Agro Ltd	@PRODUCERSKIPPER	1386, Shop No.8 Chawla Market, Main Road, Gandhi Nagar, Delhi, East Delhi, Delhi	H.NO 378 1386, SHOP NO.8 CHAWLA MARKET, MAIN ROAD, GANDHI NAGAR, DELHI, दिल्ली
S1-673265754	S2-932312370	US	US	Starr, Driver and Anaya Services Inc	STARR,  DRIVER AND ANAYA SERVICES INC	2304 189th Avenue, Vancouver, WA	
S1-545947625	S2-610055149	US	US	Green Chemical Company	6reen Chemical Company	6320 Union Hills Drive, Unit 1400, Glendale, AZ	632 UNION HILLS DRIVE, GLENDALE, AZ
S1-642963219	S3-978034759	US	US	Buchanan Apparel, LLC	Buchanan LLC Service	112 Buenos Aires Drive, Del Rio, TX	Del Rio, 812 Buenos Aires Drive, Texas
S1-857601907	S2-563417347	US	US	Genna W. Skoglund, M.D.	Genna W.-Skoglund,	13526 Pecan Oak Drive, Houston, TX	13526. PECAN OAK DR, HOUSTON, TX
S1-736122192	S3-150863201	India	India	Sky Infrastructure Private Limited	Sky Infrastructure Private  Limited	D.No. 1-1297, Sri Nagar Colony, Anantapur, Andhra Pradesh	D.no. 1-1297, Anantapur, AP, Anantapur
S1-189700205	S2-132392326	US	US	Brooks Strategic Union	Brooks  Strategic Union Corp	1994 Melody Oaks Trail, IA, Missouri Valley	1994 MELODY OAKS TRAIL, MELODY OAKS, IA
S1-569763554	S2-746698507	US	US	Oncology Physicians of Phoenix	>> Oncology  Physicians	4533 Granada Road, Phoenix, AZ	4533. GRANADA ROAD, MARYVALE, AZ
S1-150974723	S3-409234452	India	India	Indian Care Limited	Limited Indian Care	G No. 472, R, Nagar, Tal- Khed, Dhore Bhamburw, Pune, Maharashtra	Pune, G No. 472, MH, Pune
S1-455610886	S3-476684172	US	US	S W Westmoreland Ultra LLC	S W  Westmoreland Ultra LLC	150 Wyman Street, Woburn, MA	150 Wyman St, Woburn, Massachusetts
S1-849952904	S2-53641882	US	US	Estella Gibbs Media	Este1la Gibbs Média LP	3936 Ashton Woods Drive, Moorefield, WV	3936A ASHTON WOODS DR, MOOREFIELD, WV
S1-710559572	S2-539745245	India	India	Samrat You Limited	syóu.com	Plot No:- A-140 Saheed Nagar, Bhubaneswar, Khordha, Orissa	PLOT NO:- A-140 SAHEED NAGAR, BHUBANESWAR, KHORDHA, Odisha
S1-416991731	S2-39689771	India	India	Chadrapur Resorts Private Limited	CHADRAPUR-RESORTS PRIVATE	Chandrapur, C/O Shri Ashok Jiotod 19/2, Chadrapur, Maharashtra, Saibaba Ward Shrileela Building, Civil Line	HN 732 C/O SHRI ASHOK JIOTOD 19/2, SAIBABA WARD SHRILEELA BUILDING, CIVIL LINE, CHADRAPUR, Maharashtra
S1-387138515	S3-392687004	US	US	Dynamic Analytics Industries LLC	Dynamic Industries LLC 5érvice	87978 Sherwood Street, Veneta, OR	87978 Sherwood St, Veneta, Oregon
S1-964667539	S3-47771625	India	India	CAS Solutions Private Limited	Cas-Solutons Private Limited	Ramnath Society, B/H Savji, Bathiya Chowk, Khambhalia, Kalavad, Jamnagar, Gujarat	Ramnath Society, B/h Savji, Bathiya Chowk, Khambhalia, Kalavad, GJ
S1-766734926	S2-206216355	US	US	Cruz Secure Soulpower PC	Cruz Secure Soulpower Pc	1573 4290 Road, OK, Big Cabin	1573 4290 RD, BIG CABIN, OK
S1-300231736	S3-559901728	India	India	Satyam Grid (India) Care	Sri Satyam Grid (India) Care LLP	So Sh O P Upadhyay, N 3, Sector 12, Ghaziabad, Uttar Pradesh	Door No 555 So Sh O P Upadhyay, N 3, Sector 12, Ghaziabad, UP
S1-39789042	S2-937905518	India	India	Sankalp Services Private Limited	sankalp services private limited	D 194 First Floor, Okhla Phase 1, New Delhi, South Delhi, Delhi	D 194 FIRST FLOOR, OKHLA PHASE 1, NEW DELHI, Delhi
S1-392804622	S3-313725898	India	India	Dream Care Private Limited	Dr Dream Care Private  Limited	214/Mr 05, Mahalaxmi Nagar, Pipalya, Indore, Madhya Pradesh	No 214/Mr 05, Mahalaxmi Nagar, Pipalya, Indore, MP
S1-663641061	S2-608545205	US	US	HZ Metro Lane Inc	Inc HZ Metro Láne	1503 P Avenue, Mankato, KS	1503 P Avenue, MANKATO, KS
S1-96512205	S2-708976588	US	US	Heritage Design Union Associates	HERITAGE DESIGN UNION ASSOCIATES	3102 Lawndale Drive, Unit L, Greensboro, NC	LAWNDALE DR, GREENSBORO, NC
S1-950388693	S3-560379080	India	India	Pune City Investments Corporation	Corporation Pune Cíty Investments	S No 307, Office No 204, Plot No A Kumar Primus, Nr Shantingar Ramtekadi, Pune City, Pune, Maharashtra	#715 S No 307, Pune, Pune City, महाराष्ट्र
S1-220176783	S2-259529270	US	US	Dewitt Animal Hospital	Dewitt Ánimal Hospital	414 Old Kellogg Road, Cincinnati, OH	
S1-911539318	S2-245185270	US	US	Mountain Mountain Hyperliquid	Mountain Mountain Hyperliquid Inc	22 Belpre Place, Dayton, OH	22 BELPRE PLACE, DAYTON, OH
S1-121804935	S2-51653270	India	India	Shree Data Limited	Limited Shree Data	59B, Phase 1, 1 & 2Nd Floor Mrm Complex, Poonamallee High Road, Velappanchavadi, Chennai, Tamil Nadu	59, CHENNAI, Tamil Nadu
S1-493946843	S3-979272319	India	India	Exports Dnp Telesystems-Haveli	Exports-Dnp	Signor Bldg A1 Flat No. 204, S. No. 273/1, Opp Orital Hotel, Haveli, Pune, Maharashtra	
S1-790778316	S2-377069514	US	US	Christ Ministries	Christ Ministries	11201 182nd Street, Puyallup, WA	11201 182nd Street, PUYALLUP, WA
S1-45166502	S2-729638292	US	US	Onken, Russ & Balderas, LLC	Onken, Russ & Balderas, L.L.C.	Lakewood, 7236 Interlaaken Drive, WA	07236 INTERLAAKEN DRIVE, LAKEWOOD, WA
S1-440716711	S2-714539853	US	US	Behavioral Health Complete Care LLC	Behavioral Health Complete	83 Seawright Springs Road, Augusta County, VA	82 SEAWRIGHT SPRINGS RD, AUGUSTA COUNTY, VA
S1-403507055	S2-256801005	India	India	Pune City Nidhi Corporation	Pune City Nidhi	Pune, Sr.No.17/1A/1, (P)Goodwill Square, Havei, Maharashtra, Unit No-126, Pune City	महाराष्ट्र, UNIT NO-126, SR.NO.17/1A/1, (P)GOODWILL SQUARE, HAVEI, PUNE CITY
S1-77202419	S3-78489854	US	US	Business Freight Digital	Business Freight Digital	4525 Rose Drive, Eloy, AZ	Rose Drive, Eloy, Arizona
S1-683471182	S3-144839466	US	US	Martinez, Juarez and Burns LLC	martinezjuarezburns.com	800 Woodland Court, Knoxville, TN	800 Woodland Court, Knoxville, Tennessee
S1-724088018	S2-180743490	India	India	Maru Seva Samiti	Maru Seva Samiti Corp	4614-16 Main Road, Pahari Dhiraj, Sadar Bazar, New Delhi, Delhi	#4614-16 MAIN ROAD, PAHARI DHIRAJ, SADAR BAZAR, दिल्ली
S1-162878286	S3-261274107	US	US	Shaw Better Yhn Inc	Onyxdrexavi formerly: Shaw Better Yhn Inc	Campbell County, VA, 5228 Lawyers Road	5228 Lawyers Road, Campbell County, VA
S1-538972340	S3-45323358	US	US	Peridance Paper Inc.	Peridance  Paper	1911 Deepwood Street, Mesquite, TX	9911 Deepwood St, Mesquite, Texas
S1-623440253	S3-549542148	US	US	Padilla Stonebridge, LLC	Padilla Stonebridge,-LLC	1003 Santa Maria Street, Garden City, UT	1003 1/2 Santa Maria St, Garden City, Utah
S1-399311392	S3-386703439	India	India	Shivay Smarttech Private Limited	Shivay Smarttech  Private Limited	Kh No. 441 K Vill-Bani Banthra Sarojini Nagar, Lucknow, Uttar Pradesh, Lucknow	Kh No. 441 K Vill-bani Banthra Sarojini Nagar, Lucknow, उत्तर प्रदेश
S1-844808638	S2-905402021	India	India	Ayyappa Online Private Limited	AYYAPPA ONLINE PRIVATE LIMITED	C/O Haridas Paul, Bowripara, Sukanta Nagar Sheoraphuli, Hooghly, Kolkata, Hooghly, West Bengal	C/O HARIDAS PAUL, BOWRIPARA, SUKANTA NAGAR SHEORAPHULI, HOOGHLY, KOLKATA, পশ্চিমবঙ্গ
S1-25953097	S2-181733304	US	US	Mufi Hull Goldman Group	Mufi Mufi Hull	18121 Coldwater Road, Huntertown, IN	18121. COLDWATER RD, HUNTERTOWN, IN
S1-639257726	S2-60125541	US	US	Kern United Tribeca Inc	INCORPORATED KERN UNITED TRIBECA	3010 1777, Royse City, TX	1777, ROYSE CITY, TX
S1-960905168	S2-600450017	India	India	Tc Engineers Private Limited	Sri Tc Limited Private Engineers	14- Netaji Subhash Road 1St Floor, Room-114, Kolkata, Kolkata, Howrah, West Bengal	#14- NETAJI SUBHASH ROAD 1ST FLOOR, ROOM-114, KOLKATA, KOLKATA, West Bengal
S1-205398117	S2-680576042	US	US	Metro League III	Metro League III LLC	Lake Forest, 580 Buena Road, IL	580 Buena Rd, LAKE FOREST, IL
S1-568743877	S3-487486143	US	US	Eastern Prime Patriot Inc	Eastern Prime Pfadtrt Inc	OH, Prospect, 1361 Bethlehem Road	1361 Bethlehem Rd, Prospect, Ohio
S1-849337511	S2-45713640	US	US	Mabelle R. Davis, L.C.S.W., M.D., P.C.	mabellerdavis.com	NC, Lincolnton, 117 Oldwell Lane	17 OLDWELL LN, LINCOLNTON, NC
S1-644093732	S3-617823218	US	US	Moody Americas Care	Moody Care  Americas	7 Madison Park Gardens, Bldg Upper, North Hempstead, NY	7 Madison Park Gardens, Bldg Upper, North Hempstead, New York
S1-58859511	S2-192211422	US	US	Desert Cascade Mfa LLC	DESERT CSACDE MFA LLC	3414 55th Avenue, Unit 403, Hyattsville, MD	
S1-883452220	S3-608134527	India	India	NL Pharmaceutical Limited	Nl Pharmaceutical Limited	H No 1233 Jakadevi, Ratnagiri, Maharashtra	#1233 Jakadevi, Ratnagiri, MH
S1-945042131	S2-878060470	India	India	Super Projects	Super Projects Ltd	Gandhi Nagar Colony, Bidar Having Cmc No. 17-3-126, Bidar, Karnataka	DOOR NO 00136 GANDHI NAGAR COLONY, BIDAR HAVING CMC NO. 17-3-126, BIDAR, N/A, Karnataka
S1-124371360	S3-510168066	India	India	Yamuika Vanijya Private Limited	Yamuika Vnmya Private Limited	29, Jelia Para Lane Salkia, Howrah, West Bengal	
S1-824120948	S2-377748334	US	US	Persaud Centurion Inc	Persaud Centurion-Inc	8702 Maplelawn Drive, Boston, NY	8702 MAPLELAWN DRIVE, BOSTON, NY
S1-878685224	S3-416458784	US	US	Madalena J. Christman, O.D.	Madalena J. Christman, O.D. Corp Corp	8238 Ford Springs Road, Bentonville, AR	
S1-92781805	S3-212924601	India	India	Pathak Fund Company	Dr Pathak Company  Fund	B/101, Dahisar Accord Chs Ltd, J. S. Rd Gomant Nagar, Rustomjee Arcade, Dahisar W, Mumbai City, Maharashtra, Mumbai	महाराष्ट्र, Bolck D-10 B/101, Mumbai City, Mumbai
S1-445054592	S2-442412443	US	US	Beard Vanguard Planet LLC	Beard  Vanguard	495 Highland Avenue, Hermiston, OR	OR, HERMISTON, 195 HIGHLAND AVENUE
S1-412826619	S3-458282035	US	US	Desert Precision Elm	Desert Percdncon Elm	1655 Liberty Street, Hanover Park, IL	1655 Liberty Street, Hanovr PARK, Illinois
S1-126420707	S3-302409033	India	India	Seven Universal Logistics Private Limited	Seven Unnverscl Logistics Private (Limited)	Building No.- 55, Panchkuian Road, Connaught Place, Near Rk Ashram Metro St, Delhi, Central Delhi, Delhi	Buildnig No.- 55, Panchkuian Road, Connaught Place, Near Rk Ashram Metro St, Delhi, Central Delhi, दिल्ली
S1-408194744	S3-490730010	India	India	Matrix Consultants	Matrix Consultants	Iii-F-71/ 6A, Uttar Pradesh, Ghaziabad, Nehru Nagar	Iii-f-11/ 6A, Ghaziabad, उत्तर प्रदेश
S1-555016129	S2-534543588	US	US	Ellis Smart Genesis	Ellis Genesis Center	732 Moore Road, Charleston, TN	732 MOORE RD, CHARESTON TOWNSHIP, TN
S1-352238301	S2-721750050	US	US	Ridge Cascade Cosmetics LLC	cascaderidgecosmetics.com	1064 Rainbow Drive, Fl 0, Saint Louis, MO	1064 RAINBOW DR, SAINT LOUIS, MO
S1-191874708	S3-521409511	India	India	Sky Systems Private Limited	स्काई सिस्टम्स प्राइवेट लिमिटेड	Lsc Pocket-A Sector-A Vasant Kunj-70, New Delhi, Delhi	Lsc Pocket-a Sector-a Vasant Kunj-70, New Delhi, <NULL>, दिल्ली
S1-845369026	S2-435313962	US	US	Ceque Aeon PC	CEQUE  AEON	7031 Pacific Avenue, Tacoma, WA	PACIFIC AVENUE, TACOMA, WA
S1-807576603	S3-279839852	US	US	Physical Therapy Physicians Inc	Physical  Therapy Physbicasn Inc	4392 Congdon Road, Williamson, NY	4392 Congdon Rd, Williamson, New York
S1-598918071	S3-955995835	US	US	Optimal Network Products	Optimal-Network-Products	230 Fairgrounds Road, Lucasville, OH	230 Fairgrounds Road, Lucasville, Ohio
S1-666511874	S2-256260313	US	US	Landis Summit Yield L.L.C.	Landis Sust Yield L.L.C.	459 6th Street, Donora Borough, PA	459 SIXTH ST, DONORA, PA
S1-9171240	S3-730939204	India	India	Splendor Holdings	Splendor Ltd	B 7 / 182, Phase Iv, Gf Aya Nagar, New Delhi, South Delhi, Delhi	B ##7 / 182, Phase Iv, Gf Aya Nagar, New Delhi, South Delhi, DL
S1-13969217	S3-427324726	US	US	Golden Ice Cream	Golden Ice Cream Corporation	4357 Reflection Place, Valparaiso, IN	Reflection Pl, Valparaiso, Indiana
S1-179500438	S3-94616939	US	US	Urology Signature Center of Jeffersonville Inc	Jaxvio dba Urology Signature Center of Jeffersonville Inc	3104 Holmans Lane, Unit 75, Jeffersonville, IN	3104 Holmans Lane, IN, Jeffersonville, Unit 75
S1-457395654	S2-766486529	US	US	Mercy A. Jensen, CPA	mercyajensen.com	628 Aylesbury Drive, Virginia Beach City, VA	#628 AYLESBURY DRIVE, VIRGINIA  BEACH, PO BOX 9356, VA
S1-885551614	S2-397170831	India	India	Swing Holdings	Swing Company	C/C-37, Peoples Co-Oprative Colony Ps- Kankarbagh, Patna, Bihar	C/C-3-37, PEOPLES CO-OPRATIVE COLONY PS- KANKARBAGH, Bihar
S1-321643392	S3-254111805	India	India	Life Shipping Limited	LIFE SHIPPING LIMITED	Kh.No. 26/21/1 Ground Floor, Shahbad Extn, Delhi, North West Delhi, Delhi	Kh.no. 26/21/1 Ground Floor, Shahbad Extn, North West Delhi, Delhi, DL
S1-210022888	S3-422679264	India	India	Anand Marketing Private Limited	Anand	Nagpur, Verma Layout Behind Dharampeth Science College, H No. 1977/22, Maharashtra	H No. 1977/22, Verma Layout Behind Dharampeth Science College, Nagpur, Maharashtra
S1-869269355	S2-460791566	India	India	Krishna & Co	KRISHNA & CO	S/F No, 116/C, Sellappampalayam, Udamalpet, Coimbatore, Tamil Nadu	H.NO 457 S/F NO, 116/C, SELLAPPAMPALAYAM, UDAMALPET, Tamil Nadu
S1-213109461	S3-33404152	US	US	Cornish Xsolla Inc	Cornish Xtlla Ínc	907 Washington Street, Sherman, TX	Washington St, PO Box 4294, Sherman, Texas
S1-543651764	S3-467803880	India	India	Bodhi Cetp Private Limited	M/s Bodhi Cetp Private Límited	23-15-10-1/3, Nannaya Street, Rajahmundry (Urban), East Godavari, Andhra Pradesh	#84 23-15-10-1/3, Rajahmundry (Urban), East Godavari, AP
S1-487064942	S3-324232656	US	US	Urban Coffee	Urban Coffee Center	331 2nd Street, Lindsborg, KS	331 2nd St, Lindsborg, Kansas
S1-966259290	S3-751933004	US	US	Clyeon Futurecrest	CLYEON FUTURECREST	201 44th Street, Unit Apt 110, Ankeny, IA	201 44rd St, # Apt 110, Ankeny, Iowa
S1-20325803	S2-374747497	India	India	Red Hospitality Private Limited	रेड हॉस्पिटैलिटी प्राइवेट लिमिटेड	Lgf-109, Sector-28 Golf Course Road, Gurgaon, Haryana	LGF-109, GURGAON, हरियाणा
S1-910873148	S3-536588537	India	India	Samprati Seas Private Limited	Noviquohalo doing business as Samprati Seas Private Limited	20, 8Th Cross Nabo Nagar, Bannerghatta Road, Bangalore, Karnataka	20, 8Th Cross Nabo Nagar, Bannerghatta Road, Bangalore, Karnataka
S1-286869812	S3-946271919	India	India	KX Services Pvt Ltd	KX Services Pvt Ltd.	301, Fortune Classic 15Th Road, Khar (W), Mumbai, Mumbai City, Maharashtra	G-301, Fortune Classic 15Th Road, Khar (W), Mumbai City, Mumbai, MH
S1-955335988	S3-707757248	US	US	Beasley Royal Fashion	Beasley Fashion Róyal Róyal	718 Carlton Road, Stokesdale, NC	Stokesdale, 718-D Carlton Road, N/A, North Carolina
S1-746094338	S2-67916665	US	US	Northern Mountain Technologies	Northem Technologies Mountain	New Albany, OH, 8455 Morse Road	MORSE ROAD, NEW ALBANY TOWNSHIP, OH
S1-874543043	S3-404502827	US	US	Coastal Pioneer Acadia	Coastal-Pioneer Acadia	638 Sweet Leaf Place, Chesapeake City, VA	638 Sweet Leaf Pl, Chesapeake, Virginia
S1-2154699	S3-221291980	India	India	Lotus Software Limited	Lotus Software Ltd	5/100, Viram Khand Gomti Nagar, Lucknow, Uttar Pradesh	5/100, Viram Khand Gomti Nagar, Lucknow, UP
S1-399082093	S3-192762652	US	US	Nobrius Inc.	Ínc. Nobrius	2100 Patton Street, Kingsport, TN	2100 Patton St, Kingsport, Tennessee
S1-547183395	S3-440629652	US	US	Saex Global	Saex Global	55 Leawood Lane, Attleboro, MA	Attleboro, Massachusetts, 55 Leawood Lane
S1-353143108	S3-59855718	US	US	Creative Investment Works Corp	Synectoorbi t/a Creative Investment Works Corp	14401 Sommerville Court, Chesterfield County, VA	14401 Sommerville Court, Chesterfield County, VA
S1-8083020	S2-653991500	US	US	W 7 Peak Cross LLC	LLC W 7 Penka Cross	2234 Bienville Boulevard, Dauphin Island, AL	234 BIENVILLE BLVD, DAUPHIN ISLAND TOWNHSIP, AL
S1-525847294	S2-450533608	India	India	East Exports Private Limited	ईस्ट एक्सपोर्ट्स प्राइवेट लिमिटेड	H.No.214, 2Nd Floor, Pocket-1 Sector-25, Rohini, North West, Delhi	H.NO.A-214, NORTH WEST, ROHINI, Delhi
S1-918495535	S3-605383632	US	US	Value Jab LLC	Value  Jab [LLC]	1264 Sheridan Drive, Unit C, Lancaster, OH	1264 Sheridan Dr, Lancaster, Ohio
S1-396086190	S2-123262291	US	US	Biverva	Biverva	50780 Michigan Street, South Bend, IN	50780 MICHIGAN STREET, SOUTH  BEND, IN
S1-168199199	S3-63511773	US	US	Steere, Quinones and Davis Central Inc	Steere, Quinones And Davis Central ínc	DC, Unit 136, Washington, 2500 Q Street	2500 Q Street, # 136, Washinngton CITY, District of Columbia
S1-616462709	S3-591287301	India	India	Pune Education Ltd	Pune Ltd Center	A/P Koregaon, H. No. 479, Tal Shirur, Dist Pune, Pune, Maharashtra	Hn 853 A/p Koregaon, Pune, MH
S1-452322491	S2-697209485	US	US	Royal Textile Dynamics LLC	Royal Dynamics  LLC Center	20075 Twisted Pine Drive, Black Forest, CO	BLACK FOREST, 20075 TWISTED PINE DRIVE, CO
S1-768889557	S3-381932947	India	India	Aggregate Leasing Private Limited	Aggregate Leasing Private Ltd	32/13 Padippura Trade Ctr, Kozhikkode Road, Perinthalmanna, Malappuram, Malapuram, Kerala	No 32/13- Padippura Trade Ctr, Kozhikkode Road, Perinthalmanna, Malappuram, Malapuram, Keralam
S1-537568465	S2-128707531	US	US	# 2 OG Capital Group	# 2 OG Capital LLC	Woodbury, 4720 Wild Canyon Drive, MN	4720  Wild Canyon Drive, WOODBURY, MN
S1-304314115	S3-923626062	US	US	Todao LLC	Todao LLC Services	1324 Cr 15, Harrod, OH	1324 Cr 15, Liberty Twp, Ohio
S1-731915719	S3-952487353	India	India	Tirunelveli Solutions Corporation	Tirunelveli  Solutions	4/148, Shanthi Nagar Palayamkottai, Tirunelveli, Tamil Nadu	4/148, null, Tirunelveli, Tirunelvali, TN
S1-567548647	S2-952512617	US	US	Mandelbaum Midwest Calisa LP	Mandelbaum Midwest Calisa Lp - 2866322937	10931 Sun River Falls Drive, Humble, TX	#10931 SUN RIVER FALLS DRIVE, HUMBLE, TX
S1-746021354	S3-269776050	US	US	New Life Ministries Corp	New Life Ministries Corp.	CA, Sacramento, 3259 Norwood Avenue	3259 Norwood Ave, NULL, Sacramento, California
S1-369377703	S2-364851754	India	India	Simply & Sons Private Limited	Private Simply & Srclns Limited	No. 5, 1St Floor, Parvathama Krishnamurthy Bldg., Hennur Main Road, Kothanur Post, Bangalore, Karnataka	NO. 5, 1ST FLOOR, PARVATHAMA KRISHNAMURTHY BLDG., HENNUR MAIN ROAD, KOTHANUR POST, BANGALORE, Karnataka
S1-136813636	S3-766346498	India	India	Ess Technologies Private Limited	Ess Private Limited Services	Village Takari Post Bhachadia Simalwara, Dungarpur, Rajasthan	Village Takari Post Bhachadia Simalwara, Dungarpur, RJ
S1-903802051	S3-911165777	US	US	Brightance Capital LLC	LLC Brightance Capital	3121 Welcome Road, Chesapeake City, VA	3121 Welcome Road, Chesapeake City, Virginia
S1-189879085	S3-548207718	US	US	Quality Atlantic Drive-Brunswick City	Quality Atlantic Drive-Brunswick City Co	1976 Hathaway Drive, Brunswick City, OH	Ohio, 976 Hathaway Drive, Brunswick City
S1-569265511	S3-891494793	US	US	Solaque Precision Molecular Clinic	Solaque Precision Molecular Clinic Society	1315 Cumberland Avenue, Bend, OR	1315 Cumberland Avenue, Bend, Oregon
S1-211629418	S3-381329726	US	US	Liberty Better Health	Libertybetterhealth.Com	406 Skokie Court, Wilmette, IL	406. Skokie Ct, Wilmette, Illinois
S1-778232442	S3-908433427	US	US	Patriot Safe Solana Care	Patriot Safe	297 A Jersey Street, Staten Island, NY	New York, Staten Island, 297 A Jresey St
S1-385801325	S2-720362666	US	US	Kennedy, Hall and Keleher Royal LLC	kennedy, hall and keleher royal llc - 4742723341	113 Ballad Avenue, Greece, NY	113 BALLAD AVE, GREECE, NY
S1-294668328	S2-908906997	India	India	Tirumalagiri Partners Ltd	Tirumalagiri Partners (Ltd)	Hyderabad, H No 2-22/108/3A, Telangana, 3Rd Floor, Srinivasa Nilayam, Vijaya Nagar Colony, Opp Svs Enclave.Near Patel Kunta Huda Park, Tirumalagiri	DOOR NO 2-22/108/3A , 3RD FLOOR, SRINIVASA NILAYAM, VIJAYA NAGAR COLONY, OPP SVS ENCLAVE.NEAR PATEL KUNTA HUDA PARK, TIRUMALAGIRI, తెలంగాణ
S1-157408615	S2-325389945	US	US	Halcium Resources	Halcium Resources	710 Nick Fitcheard Road, Unit 1406, Huntsville, AL	71 NICK FITCHEARD RD, PO BOX 3453, HUNTSVILLE, AL
S1-931697714	S2-727664483	US	US	Beacon LLC	Gildsyndelta	759 Kent Road, TN, Nashville	NASHVILLE, TN, 759 KENT RD
S1-272873211	S3-812611030	US	US	Foot & Ankle Specialists of Archdale	Foot Ankle Specialists of Archdale Partners	2207 Brookwood Circle, Archdale, NC	2207 Brookwood Circle, HIGH PONT, North Carolina
S1-980273305	S2-224851522	India	India	Big Infrastructure LLP	બિગ ઇન્ફ્રાસ્ટ્રક્ચર એલએલપી	Kanta V Gruh Road, Arandhanan Comp 305, Rajkot, Gujarat	KATA V GRUH ROAD, ARANDHANAN COMP 305, RAJKOT, Gujarat
S1-576553257	S3-797703191	US	US	Township Of	Tonship Of	Tyler, TX, 10173 Nolan Drive	10173 Nolan Drive, Tyler, Texas
S1-180090117	S3-148559342	US	US	Shuman United Barclays	Shumanunitedbarclays.Com	2200 Sierra Way, Oxnard, CA	2200 Sierra Way, Oxnard, California
S1-730859202	S3-488748825	US	US	Norris Academy L.L.C.	The Norris Academy L.L.C.	608 Wisconsin Avenue, Village Of Frederic, WI	608 Wisconsin Avenue, PO Box 3589, Village Of Frederic, Wisconsin
S1-304553420	S2-198770070	India	India	Shoonya Law Chambers Co	shoonyalawchambers.com	Hn- -2/302, Phase Ii, Fortune Divine City Near Nobal Hospital, Hoshangabad Road, Hoshangabad, Bhopal, Madhya Pradesh	HN- -##2/302, PHASE II, FORTUNE DIVINE CITY NEAR NOBAL HOSPITAL, HOSHANGABAD ROAD, BHOPAL, Madhya Pradesh
S1-761939742	S2-185092252	India	India	Durga Project Pvt Ltd	Durga Pvt Ltd Services	91, Meena Apartment Patparganj, New Delhi, East Delhi, Delhi	Delhi, 91, MEENA APARTMENT PATPARGANJ, NEW DELHI
S1-807014684	S3-30609972	India	India	Gokul Colour Private Limited	Gokul Colour Private Ltd	Shed No. 25, Dodballapur Integrated Textile Park Sw-51, Apparel Park, Phase 2, Kiadb Ind, Ustrial, Doddaballapur, Bangalore Rural, Karnataka	Shed No. 25, Doddaballapur, Bangalore Rural, KA
S1-156813903	S3-603143879	India	India	My Hospitality Private Limited	ମାଇ ହସ୍ପିଟାଲିଟି ପ୍ରାଇଭେଟ୍ ଲିମିଟେଡ୍	R. D. Enclave, Plot No. - 22 Flat - 22 D, Satya Nagar, Bhubaneswar, Khordha, Orissa	R. D. Enclave, Bhubaneswar, Khordha, OD
S1-986244302	S3-470084272	US	US	Premier Elite Paper	premier elite paper	6204 Pete Dye Road, TX, Mckinney	6204 Pete Dye Rd, Mckinney, Texas
S1-104687875	S2-65135777	US	US	Galvan and Ng, Inc	Galvan and Ng, Incorporated	429 Indigo Street, Lafayette, IN	IN, 268 INDIGO STREET, LAFAYETTE CDP, PMB 324
S1-569201267	S2-263604833	India	India	Kronos College	Kronos  Clellge	Khewat No.120, Khasra No., 460/1-2/14, Islampur, Gurgaon Kty., Gurgaon, Haryana	KHEWAT NO.120, KHASRA NO., 460/1-2/14, ISLAMPUR, GURGAON KTY., Haryana
S1-402329313	S3-997596444	US	US	Michel's Textiles, LLC	@michelstextiles	3541 Hidalgo Circle, Brownsville, TX	3541b Hidalgo Cir, Brownsville, Texas
S1-125184495	S2-17803644	India	India	Star Software Limited	स्टार Software Limited	S/O Sri Lal Chaudhary Amwa, Tilahra Kalan, East Champaran, Motihari, East Champaran, Bihar	S/O SRI LAL CHAUDHARY AMWA, TILAHRA KALAN, EAST CHAMPARAN, EAST CHAMPARAN, MOTIHARI, Bihar
S1-839195080	S2-997858623	India	India	Parkash Auto Pvt Ltd	Parkash Aou Pvt Ltd	17-1-382/Sn/52, Srinivasa Nagar Colony, Karmanghat, Saidabad, Hyderabad, Telangana	17-1-382/SN/52, SRINIVASA NAGAR COLONY, KARMANGHAT, SAIDABAD, HYDERABAD, Andhra Pradesh
S1-261777893	S3-103013721	US	US	Anchor Mfa Co	Anchor Co (Services)	21635 Rollins Lakeshore Drive, Rollins, MT	21635 Rollins Lakeshore Drive, Rollins, Montana
S1-393702857	S3-889072235	US	US	Adorne's Sciences	Adorne's-Partners	202 Bayberry Court, Peters Township, PA	Bayberry Ct, Peters Township, Pennsylvania
S1-473048389	S3-749138580	US	US	Regional Project Clinic	>> The Regional Project Clinic	10107 Sage Road, Cedar Hills, UT	##10107 Sage Rd, Cedar Hills, Utah
S1-120560106	S2-994940699	US	US	Coastal Trusted Inpoint L.L.C.	Coastal  Trusted Inpoint	9390 Townsend Road, New Kent County, VA	TOWNSEND RD, PROVIDENCE FORGE, VA
S1-110488774	S2-627366878	US	US	Coastal Allied Inpoint	Coastal Allied Iponint	14520 Long Shadow Avenue, City Of El Paso, TX	14520-14522 LONG SHADOW AVENUE, null, ELL PASO, TX
S1-46644890	S2-19501213	US	US	Empire Parts Inc	#empireparts	Springfield, 40 Western Avenue, OH	SPRINGFIELD, 40B WESTERN AVENUE, OH
S1-524518741	S3-930271507	US	US	Cardiology Center LLC	Cardiology Centre LLC	1200 Hillside Avenue, Unit Apartment 701, Niskayuna, NY	1200 Hillside Ave, Unit Apartment 701, Niskayuna, New York
S1-378113447	S2-984410759	US	US	Complete Express Opportunities Inc	Complete Express  Opportunities Inc.	2408 Independence Boulevard, Charlotte, NC	2408B INDEPENDENCE BLVD, CHARLOTTE CITY, NC
S1-997529638	S2-473965459	US	US	Interfaith Society	Interfaith Society LLC	8 Wheat Lane, Darien, CT	8 Wheat Ln, DARIEN, CT
S1-714415070	S3-709963513	India	India	Shakti Trading Private Limited	Shakti Trading-Limited Private	14/428 F, Tenco Centre, Chirakkal P.O Puthiyatheru, Valapattanam, Kannur, Kerala	Door No 4/428 F, Cannur, KL
S1-117522524	S2-378541918	India	India	Inside Educational Society	Mr INSIDE EDUCATIONAL SOCIETY (COMPANY)	6 Abhiman Apartmentsprabhat Road Lalne No 5, Pune, Maharashtra	DOOR NO 6 ABHIMAN APARTMENTSPRABHAT ROAD LALNE NO 5, PUNE, महाराष्ट्र
S1-156242768	S2-932405777	India	India	Genius Digital LLP	genius digital llp	Thane, Near L & T Infotech, Mahape, Navi Mumbai, Maharashtra, Plot No P-128 Ttc Waste Management	PLOT NO P-128 TTC WASTE MANAGEMENT, NEAR L & T INFOTECH, MAHAPE, NAVI MUMEAI, महाराष्ट्र
S1-816453699	S3-306062215	US	US	A Beacon Rothschild	A Rothschild Service	2932 Finch Avenue, Virginia Beach City, VA	2932 1/2 Finch Avenue, Virginia Beach City, Virginia
S1-2228898	S3-777102893	US	US	Data Diagnostic Studios LLC	datadiagnosticstudios.com	37 Warburton Place, Tonawanda, NY	Buffaloc ITY, 37 Warburton Pl, New York
S1-766709825	S3-412990144	India	India	Education Logistic Pvt Ltd	Dr Education Logistic Pvt [Limited]	2, Adinath Co.Op, Housing Soc. Ltd, Opp. Panjra Pole Ellis-Bridge, Ahmadabad City, Ahmedabad, Gujarat	#2, Ahmedabad, GJ
S1-177629252	S2-225508817	India	India	Micron Consultants	Micron Consultants Limited	Plot No.123-Atelecom Nagar Gachibowli, Hyderabad, Telangana	PLOT NO.123-ATELECOM NAGAR GACHIBOWLI, HYDERABAD, Andhra Pradesh
S1-804047405	S3-951240462	India	India	Delhi Entertainments Limited	Brixkornex Co formerly Delhi Entertainments Limited	24 B Sri Ram Margcivil Lines, Delhi, North Delhi, Delhi	Delhi, 24 B Sri Ram Margcivil Lines, North Delhi
S1-395209484	S3-998125990	India	India	Disha Trust	Disha Trust	Offc-A At-B, Plot-B84, Kh-4/20 T/F Patel Gdn Extension, Kakrola Sewak Park, Delhi, South West Delhi, Delhi	Offc-a At-b, Plot-b84, Kh-4/20 T/f Patel Gdn Extension, Kakrola Sewak Park, New Delhi, DL
S1-82024175	S3-511469087	US	US	Primary Care Associates PC	Primary Care Associates PC (Society)	301 Randall Street, Hesston, KS	301 Randall Street, Hesston, Kansas
S1-996773280	S3-504215846	US	US	Elane Bravo, DO	Bravo,, Elane DO	695 152nd Drive, Goodyear, AZ	695 152th Drive, Goodyear, Arizona
S1-728593894	S3-859546674	US	US	Rebe F. Weller, M.D.	rebef.com	7453 Day Road, Bainbridge Island, WA	Day Road, Baibridge Island, Washington
S1-888970384	S2-233335663	India	India	KUR Projects Private Limited	KUR Projects Private Limited	Door No.150, Old No.942, Poonamallee High Road, Perambur Purasawalkam, Chennai, Tamil Nadu	H.NO G-150 , OLD NO.942, POONAMALLEE HIGH ROAD, PERAMBUR PURASAWALKAM, Tamil Nadu
S1-85245601	S3-679028082	US	US	Physical Therapy Medicine LLC	Physical Therapy Mdiine LLC	101 New Broadway, Unit Apartment 307, Rensselaer, NY	101 New Broadway, Unit Apartment 307, Rensselaer, New York
S1-205591657	S2-713373455	US	US	West Secure Inpoint P.C.	West Secure Inpoint LLC	48 Terrace Park, Rochester, NY	TERRACE PARK, ROCHESTER, NY
S1-320523932	S2-77087429	US	US	Mann Crown LLC	MANN CROWN LLC	8703 Incandesce Rise Drive, TX, Richmond	8703 INCANDESCE RISE DRIVE, RICHMOND, TX
S1-718989613	S2-965715492	US	US	Advanced Packaging Services	advanced packaging services	Pulaski County, VA, 2498 Forest Hill Drive	FOREST HILL DR, DRAPER, VA
S1-37774	S2-614901549	US	US	Highland Pediatrics	The Highland  Pediatrics	Royse City, TX, 2217 Saint Andrew Way	2217 SAINT ANDREW WAY, ROYSE CITY, TX
S1-657019882	S3-483049190	US	US	Highland Fisheries LLC	Highland Fisheries Llc	18114 Beallsville Road, Poolesville, MD	Beallsville Rd, Maryland, Poolesville
S1-893721849	S3-709083099	US	US	Falcon LLC	Falcon	Topeka, 2012 Moundview Drive, KS	2012 1/2 Moundview Drive, Topeka, Kansas
S1-839674430	S3-688773247	India	India	Ashish India Pvt Ltd	ashishindia.com	A/402 Panchshilp Residency Opp Shreedhar Bungalows, Jivantwin Toad, Nikol, Naroda, Ahmedabad, Gujarat	A/402 Panchshilp Residency Opp Shreedhar Bungalows, Jivantwin Toad, Nikol, Naroda, Ahmedabad, GJ
S1-983076509	S3-242972020	India	India	Kukatpally Services Ltd	Kukatpally  Services Ltd	Plot No. 496, Flat No. 401, Gokul Plots 9 Th Phase, Kphb Colony, Kukatpally, Hyderabad, Telangana	TG, Hyderabad, Plot No. 496, Flat No. 401, Gokul Plots 9 Th Phase, Kphb Colony, Kukatpally
S1-515430211	S2-832444351	US	US	Chiropractic Specialists of Valley Head	Chiropractic Specialists of  Valley Head Corp	Valley Head, 74 9059, AL	74 9059, VALLEY HEAD, AL
S1-575248239	S3-59817733	US	US	Gedeon Apex Construction Inc	Onyxpyra trading as Gedeon Apex Construction Inc	212 Antles Avenue, Unit APT, Wenatchee, WA	Wenatchee, 212 Antles Avenue, Unit APT, WA
S1-482832967	S2-751943149	US	US	Apex Western	Apex Western Corporation	19633 Cheyenne Valley Drive, Round Rock, TX	19633 CHEYENNE VALLEY DRIVE, ROUND ROOCK, TX
S1-644330467	S3-977751726	India	India	Tamanna (India) Services LLP	Tamanna (lnna) Services  LLP	1803, Rehmania Castle, 2Ndx, Lane, Dongri, Chinchbunder, Mumbai, Maharashtra	1803, Rehmania Castle, 2Ndx, Lane, Dongri, Chinchbunder, Mumbai, MH
S1-602400578	S3-220345208	India	India	Phulwari Cellular Limited	Phulwari Limited Center	Bihar, Shambhu Singh Patel Colony, Phulwari, Patna, Nahar Road Sadalpur	Nahar Road Sadalpur, Phulwari, Patna, BR, Shambhu Singh Patel Colony
S1-411538128	S2-587906135	India	India	Paramount Services Private Limited	Paramount Services Private	Flat No 505 Bldg No 2A 5Th Floor, Raheja Classiqu Co-Operativehousing Society Ltd Link Roa, Ad Andheri, Mumbai, Mumbai City, Maharashtra	FLAT NO 505 BLDG NO 2A 5TH FLOOR, RAHEJA CLASSIQU CO-OPERATIVEHOUSING SOCIETY LTD LINK ROA, AD ANDHERI, MUMBAI, Maharashtra
S1-66225779	S2-529048398	India	India	Bareilly & Sons Pvt. Ltd.	BAREILLY & SONS PVT.	246 Bansdroni Govt Colony, Budge Budge - I, South 24 Parganas, West Bengal	A-246 BANSDRONI GOVT COLONY, BUDGE BUDGE - I, West Bengal
S1-917494192	S3-721679339	US	US	Brandise Fairley, DO, M.D., P.C.	Fairley,, Brandise DO, P.C. Center	NY, 5425 Gomer Hill Road, Turin	New York, 5425 Gomer Hill Road, Turin
S1-458009728	S2-107356864	US	US	Grace Direct Twin LLC	Grace  Direct Twin L.L.C.	3001 -1107 Atlantic Avenue, Virginia Beach City, VA	03001 -1107 ATLANTIC AVE, VIRGINIA BEACH CITY, VA
S1-101261174	S3-584690330	US	US	ZQW Uranium LLC	ZQW URANIUM LLC	Chesterfield County, 1011 Ashbrook Landing Terrace, VA	1011 Ashbrook Landing Ter, Chesterfield County, Virginia
S1-930884551	S3-415099841	India	India	Galaxy Management Private Limited	Galaxy Management	Ge, Dil Pazir Chs Ltd., 65 Bhulabhai Desai Rd., Nr Breach Candy, Mumbai, Mumbai City, Maharashtra	Plot 496 Ge, Dil Pazir Chs Ltd., 65 Bhulabhai Desai Rd., Nr Breach Candy, Mumbai City, MH
S1-901824679	S3-969801933	US	US	Chiropractic Care Associates Inc.	Chiropractic Care Associates Ínc.	2650 Links Drive, Unit APT 1B, Elkhart, IN	Incorporated, 2650 Links Dr, Indiana, Unit APT 1B
S1-834260756	S3-735651339	US	US	West Burlington Dermatology Care Associates PC	West Burlington Dermatology Care Associates (PC)	128 Sunset Drive, West Burlington, IA	12 Sunset Dr, W. Burligton, Iowa
S1-385428087	S2-704628567	India	India	Mg Concept Pvt Ltd	Mg Pvt Ltd Center	Radhika Sweets Compound, Sonkh Road, Mathura, Uttar Pradesh	RADHIKA SWEETS COMPOUND, SONKH ROAD, MATHURA, Uttar Pradesh
S1-320036572	S3-496213839	India	India	Eastern Foundation Limited	Eastern Foundation  Limited	8D, Chalta Bagan Lane, Kolkata, Howrah, West Bengal	404 8D, Chalta Bagan Lane, Howrah, Kolkata, WB
S1-308020292	S3-470887587	US	US	Johnson School of Medicine	Johnson of 5chool Medicine	AL, Columbiana, 331 Millers Farm Road	331 Millers Farm Rd, Columbiana, Alabama
S1-783029530	S2-259664760	US	US	Timi Carey Star Chadwick LLC	Timi Carey Star Chadwick	700 Gleason Terrace Court, East Ridge, TN	##700 GLEASON TERRACE CT, EAST RIDGE, TN
S1-179711533	S2-42728159	India	India	Asim Partnership Private Limited	Limited Asim Private Service	6-56/2, Opp Idpl Factory, Balanagar, Hyderabad, Telangana	006-56/2, OPP IDPL FACTORY, BALANAGAR, HYDERABAD, Andhra Pradesh
S1-661679540	S3-186736502	US	US	Smith Elite Yield LLC	Smith Yield LLC Services	4505 Hardy Drive, Unit 2142, Tempe, AZ	
S1-831315181	S2-266577345	India	India	Shyamsundar Estates Private Limited	Shyamsundar Estates Private	Sh 334, 1St Floor, Raghuleela Mega Mall, Near Poisar Depot, Kandivali - West, Mumbai, Mumbai City, Maharashtra	PLOT D/685 SH 334, 1ST FLOOR, RAGHULEELA MEGA MALL, NEAR POISAR DEPOT, KANDIVALI - WEST, MUMBAI, महाराष्ट्र
S1-942575876	S2-181353370	India	India	NM India Pvt Ltd	NM INDIA PVT LTD	1St Floor, Opp. Alok Hotel Gokhale Road, Thane, M-1 Paradise Tower, Maharashtra, Thane	M-C-1 PARADISE TOWER, 1ST FLOOR, OPP. ALOK HOTEL GOKHALE ROAD, THANE, THANE, महाराष्ट्र
S1-695706953	S2-118809836	India	India	PET Services Private Limited	PET Services Private - 9242035740	Uttar Pradesh, Mathura, Ranhera Chhata Mathura Uttar Pradesh, 203, Mathura	203, RANHERA CHHATA MATHURA UTTAR PRADESH, MATHURA, Uttar Pradesh
S1-810274460	S2-605696713	US	US	Hope Bocanegra Compass LLC	Bocanegra, Hope Compass [L.L.C.]	4224 122nd Terrace, Kansas City, KS	422 122RD TER, null, KANSAS CITY, KS
S1-195553516	S2-931440376	US	US	Liberty Diamond Partners LLC	LIBERTY DIAMOND PARTNERS-LLC	2819 Glenview Court, Bldg A, Elizabethtown, KY	2819 GLENVIEW COURT, ELIZABETHTOWN, KY
S1-360248759	S3-51934316	US	US	Southern Crystal Granite Inc.	Southern Crystal Granite Inc	10564 Farm Road 106, Bois D'arc, MO	10564 Farm Road 106, Bois D'Arc, Missouri
S1-805353253	S2-329472276	US	US	Heine Cross LLC	HEINE CROSS LLC	704 Tenth Street, City And Borough Of Juneau, AK	704- 10ST STREET, JUNEAU, AK
S1-605552603	S2-26026863	US	US	Hollis Pinnacle Opportunity LLC	Hollis Pinnacle Opportunity	4604 Dutchess Lane, Durham, NC	4604 DUTCHESS LN, DURHAM, NC
S1-970574508	S2-957356719	India	India	Black Technologies Private Limited	Black Technologies Private Ltd	Pune, Maharashtra, Sno 8/4 Shivtirth Nagar Thergaon, Pune	SNO 8/ SHIVTIRTH NAGAR THERGAON, PUNE, Maharashtra
S1-353741812	S3-313336270	US	US	The Dent Cleaning Service	... The Dent Cleaning Service Ltd	18600 Barker Road, Bldg 11230, Marysville, OH	18600 Barker Rd, Building 11230, Marysville, Ohio
S1-472996727	S2-882579809	India	India	Aurangabad (india) Co	Aurangabad (india)	At Plot No. 164 Gajanan Nagar, Garkheda Parisar, Aurangabad, Maharashtra	593 AT PLOT NO. 164 GAJANAN NAGAR, GARKHEDA PARISAR, AURANGABAD, Maharashtra
S1-133287917	S3-628569319	US	US	Tennison Salon LLC	Tennison Sálon LLC	17802 Marylcreek Drive, Lake Oswego, OR	17802 Marylcreek Dr, Lake Oswego, Oregon
S1-756159685	S2-320750822	US	US	Creative Polestar, Inc	Creative [Polestar,-Inc]	1600 Paros Hill Lane, Apex, NC	1600 PAROS HILL LN, APEX, NC
S1-464817380	S2-708786971	US	US	Charmain Burke Colonial Spectral Inc	Charmain Beu Colonial Spectral Inc	IA, 732 Englewood Avenue, Waterloo	732 ENGLEWOOD AVE, WATTERLOO, IA
S1-952131914	S2-906961757	US	US	Commission on Public Works	COMMISSION ON PUBLIC	368 Mount Wesley Road, Telford, TN	368 MOUNT WESLEY ROAD, TELFORD, TN
S1-198397031	S2-487984065	India	India	Vatsin Hospital	Vatsin Hospital	H No. 28, Village Milak, Dhirkhera, Dadri, Gautam Buddha Nagar, Uttar Pradesh	
S1-56735529	S2-78391410	US	US	Nonet	Nonet	227 Squires Bend, Stafford, TX	227-A SQUIRES BEND, STAFFORD, TX
S1-856563476	S2-570172508	US	US	Choice Consumer Union Inc	Choice Cónsúmer Union Inc	20914 Windsor Avenue, Claremore, OK	20914 WINDSOR AVE, LIMESTONE, OK
S1-608955969	S3-229313987	US	US	Lilonet Wave LLC	Lilonet Wave Llc	1357 Meadowcreek Drive, Unit Unit 5, Village Of Pewaukee, WI	1357 Meadowcreek Dr, Unit Unit 5, Village Of Pewaukee, Wisconsin
S1-823852858	S3-760342991	India	India	Ssb Avenue Private Limited	Shri Ssb Avenue Limited Private	Flat No 14 Pl-196, Dhole P Rd Siddharth Court H Socy, Pune City, Pune, Maharashtra	Flat No 14 Pl-196, Dhole P Rd Siddharth Court H Socy, Pune City, Pune, MH
S1-470930227	S3-444831576	US	US	Coastal Rockwool	C0astal Rockwool	56 Walnut Street, Winchester, CT	56 Walnut St, Winstde, Connecticut
S1-6871480	S3-270860468	US	US	Pearson & Melson Inc	Pearson & Melson	9121 Mcdonald Drive, Bethesda, MD	9121 Mcdonald Drive, Bethesda, Maryland
S1-797815037	S3-564992732	US	US	Terrance Diamond Aluminum Inc	Miranex dba Terrance Diamond Aluminum Inc	Unit 307, MA, 295 Huntington Avenue, Boston	295 Huntington Avenue, Unit 307, Boston, MA
S1-99800210	S2-820760193	US	US	Cypress	Cypress  Center	Tacoma, WA, 4010 18th Street	4010 18TH STREET, TACOMA, WA
S1-774875542	S2-521143288	US	US	Heartland Coalition VI Inc	Heartland Cóalition	3240 31st Street, Cleveland, OH	3236 31ST ST, CLEVELAND, OH
S1-979376159	S2-256357168	US	US	Laverne Karpinski Harbor For LLC	Laverne Karpinski Harbor For	1603 Elson Street, Hyattsville, MD	1603 ELSON STREET, HYATTSVILLE, MD
S1-218310505	S2-372991649	India	India	Greenline (India) Sewing Private Limited	Greenline (India) Sewing  Private Limited	New No 33, 3Rd Floor, Rutland Towers Shafee Mohammed Road, Chennai, Tamil Nadu	A-17, 3RD FLOOR, RUTLAND TOWERS SHAFEE MOHAMMED ROAD, CHENNAI, Tamil Nadu
S1-84824957	S2-178056636	US	US	Optimal Supply Advisors Corp	Optimal Supply Advisors Corporation	4121 Grindstaff Road, Hartford, TN	4121 GRINDSTAFF ROAD, HARFORD, TN
S1-75266713	S2-928145135	US	US	West Endocrinology	>> westendocrinology.com	9802 Verde Avenue, Mohave Valley, AZ	9802 Verde Ave, MOHAVE VALLEY, AZ
S1-682396788	S2-926937218	India	India	Auto Educational Society Corporation	Smt Auto Educational Socrey Corporation	Sr.No.372A, Fl Pl 299, Sub P6, North Main Rd, Koregaon Park, Pune, Pune City, Pune, Maharashtra	SR.NO.372, FL PL 299, SUB P6, NORTH MAIN RD, KOREGAON PARK, PUNE, PUNE CITY, Maharashtra
S1-828895883	S3-987984490	US	US	Caix Royce Inc	Caix Royce	1110 Fulton Street, Peru, IL	Fulton Street, PEU, Illinois
S1-61177139	S3-82168914	US	US	Valley Super LLC	Valley Super	9524 49th Avenue, Unit B, Mukilteo, WA	49th Ave, Unit B, Mukilteo, Washington
S1-196057072	S2-683222953	US	US	Gomez Federal Managed LLC	Gomez  Federal Managed LLC	853 Vineyard Way, Forney, TX	853C VINEYARD WAY, FORNEY, TX
S1-302259641	S2-721078716	US	US	Glyphay Owl, Inc	[Ówl,] Glyphay Inc	6515 Wydown Boulevard, Unit APT 3196, Saint Louis, MO	6515 WYDOWN BLVD, ST. LOUIIS, MO
S1-39321829	S2-110022556	US	US	Staker, Huff and Junkin Care	5taker, Huff and and Junkin Care	849 Hill Lane, Mecklenburg County, VA	HILL LANE, VA, BRACEY, NULL
S1-186250017	S2-175009222	US	US	Cooper Healthcare Center	Cooper Healthcare Center Co	17 Yorkway, Dundalk, MD	17 YORKWAY, DUNDALK, MD
S1-611688325	S2-638508016	US	US	Amis, Ramirez & Chavez	Amis, Ramirez & (Chavez)	5326 Derbyshire Drive, Katy, TX	TX, 05326 DERBYSHIRE DRIVE, KATY
S1-83149500	S2-882475241	US	US	Kelly European Inc	KELLY EUROPEAN INC.	OR, Corbett, 36196 Gordon Creek Road	36196 Gordon Creek Rd, CORBETT, OR
S1-677582395	S2-191491392	India	India	Imperial Brothers Private Limited	-- Imperial Brothers Private Ltd	B/104 Giriraj Heights Vraj Bhoomi Complex Mgx Road No 1, Kandivali West, Mumbai, Mumbai City, Maharashtra	B/G-104 GIRIRAJ HEIGHTS VRAJ BHOOMI COMPLEX MGX ROAD NO 1, KANDIVALI WEST, MUMBAI, MUMBAI CITY, Maharashtra
S1-928300293	S2-70451789	US	US	Martell, Lander and Parada LLC	LLC Martell, Lander and Parada	3400 Abbotsford Lane, Roca, NE	3400 ABBOTSFORD LN, ROCA, NE
S1-442554412	S3-722471193	US	US	Vevay Baxter Integrated Services Inc.	Zetanovi t/a Vevay Baxter Integrated Services Inc.	KY, Jeffersonville, 2480 New Cut Road	2480 New Cut Road, Jeffersonville, KY
S1-660883081	S3-679055130	India	India	Nariman Point Mini Pvt Ltd	Deltanovi	903 Nariman Bhavan, 227 Vinay K. Shah Marg, Nariman Point, Mumbai City, Maharashtra	903 Nariman Bhavan, 227 Vinay K. Shah Marg, Nariman Point, Mumbai City, Maharashtra
S1-884082155	S2-953518700	US	US	Ear Nose & Throat Physicians LLC	Ear Nose & Throat Physicians	5724 Lauderdale Drive, Cincinnati, OH	5724 LAUDERDALE DRIVE, CINCNINATI CDP, OH
S1-119974406	S2-175413983	US	US	Standard Infrastructure Brands	standardinfrastructure.c0m	703 Mccarty Avenue, Eagle Lake, TX	937 MCCARTY AVENUE, EAGLE LAKE, TX
S1-691610560	S3-507299396	US	US	Knotts, Diaz & James	Knotts, Díaz	IL, 2640 Mitchell Drive, Woodridge, Unit 5	Woodridge, Illinois, Unit 5, 2640 Mitchell Drive
S1-704937158	S2-29886972	US	US	Hernandez Charter School of Lagrange	Hernandez Charter School of Services	514 Arabian Court, Lagrange, OH	514-518 ARABIAN COURT, LAGRANGE, OH
S1-397392663	S3-199838073	US	US	Delta League III, Inc	Delta League	210 Hudson Street, Longview, WA, Unit 401	210 Hudson St, # 401, Logview, Washington
S1-361261947	S3-281883818	US	US	DX Biotherapeutics LLC	DX Bboetherapouetics LLC	304 Broad Street, Unit 106, Mobile, AL	Mobile, # 106, 304 Broad Saint, Alabama
S1-377779611	S3-784581128	India	India	City Software Private Limited	सिटी Software Private Limited	H No 15, New Roop Nagar, Bjs Colony, Near Rto Office, Jodhpur, Rajasthan	H No 15, New Roop Nagar, Bjs Colony, Near Rto Office, Mumbai, Jodhpur, राजस्थान
S1-867443824	S3-706539818	US	US	Safe Supply Services LLC	Safe Supply Services L.L.C.	818 Carriage Hill Drive, Athens, OH, Fl 2	##818 Carriage Hill Dr, Floor 2, Athens, Ohio
S1-811400820	S2-959165198	US	US	Tinoco James of New Caney	Tinoco James Of New Caney	19721 Moren Drive, New Caney, TX	19736 MOREN DRIVE, NEW CANEY, TX
S1-149489923	S2-941336318	US	US	Ear Nose & Throat Medicine LLC	EAR NOSE & THROAT (MEDICINE)	21647 Magnolia Way, Farmington, MN	21647 1/2 MAGNOLIA WAY, FARMINGTON, MN
S1-98650466	S3-645677539	India	India	Exports Sports Products	Exports 5ports Products [Company]	302 Elphinstone House17 Murzban Road Cst, Mumbai, Mumbai City, Maharashtra	02 Elphinstone House17 Murzban Road Cst, Mumbai, Mumbai City, MH
S1-903271416	S3-765514730	US	US	Urgent Care Clinic LLC	Urgent-Care Clinic LLC	5 Cardinal Lane, Roark, KY	5 Cardinal Lane, Roark, Kentucky
S1-154789754	S2-190954954	India	India	Ace Constructions Private Limited	एस कंस्ट्रक्शंस प्राइवेट लिमिटेड	C/O Dr. Vibha Delhi Road Nr Jat Collage, Rohtak, Haryana	C/O DR. VIBHA DELHI ROAD NR JAT COLLAGE, ROHTAK, Haryana
S1-47538945	S3-535657819	US	US	Peak Mercury P.C.	Peak Mercury P.C. P.C.	10105 17th Street, Midwest City, OK	10105 17th Street, Midwest City, Oklahoma
S1-244791527	S3-876428214	US	US	Clemens, Lark, D.C., M.D., P.C. LLC	Clemens, Lark, D.C., M.D., P.C.  LLC	8738 Morris Woods Drive, Missouri City, TX	8738 Morris Woods Dr, Missouri City, Texas
S1-975080091	S3-890464472	US	US	American Mines LLC	American Mss LLC	6807 Brennan Way, Oak Ridge, NC	6807 Brennan Way, Oak Ridge, North Carolina
S1-275084159	S3-178139678	US	US	Kestrel Inc	kestrel.com	Killeen, TX, 6603 Taree Loop	6786 Taree Loop, Killeen, Texas
S1-838550642	S3-515896889	US	US	Taylor Prudential	Taylor Psruodetitial	807 Maxwell Street, Mcpherson, KS	807 Maxwell St, Mcpherson, Kansas
S1-865057393	S3-670901667	India	India	Avinashi Traders Private Limited	Avinashi Traders  Private	Qr. No. A-11/2, Bidhannagar, Durgapur, Bardhaman, West Bengal	Block E-726 Qr. No. A-11/2, পশ্চিমবঙ্গ
S1-694249088	S3-666141347	US	US	First Automation Laboratories	1st Automation Laboratories	5246 Sagebrush Road, Tell City, IN	5246 Sagebrush Road, Tell City, Indiana
S1-547995510	S2-728183339	US	US	VB Tax	VB TAX	UT, 516 800, Brigham City	516 800, UT, BRIGHAM CITY
S1-630128583	S3-711169949	US	US	Miner Vanguard Irenic LLC	Miner Vanguard Irenic	3526 Pennsylvania Street, Unit APT A2, Indianapolis, IN	3526 Pennsylvania Street, Unit APT A2, Indianapolis, Indiana
S1-450948185	S2-196456030	US	US	Global Institute, LLC	Global Institute, [LLC]	35 Brown Road, Unit 210, Mesa, AZ	35-B BROWN ROAD, MESA, AZ
S1-507532597	S3-354094261	US	US	Classic Frontier Gravity Inc	Classic Frontier Gravity Inc	13 Fieldstone Drive, Burlington, MA	13 Fieldstone Dr, Burlington, Massachusetts
S1-897588151	S2-827120580	India	India	Muse & Sons LLP	Muse & Snsr LLP	Podar Chmabers 109S A Brelvi Road Fort, Mumbai, Maharashtra	Maharashtra, PODAR CHMABERS 109S A BRELVI ROAD FORT, MUMBAI
S1-825430597	S2-857138069	India	India	Tirupati Management Private Limited	तिरुपति मैनेजमेंट प्राइवेट लिमिटेड	A-6, Oshiwara Tarapore Gd, Off New Link Road, Andheri West, Mumbai, Maharashtra	A-6, ANDHERI WEST, MUMBAI, महाराष्ट्र
S1-80947690	S3-544856246	US	US	Laurice Banks, CPA PLLC	Laurice Banks, CPA  PLLC	1468 Big Room Place, Benson, AZ	1468 Big Room Pl, null, Benson, Arizona
S1-770690205	S2-373758486	India	India	United Developers LLP	यूनाइटेड डेवलपर्स एलएलपी	Florida County, Sno 39 Keshav Nagar, Mundhwa, Pune, Maharashtra	FLORIDA COUNTY, PUNE, Maharashtra
S1-711323540	S2-900135378	US	US	Cornerstone Insurance Services LLC	CORNERSTONE INSURANCE SERVICES	4283 Martin Luther King Jr Drive, Cleveland, OH	
S1-383460036	S2-256029383	US	US	Horsley, Beil & Butler Hamilton	HORSLEY, BEIL & BR HAMILTON	3170 Bradfield Drive, Nolensville, TN	NOLENSVILLE, 3170 Bradfield Dr, TN
S1-242154299	S3-410004065	India	India	Dwarkadhish Star Pvt. Ltd.	Dwarkadhish Star Pvt. Ltd	29, Sangamvihar, Jansath Road, Muzaffarnagar, Uttar Pradesh	Sangamvihar, Muzaffarnagar, Jansath Road, UP, H.no 418 29
S1-825844965	S2-943575094	US	US	Applied Talent Services LLC	The  Applied Talent Services LLC	1 Catherines Court, Unit Unit C, Wallingford, CT	1-3 CATHERINES COURT, WALLINGFORD, CT
S1-592956852	S3-853933755	US	US	Panet Tri-State Blackrock LLC	Panet Tri-State Bláckrock LLC	3481 Byron Street, Silverdale, WA	3481 Byron St, Silverdale, Washington
S1-21918795	S2-68423415	India	India	Maaya Infotech Company	Mr Maaya Inecothc Cómpany	E-11, Madhav Puri Maholi Road, Mathura Bangar, Krishna Nagar, Mathura, Uttar Pradesh	
S1-728711587	S2-613369694	India	India	Uttaranchal Overseas Limited	Uttaranchal Limited Overseas	No, Bangalore, 106/2, 5Th Cross, Versova Layout, C V Raman Nagar Post, Bangalore, Karnataka	NO, 106/2, 5TH CROSS, VERSOVA LAYOUT, C V RAMAN NAGAR POST, BANGALORE, Karnataka
S1-33492655	S2-14869632	US	US	Brianne Green Tinto Inc	Brianne Gréen Tinto Inc	Portales, NM, 1581 Simnacher	SIMNACHER, PORTALES, NM
S1-227712895	S2-6077274	India	India	Dynamic Trading Private Limited	DYNAMIC TRADING PRIVATE LTD	506, Centre Point, Opp Vrundavan Heights, Dascroi, Ahmedabad, Gujarat	506, CENTRE POINT, OPP VRUNDAVAN HEIGHTS, DASCROI, Gujarat
S1-57076908	S3-240749802	US	US	090 Stonebridge	090 STONEBRIDGE	40 Greenvale Circle, Greenburgh, NY	40-B Greenvale Cir, White Plains, New York
S1-799805971	S3-456515164	US	US	Word, Flewelling and Ownby LLC	Word, Flewelling and Ownby LLC Partners	216 Tegner Street, Wickenburg, AZ	16 Tegner St, Wickenburg, Arizona
S1-287935074	S3-920193202	India	India	OH Builders Private Limited	OH Builders Limited Private	F-0, Ground Floor, The Mira Corporate Suites No.1&2, Ishwar Nagar, Mathura Road, Delhi, South Delhi, Delhi	No. 606 F-0, Ground Floor, The Mira Corporate Suites No.1&2, Ishwar Nagar, Mathura Road, South Delhi, Delhi, दिल्ली
S1-770285897	S3-458124877	India	India	Digital Infotech Private Limited	डिजिटल इंफोटेक प्राइवेट लिमिटेड	Shivpuri, Purane Petrol Pump Ke Pass, Badarwas, Kolaras, Shivpuri, Madhya Pradesh, C/O Rajesh Singh Yadav	C/o Rajesh Singh Yadav, Ashoknagar, MP
S1-897915258	S3-594363201	India	India	Neu Gold Ltd	Smt Neu Glmld Ltd	Medchal, Malkajgiri, Telangana, Hyderabad, Plot No: 183/P Njr&Klr Nagar, Hyderabad	Hn 3-373 Plot No: 183/P Njr&klr Nagar, Medchal Malkajgiri, TG
S1-523201474	S2-523728566	US	US	Blakley, Evins and Hinson	Blakley, Evins and Hinson Corporation	1416 Meadow Court, Rockford, IL	IL, 1416 MEADOW CT, ROCKFFORD
S1-612903484	S2-430833708	US	US	Cascade Fellowship II	Cascade Fellowship II Board	City Of Wausau, 1209 4th Avenue, WI	#1209 FOURTH AVENUE, CITY OF WAUSAU, WI
S1-423279490	S3-382357271	US	US	Heartland Trust	Heartland Trúst	6994 Ballash Road, Lafayette Township, OH	6994- Ballash Road, NULL, Medina, Ohio
S1-515947777	S3-790121071	US	US	Goodrich, Adamson and Pulido Diversified	Goodrich, and Adamson Pulido Partners	1306 Dillon Court, Capitol Heights, MD	1306 Dillon Court, Capitol Heights, Maryland
S1-760574480	S3-92899178	India	India	Eastern It Private Limited	M/s Eastern It Pfhtve Limited	No 208, Westminster Cunningham Road, Bangalore, Karnataka	H.no 208, Westminster Cunningham Road, Bangalore, KA
S1-944963957	S2-558193867	US	US	Golden Technical International	goldentechnicalinternational.com	635 Legion Road, Cajah's Mountain, NC	NC, 635 LEGOIN RD, CAJAH'S MOUNTAIN
S1-11630963	S3-920642722	US	US	Community Initiative PLLC	Community Intiiiev  PLLC	Durham, NC, 341 Latta Road	341 Latta Road, Durham, North Carolina
S1-77740193	S3-276924385	India	India	Jani College Private Limited	Sri Jani College  Private Limited	M - 702, Pioneer Park Golf Course Extension Road, Sector-61, Gurgaon, Haryana	M - 702, Gurgaon, HR
S1-379508922	S3-263367498	US	US	Metro Patriot Cloud LLC	Metro Cloud LLC-Services	418 Northgate Road, Lindenhurst, IL	418 Nordhgate Rd, LAKE Villa, Illinois
S1-490146566	S3-563056353	US	US	Internal Medicine Center of Lake View	Internal View Center Of Lake (Medicine)	22667 Dillon Drive, Unit LOT 2-4, Lake View, AL	#22667 Dillon Drive, # LOT 2-4, Mc Ccalla, Alabama
S1-914907903	S3-865837002	India	India	Bhandara Solaris LLP	Bhandara  Solaris LLP	Gujrathi Colony, Bhandara, Maharashtra, Bhandara, (S Z) Bhandara	H.no 570 Gujrathi Colony, (S Z) Bhandara, Bhandara, महाराष्ट्र
S1-734414147	S3-188156588	India	India	Manage & Co	Manage & Co.	Goutham Nagar, Malkajgiri, Rangareddy, Hyderabad, P No. 17, Telangana	Hn 48 P No. 17, Rangareddy, Hyderabad, Andhra Pradesh
S1-377226582	S2-318274509	India	India	Shivam Digital Care Private Limited	શિવમ ડિજિટલ કેર પ્રાઇવેટ લિમિટેડ	H No. 317, Achabha Ni Khadki Nagarvada, Nadiad, Kheda, Gujarat	H NO. 00317, KHEDA, NADIAD, Gujarat
S1-110479925	S2-205240018	US	US	Gomez Piedmont Montage	gomezpiedmontmontage.com	138 Meadow Wood Drive, Holden, MA	138 MEADOW WOOD DRIVE, HOLDEN, MA
S1-642662060	S2-833024811	India	India	Urban Finance Limited	URBAN FINANCE LÍMITED	Panchkula, E 2/18 2Nd Floor, Haryana, Dlf Valley Panchkula, Panchkula	E 2/18 2ND FLOOR, DLF VALLEY PANCHKULA, PANCHKULA, Haryana
S1-586948544	S2-526750256	US	US	Oles & Green PC	OLES +  GREEN PC	1645 79th Place, Mesa, AZ	1645 79ND PL, MESA, AZ
S1-682539350	S2-157702075	India	India	International It LLP	इंटरनेशनल आईटी एलएलपी	Flat No-3C, Bhagwati Saran Enclave, Boring Road, Patna, Bihar	NO. 350 FLAT NO-3C, PATNA, Bihar, PATNA
S1-503405355	S3-38862516	US	US	Dental Ace Associates LLC	Dental Ace Associates LLC Council	912 Spruce Street, Hammond, IN	
S1-945077570	S3-983019902	US	US	Vemiis Corp	vemiis corp	2100 Woodard Road, Princeton, NC	North Carolina, 2100 Wodard Rd, Princeton
S1-597005306	S2-115858257	US	US	Data Research Consultants, Inc	Data Research Consultants, Ínc	233 450 Road, La Porte, IN	233-B 450 ROAD, PMB 8909, LA PORTE, IN
S1-160754825	S3-581657532	India	India	Ethical Zone Ltd	M/s Ethica1 Zone	202 Nageshwar Soc Opp Vrundavan Township, Vadodara, Gujarat, Vadodara	#202 Nageshwar Soc Opp Vrundavan Township, Vadodara, GJ
S1-465705190	S2-514628109	US	US	Dental Physicians of Saint Marys	Dental Sáint of Physicians Marys	334 Main Street, Saint Marys, OH	334C MAIN ST, SAINT MARYS, OH
S1-514910064	S2-56094425	US	US	Bryant Fashion	Bryant Fashion	OH, 8160 Buckboard Lane, Concord	#8160 BUCKBOARD LN, CONCORD, OH
S1-869960458	S3-462681401	US	US	Dermatology Capital Partners Inc	dermatologycapitalpartners.com	111 Norman Ridge Drive, Bloomington, MN	111 Norman Ridge Dr, Minneapolis, Minnesota
S1-257207167	S3-748988389	US	US	Division of Education	of Division Éducation	10716 Lagrange Park Drive, Albuquerque, NM	10716 Lagrange Park Dr, Albuquerque, New Mexico
S1-276912912	S2-483701250	India	India	Open Bodycare (India) Private Limited	M/s Open Bodycare (India) (Private)	Flat No.3E Block G, No.2, Opaline Rajiv Gandhi Salai, Navalur, Chennai, Tamil Nadu	NO 3E BLOCK G, NO.2, OPALINE RAJIV GANDHI SALAI, NAVALUR, Tamil Nadu
S1-785084694	S3-618055422	US	US	Allied Broadcast Advisors LLC	Avisolio dba Allied Broadcast Advisors LLC	11156 Union Avenue, Chicago, IL	11156 Union Avenue, Chicago, IL
S1-613240221	S3-754968466	US	US	Empire Farms	Veovantage Sys trading as Empire Farms	4701 Ramblewood Drive, Greensboro, NC	4701 Ramblewood Drive, Greensboro, NC
S1-628726191	S2-847807686	US	US	Cathee Chapman National Family Practice LLC	Cathee Chapman National Family Practice	1429 Cole Street, Guymon, OK	001429 COLE ST, GUYMON, OK
S1-98309490	S2-16962189	US	US	Morrow's Skin Care	Morrow's Skin Care Corp	TN, Knoxville, 1943 Jackson Road	195 JACKSON RD, KNOXVILLE, TN
S1-287055627	S2-884268167	US	US	Raine Larivee Coastal Fortune LLC	RAINE LARIVEE CÓASTAL FORTUNE (LLC)	497 Boulevard Place, Unit 103, Atlanta, GA	497 BOULEVARD PL, ATL, GA
S1-336524093	S2-534952850	India	India	Top Gauging LLP	Top Gáuging LLP	# 17/B/5, Yelahanka, Doddaballapura Road Opp To Rail Wheel Factory, Bangalore, Karnataka	# ##17/B/5 , YELAHANKA, DODDABALLAPURA ROAD OPP TO RAIL WHEEL FACTORY, BANGALORE, Karnataka
S1-55017625	S3-636945442	India	India	JWR Vision LLP	jwrvision.com (ID: 26457)	Hyderabad, Telangana, Flat No 406, Khairatabad, 6-2-984, Pavani Plaza Khairtabad	Flat No 406., 6-2-984, Pavani Plaza Khairtabad, Hyderbad, Hyderabad, TG
S1-862328853	S3-687707037	US	US	Southall Microelectronics Inc	Southall Microelectronics  Inc	22002 El Valle Road, Cedarpines Park, CA	22002 El Valle Road, Cedarpines Park, California
S1-19565400	S3-719397484	India	India	Rana Technologies (India) Ltd	Rana Technologies (India)	Indian Chamber Buildings, First Floor Esplanade, Chennai, Tamil Nadu	Indian Chamber Buildings, Chennai, First Floor Esplanade, TN
S1-774758537	S2-842178569	India	India	Mumbai Autohub Limited	mumbai autohub limited	B-603, 1 B Wing, Shree Ambika Darshan Society Khalai Vlg Kirol Road, Near Pca Co., Vidh, Yavihar(W), Mumbai, Mumbai City, Maharashtra	PLOT #58 B-603, 1 B WING, SHREE AMBIKA DARSHAN SOCIETY KHALAI VLG KIROL ROAD, NEAR PCA CO., VIDH, YAVIHAR(W), MUMBAI, Maharashtra
S1-734518773	S3-252321922	US	US	Beacon Desert Sun	Yumaumbra Formerly Beacon Desert Sun	WV, 3880 Route 75 Highway, Huntington	3880 Route 75 Highway, Huntington, WV
S1-461685273	S3-926454262	India	India	EOJ Partnership	Wexnovihalo dba EOJ Partnership	Gf 01 Sidcup Tower, Near Marble Arch, Race Cou, Rse, Vadodara, Gujarat	Vadodara, Near Marble Arch, Race Cou, Rse, Gujarat, Gf 01 Sidcup Tower
S1-671508579	S3-28045548	India	India	Tejesh Corporate Private Limited	Tejesh-Corporate Private Ltd	Basement Godown B-2, Shri Janki Hari Society, Appa Datar Chowk, Phadke Road, Dombivali, East, Dombivali, Thane, Maharashtra	Basement Godown B-2, Shri Janki Hari Society, Appa Datar Chowk, Phadke Road, Dombivali, East, Thane, Dombivali, महाराष्ट्र
S1-540490192	S2-495039973	India	India	Anna Products Private Limited	Anna Products Private	C/O Mohd Hadish Rajabazar, Khadda, Padrauna, Kushinagar, Uttar Pradesh	C/O MOHD HADISH RAJABAZAR, KHADDA, PADRAUNA, Uttar Pradesh
S1-75069606	S2-508984056	US	US	Scholarship Federation Inc	SCHOLARSHIP FEDERATION ÍNC	501 Hammonds Mill Road, Hedgesville, WV	501-D HAMMONDS MILL RD, HEDGESVILLE, WV
S1-243835533	S3-192088421	US	US	Unified Technical Inc.	Unified-Technical	865 75, Orem, UT	865 1/2 75, Orem, Utah
S1-891103834	S2-580043287	India	India	ZHD Gramin Private Limited	ZHD Grlbmgn Private Limited	Dheeraj Plaza 6Th Floorhill Road Bandra (W), Mumbai, Maharashtra	DHEERAJ PLAZA 6TH FLOORHILL ROAD BANDRA (W), MUMBAI, Maharashtra
S1-972952470	S3-563227878	US	US	Sanchez, Powers & Snyder	Sanchez, & Powers Snyder	13650 Gladden Lane, IN, Fishers	13418-D Gladden Lane, Fishers, Indiana
S1-254094440	S3-731107113	US	US	Northern Modern Starling Ltd	northernmodernstarlingcom	2899 Guinevere Place, Chena Ridge, AK	2898 Guinevere Place, Chena Ridge, Alaska
S1-880051263	S3-347615168	US	US	Halcyon, Inc	Halcyon, Incorporated	Loudoun County, 21118 Sugarview Drive, VA	Virginia, 21118-21120 Sugarview Dr, Ashburn
S1-292256186	S3-592617957	US	US	YK Atlantic Inc	YK Atlantic	4855 Starfish Lane, Blaine, WA	04855 Starfish Lane, Blaine, Washington
S1-491741753	S2-383203374	US	US	Klarrisa Cote Ishares, LLC	Klarrisa Cote Ishares, Llc	VA, Spotsylvania County, 6107 Providence Court	PROVIDENCE CT, SPOTSYLVANIA COUNTY, VA
S1-609280313	S3-947735285	US	US	Goldstein Express Mae L.L.C.	The Goldstein Express Mae L.L.C.	6125 Brooklyn Avenue, Seattle, WA	Seattle, Brooklyn Avenue, Washington
S1-999362175	S2-341235311	US	US	Mount Presbyterian Church	MOUNTPRESBYTERIANCHURCH.COM	1118 Kansas Avenue, Chickasha, OK	CHICKASHA, 1118 KANSAS AVENUE, OK
S1-448372835	S3-975505264	US	US	Industrial Nutrition Works Inc	Industrial Nutrition Works Inc	1300 Wooded Way, Lower Merion Township, PA	01300 Wooded Way, Lower Merion Township, Pennsylvania
S1-180044729	S3-327933546	US	US	Stag	Stág	1743 Diercrest Street, Oak Ridge, NC	1743d Diercrest Street, Oak Ridge, North Carolina
S1-696681178	S2-81604146	US	US	Mathilde Adams Hill	Adams, Mathilde Partners	15 Ledgeview Drive, Queensbury, NY	95 LEDGEVIEW DR, LAAKE GEORGE, NY
S1-247837838	S3-661168040	US	US	Metropolitan Wholesale Innovations	Metropolitan Wholesale	WI, 196 Royal Avenue, City Of Fond Du Lac	
S1-503500324	S3-176744479	US	US	Pediatric Group	Pediatric Group (ID: 71838)	710 Bill Street, Anchorage, AK	710 Bill Street, Anchorage, Alaska
S1-160291185	S3-672437660	India	India	EQU Automobiles Co	EQU Automobiles Co Co	B402, Evershine, Millennium Paradise, Kandivali East, Mumbai, Maharashtra	Bb3/402, Evershine, Millennium Paradise, महाराष्ट्र, Mumbai
S1-979507431	S3-208018414	US	US	Charlotte Freight	Veoveox trading as Charlotte Freight	1417 Russell Avenue, Charlotte, NC	1417 Russell Avenue, Charlotte, NC
S1-352099258	S2-4456628	US	US	Vanguard Coastal	Vanguard Coastal Co	1517 Custer Avenue, MT, Miles City	1517 CUSTER AVENUE, MILES CITY, MT
S1-650641643	S3-579160410	India	India	Stan Retail Care	Smt Stan Retail Care Company	R/O 5, Naya Nagar Second, Manjhanpur, Manjhanpur, Kaushambi, Uttar Pradesh	R/o D/5, Naya Nagar Second, Manjhanpur, Kaushambi, उत्तर प्रदेश
S1-354971341	S2-872611605	India	India	Jmj Infotech Private Limited	Shri Jmj  Infotech Private Limited	Fltno.506, Bldgno4, Saienclave, Vagadnagarroad, Thane, Maharashtra	FLTNO.506., BLDGNO4, SAIENCLAVE, VAGADNAGARROAD, THANE, महाराष्ट्र
S1-965232664	S3-145025112	US	US	Red Yoga	Red Yhooa	NC, 8025 Frances Haven Drive, Harrisburg	8025 Frances Haven Dr, Harrisbur GCDP, North Carolina
S1-465056021	S3-519107163	India	India	High Energy	Dr High Énergy	C/O Sunil Jain S/O P, .K. Jain Pwd Colony, Jodhpur, Rajasthan	C/o Sunil Jain S/o P, .K. Jain Pwd Colony, Jodhpur, RJ
S1-169839469	S3-136525499	US	US	Hooks & Welsh Investments Inc.	Inc. Hooks and Welsh Investments	1071 Clipson Road, Eagle Lake, TX	107 Clipson Road, Texas, Eagle Lake
S1-766058274	S2-270941228	India	India	Smit Academy Private Limited	SMIT PRIVATE LIMITED CENTER	Survey No. 237/4A, B/H. Vikas Stove, Veraval Shapar, Gujarat	Gujarat, 237/4A/6 , B/H. VIKAS STOVE
S1-853131301	S3-405576147	US	US	Evans Global Brown LLC	Evans-Glomdl Brown LLC	Columbus, 284 Buckeye Circle, OH	##284 Buckeye Cir, Columbus, Ohio
S1-741515911	S3-278464227	India	India	All Products Private Limited	ഓൾ പ്രൊഡക്ട്സ് പ്രൈവറ്റ് ലിമിറ്റഡ്	Thrissur, Kerala, Olarikkara, Thrissur, Vii/61/1 Nr Sitaram Quarters	Vii/61/1 Nr Sitaram Quarters, Olarikkara, Thrissur, KL
S1-104526194	S3-886911236	US	US	Robertson Animal Hospital	#robertsonanimal	393 Sledge Road, Alvaton, KY	393 Sledge Rd, Kentucky, Alvaton
S1-551343966	S2-105945493	US	US	Bidyno International LLC	Bidyno International - 1929116474	812 Brookview Drive, Benton, AR	812 BROOKVIEW DRIVE, BENTON, AR
S1-424267201	S3-249177298	India	India	Krishna Marketers Corporation	Krishna Márketers Corporation	D No1-285/A, Zph School Road, Krishna, Andhra Pradesh	No 1-285/A/1, Zph School Road, Krishna, AP
S1-54955281	S2-70113624	US	US	Hawkins Liberty Chase	Hawkins  Chase Liberty	14 Cypress Point Court, Frisco, TX	14 CYPRESS POINT CT, TX, FRISCO
S1-725807694	S2-290768879	India	India	Real Smart Food Limited	REAL SMART FOOD LIMITED	Haveli, Maharashtra, H No.102, Opp Navbharat High School, Pune, S No.5/1	S NO.5/1, H NO.102, OPP NAVBHARAT HIGH SCHOOL, HAVELI, NULL, महाराष्ट्र
S1-41384675	S3-151244817	US	US	Secure Innovative	SECURE INNOVATIVE	702 State Street, Bldg 7, Brewster, MA	State St, Building 7, Brewster, Massachusetts
S1-682097060	S2-331989969	India	India	Thrissur Durga Ltd	THRISSUR DURGA [LTD]	Building No.54/1642, First Floor, Robson Paul Tower, Masjid Road, Ayyanthole P O, Thrissur, Kerala	BUILDING NO.G-54/1642, FIRST FLOOR, ROBSON PAUL TOWER, MASJID ROAD, AYYANTHOLE P O, THRISSUR, കേരളം
S1-506196121	S2-651918793	US	US	JM Dynamix	jm dynamix	2833 Glenn Avenue, Fl 0, Wichita, KS	KS, WICHITA, 2833 GLENN AVE
S1-321685009	S2-790717684	US	US	Cervantes Highland Fitness	CERVANTES HIGHLAND FITNESS INC	OH, Tipp City, 490 Hyatt Street	490 HYTT STREET, TIPP CITY, OH
S1-115376279	S2-247486606	US	US	Cunanan Capital LLC	Capital Cunanan Cunanan	15143 Heron Meadow Lane, Cypress, TX	#15143 HERON MEADOW LN, CYPRESS, TX
S1-490484740	S2-525194092	US	US	Reliable Infrastructure Systems Co	RELIABLE  INFRASTRUCTURE	65 Cottage Street, Franklin, MA	#65 COTTAGE ST, FRANKLIN, MA
S1-853217478	S2-664185165	US	US	Main Street Tattoo!	Main Street Tattoo!	629 Shawano Avenue, City Of Oshkosh, WI	629 SHAWANO AVE, <NULL>, CITY OF OSHKOSH, WI
S1-607034110	S3-128671635	US	US	Justice Heritage Auto Repair	Justice Auto Repair [Services]	3701 Kettering Court, Unit 101, Fairborn, OH	3701 Kettering Ct, Unit 101, Fairborn, Ohio
S1-599138156	S3-666553954	US	US	Anderson, Longacre and Schumm Corp	Anderson, Longacre  and	211 Brooks Road, Henrico County, VA	Virginia, Henrico County, 211- Brooks Rd
S1-451621137	S2-893964134	US	US	Gallant, Currence & Burns	Gallant, Currence	321 Black Rock Turnpike, Redding, CT	321 BLACK ROCK TPKE, REDDING, CT
S1-957324106	S3-749904023	India	India	Best Consultancy Private Limited	best consultancy private limited	91-92 Ashiyana Apartmentv K Marg, Mumbai, Maharashtra	
S1-535585807	S2-456752995	US	US	Twisted Hair Studio LP	TWISTED HRIMRAR STUDIO LP	KS, 2020 G Street, Belleville	BELLEVILLE, 2020 G STREET, KS
S1-418381943	S3-891296074	India	India	Sbm Metal Limited	Sbm  Metal Limited	Malleswaram, C/0 Thirunarrayana, Karnataka, D.No.42New No.64, Ist Main Road Kodandaram Puram, Bangalore	C/0 Thirunarrayana, D.no.42new No.64, Ist Main Road Kodandaram Puram, Bengaluru Urban, Bangalore, ಕರ್ನಾಟಕ
S1-928837330	S3-698106942	US	US	Mcnamara Physical LLC	Mcnamara Physícal	6227 Kenneth Avenue, Chicago, IL	Chicago, 6227 Kenneth Ave, Illinois
S1-911778764	S2-88751370	India	India	TZS India Pvt. Ltd.	TZS Ida Pvt. Ltd.	74/4, Adde Vishwanatha Pura, Avakare Post Rajan Kunte, Bangalore, Karnataka	74/4, ADDE VISHWANATHA PURA, AVAKARE POST RAJAN KUNTE, Karnataka
S1-963628503	S2-231450302	US	US	A Cure 7 All	A CURE 7 ALL LP	145617 C, Town Of Bergen, WI	145617 C, TOWN OF BERGEN, WI
S1-383616749	S3-663891748	US	US	P & T Ribbon, Inc	P & T Riogbdn  Inc	906 Quail Meadows Court, Santa Maria, CA	906-910 Quail Meadows Court, Santa Maria, California
S1-515561208	S2-239323105	India	India	Osmanabad Infratech	Osmanabad Infratech [Company]	C/O Ashok Nivarati Sugave, H No. 955 At Post Madaj Tq Omerga, Osmanabad, Maharashtra	C/O ASHOK NIVARATI SUGAVE, H NO. 955- AT POST MADAJ TQ OMERGA, OSMANABAD, NULL, Maharashtra
S1-88571729	S2-819190711	US	US	PIV Cascade Controls LLC	LLC PIV Cáctade Controls	114 Lee Avenue, Marietta, OH	114 LEE AVENUE, MARIETTA, OH
S1-196144145	S2-383744434	US	US	Heilman Harbor Property Inc.	inc. heilman harbor property	15360 Longvale Avenue, Maple Heights, OH	15360 LONGVALE AVENUE, MAPLE HEIGHTS TOWNSHIP, OH
S1-771261007	S3-46458256	India	India	Newar Consultants Private Limited	Newar Consultants Private	No.2052, 2Nd Floor, 2Nd Main, Sector-2 B.C.C.H.S Layout, Raghuvanahally, Uttarahalli Hobli, Bangalore, Karnataka	#2052, 2Nd Floor, 2Nd Main, Sector-2 B.c.c.h.s Layout, Raghuvanahally, Bangalore, Uttarahalli Hobli, KA
S1-30970569	S3-7746944	India	India	Taran Metal	taran metal	Bajrang Lal Modi, Shri Ram Colony, Hindaun, Karauli, Rajasthan	
S1-911763519	S3-206829069	US	US	Long Strategic LLC	Umbrabrix DBA Long Strategic LLC	1835 Charles Road, East Cleveland, OH	1835 Charles Road, East Cleveland, OH
S1-313067216	S2-712267484	US	US	Crystal Modern Biotherapeutics Partners	CRYSTAL MODERN BIOTHERAPEUTICS  PARTNERS	CA, 1634 Willowbrook Drive, Merced, Fl 1	
S1-755239810	S2-246235389	US	US	A Preferred Algonquin Inc.	A Proferrmid Algonquin Inc. #15054	3330 22nd Street, Unit D, Washington, DC	DC, 3330-3332 22ST ST, WASHINGTON
S1-462976393	S2-977992153	US	US	Clyus Royalties LLC	Clyus Róyalties LLC	VT, Williston, 3426 Saint George Road	VT, WILLISTOON CITY, 3426 SAINT GEORGE ROAD
S1-979748360	S3-620290467	US	US	Horizon	Hroizon	11521 56th Drive, Everett, WA	Washington, Everett, 11521 56th Dr
S1-304190768	S2-906020839	US	US	Dental Specialists	Dental Specialists Corp	6114 9th Avenue, Seattle, WA	6114 9TH AVENUE, SEATTLE, WA
S1-959985211	S2-91876825	US	US	Rapid Prime Greenfire Inc	Rapid Príme Greenfire Inc	323 Lansdowne Street, City Of De Pere, WI	
S1-393961193	S2-948091167	US	US	Scott and Levesque	-- SCOTT AND LEVESQUE LLC	237 A Throgs Neck Boulevard, Bronx, NY	THROGS NECK BLVD, BRONX, NY
S1-13141012	S2-932526235	India	India	MZ Lac Private Limited	MZ Lac	Bengaluru, B006 Adithya Esquina Sorahunase Main Road, Karnataka, Bangalore, Varthur Hobli	Karnataka, H.NO 107 B006 ADITHYA ESQUINA SORAHUNASE MAIN ROAD, VARTHUR HOBLI, BENGALURU
S1-480579333	S3-740958886	US	US	Uptown Auto Body	Uptown Auto (Body)	627 1/2 Wyoming Avenue, Billings, MT	627 1/2-B Wyoming Ave, Billing Scity, Montana
S1-263116214	S3-177292725	US	US	Chiropractic Center of Guys	Chiropractic Center-of Guys	1072 Huggins Bottom Road, Guys, TN	1072 Huggins Bottom Rd, Guys, Tennessee
S1-924424742	S3-486653372	India	India	Old 93Second Street Annanagar Mining Private Limited	Old  93Second Street Annanagar Mining Private Limited	Chennai, Old 93Second Street Annanagar, W-15, Tamil Nadu	Hn 29/1 W-15, Chennai, Old 93Second Street Annanagar, TN
S1-90428246	S2-952780082	US	US	Cisse Animal Hospital Partners	CISSE ANIMAL HOSPITAL PARTNERS	4664 Brownsville Highway, Denmark, TN	04664 BROWNSVILLE HWY, DENMARK, TN
S1-668995656	S3-751384819	India	India	Universal & Co Private Limited	Universal & Co Pitvoe Limited	No. 101, Yashila, 1/1, 1St Main Koramangala 8Th Block, Bangalore, Karnataka	Door No G-101, Bangalore, ಕರ್ನಾಟಕ
S1-41442038	S3-98935028	US	US	Baiza Capital LLC	Baiza Capital L.L.C.	113 Mimosa Point, Unit Unit A, Hot Springs, AR	##113 Mimosa Pt, # Unit A, Hot Springs, Arkansas
S1-364398971	S3-836850529	US	US	Tabitha Walker Platinum Environmental Services LLC	Tabitha Walker Platinum Environmental	IL, 4600 Mozart Street, Chicago	##4600 Mozart Street, Illinois, Chicago
S1-728249481	S3-392657575	US	US	Hendersonville Baptist Center	Hendersonville Baptist  Center	Unit 4104, Hendersonville, TN, 320 Old Shackle Island Road	Tennessee, 320 Old Shackle Island Road, # 4104, Hendersonville
S1-698880845	S3-124043668	US	US	Viv P. Rivera, D.D.S.	Viv P. Rivera,	Glyndon, 4704 Butler Road, MD	##4704 Butler Road, Glyndon, Maryland
S1-980974664	S3-115332348	US	US	Southern Supreme Electric LLC	Southern Supreme E1ectric LLC	ND, Grand Forks, 5201 10th Avenue	North Dakota, Grand Fokrs CITY, 5201-A Tenth Ave, PMB 3942
S1-151543198	S3-840544697	India	India	Mansa Polytechnic	Mansa Polytechnic LLP	Maharashtra, Satara, M No 3195, Satara, S. No 390/1/1B, Plot No 16 Mahalaxmi Soc Shahupuri Satara	M No 195, S. No 390/1/1B, Plot No 16 Mahalaxmi Soc Shahupuri Satara, Satara, MH
S1-98605102	S3-172562071	India	India	Gia Ventures Limited	Gia Ventures Ltd	D.G. Malappuram, Ernad, Malapuram, Xiv/458, Kerala, Malappuram	Xiv/458, D.g. Malappuram, Ernad, Malappuram, Keralam
S1-615123693	S2-179786100	India	India	Handy Foundation	Handy [F0undation]	27-8-21/3 Sivarao Pet, Bhimavaram, West Godavari, Andhra Pradesh	27-8-21/3 SIVARAO PET, BHIMAVARAM, Andhra Pradesh
S1-358271991	S3-164724838	US	US	Valley Montessori School	Valley M0ntessori School	166 Glenrose Drive, Pueblo West, CO	Pueblo, Colorado, 166 Glenrose Dr
S1-293939217	S3-428280024	India	India	Gsr Real Ltd	Gsr Réal Ltd	Perianaickenpalayam, Coimbatore-641 020., Coimbatore, Tamil Nadu	Perianaickenpalayam, Coimbatore-641 020., Coimbatore, TN
S1-311690557	S3-251659346	US	US	Drayium Properties	Drayium Properties	118 Skyhawk Drive, Harvest, AL	118 Skyhawk Drive, Harvest, Alabama
S1-847935611	S3-123126039	US	US	Vevay Wimer Services LLC	Vevay Wimer  Services	23 Ogden Avenue, White Plains, NY	New York, 23 Ogden Avenue, White Plains
S1-389768643	S3-774214429	India	India	Gautam Buddha Nagar India Private Limited	Gautam Buddha Nagar India Private	Gaur Citymall, 7F, C-01, Bgh-01, Sec-04, Uttar Pradesh, Shop No.727, Gautam Buddha Nagar	No 727, Gautam Buddha Nagar, UP
S1-534054168	S2-962450949	US	US	East Retail LLC	Wexnovi	325 12th Avenue, Unit 304, Bowling Green, KY	BOWLING GREEN, KY, 325 12RD AVENUE
S1-96236425	S2-852644928	India	India	Bangalore Vikas Private Limited	Bangalore Vikas Private  Limited	Bangalore, No. 2 Mulberry House O' Shaughnessy Road, Langford Garden, Karnataka	#2 MULBERRY HOUSE O' SHAUGHNESSY ROAD, LANGFORD GARDEN, BANGALORE, Karnataka
S1-855386004	S2-207946370	US	US	Associated Hospitality Studios L.L.C.	The Associated Hospitality Studios [L.L.C.]	647 127th Street, Monticello, MN	647. 127ST STREET, MONTICELLO, MN
S1-577940630	S2-347714333	India	India	Viki Ventures Private Limited	vikiventures.com	214, India Co I Centre, Lbs Road, Navi Peth Pune- 30, Maharashtra, Pune	215, INDIA CO I CENTRE, LBS ROAD, NAVI PETH PUNE- 30, महाराष्ट्र
S1-754196742	S3-252064169	India	India	Bentley Brothers Private Limited	-- Bentley Brothers Limited Private	Infinity Benchmark, 6Th Floor, Unit No. 604, Block-Gp, Sector-V, Bidhannagar Saltlake, Saltlake, North 24 Parganas, West Bengal	Infinity Benchmark, Saltlake, North 24 Parganas, WB
S1-416955206	S3-678456109	India	India	Phoenix Group of Companies Private Limited	Phoenix Group of Companies Private Ltd	A-9154, Gold Coast, Crossing Republik, Ghaziabad, Ghaziabad, Uttar Pradesh	No. 800 A-9154, Gold Coast, Crossing Republik, Ghaziabad, Ghaziabad, UP
S1-241336829	S2-952488318	India	India	New Rajinder Nagar Science Private Limited	New Rajinder Nagar Science Private Ltd	F-441A, New Rajinder Nagar, New Delhi, Delhi	BLOCK E-96 F-441A, NEW RAJINDER NAGAR, Delhi
S1-471866414	S3-369211169	US	US	Flo Vasquez, DMD	*** Flo Vasquez,	130 Old Military Road, Summertown, TN	130 Old Military Road, Summertown, Tennessee
S1-896675992	S3-65753921	US	US	Direct Research Solutions	Novihalodrex formerly: Direct Research Solutions	450 5 Street, Brooklyn, NY	Brooklyn, 450 5 Street, NY
S1-931570971	S3-562869818	US	US	Lawing Royal Greenfire	Lawing Royal	810 1/2 21st Street, Fort Smith, AR	21st Street, Fort Smith, Arkansas
S1-436176583	S2-356635047	India	India	Kbl Designs Private Limited	Private Kbl Designs Ltd	New Delhi, Wz- Block Naraina Vill, Wz-379, Delhi	दिल्ली, WZ- BLOCK NARAINA VILL, NEW DELHI, H.NO 425 WZ-379
S1-739396947	S2-508008063	US	US	Maudie Gonzalez, DO	MAUDIE GONZALEZ, DO	2478 313, Glen Rose, TX	2478 313, GLEN ROSE, TX
S1-167718688	S3-574120847	US	US	Health Project	Health Project Project	1120 41st Street, Washington Park, IL	##1120 41nd St, NULL, Washington Park, Illinois
S1-240446662	S3-491049651	India	India	Bangalore South Lifescience Pvt Ltd	Bangalore South Lifescience Pvt	No 654 1St Floor 22Nd Cro, Hsr Layout 2Nd Sector Ban, Bangalore South, Bangalore, Karnataka	KA, No 654 1St Floor 22Nd Cro, Bangalore, Bangalore South
S1-92085774	S3-772291820	US	US	Mcwilliams Green Tankers LLC	Mcwilliams Green Tankers L.L.C.	2342 Cheyenne Court, Kechi, KS	2342 Cheyenne Court, Kechi, Kansas
S1-519601028	S3-374945716	India	India	Pune Hospitality Center	Pune  Hospitality	C/O Mohan Industries, Gat No.688B Jadhavwadi Road, Kudalwadi, Chikhali, Maharashtra, Pune	MH, Poona, Pune, Gat No.688b Jadhavwadi Road, Kudalwadi, Chikhali, Door No 174 C/o Mohan Industries
S1-323839885	S3-588269810	India	India	Ajantha Clinic	Ajantha  Cilic	96/1, Hosur Roadsingasandra, Bangalore-68 Singasandra, Bangalore, Karnataka	96/1, Bangalore-68 Singasandra, Bangalore, ಕರ್ನಾಟಕ
S1-556164436	S3-738059346	US	US	Wilson Holdings Group	Holdings Wilson Group	723 Pinehurst Drive, Village Of Mukwonago, WI	723 Pinehurst Drive, Village Of Mukwonago, Wisconsin
S1-880667873	S2-686117716	India	India	Nakshatra & Sons Private Limited	Nakshatra & Sons Limited Private	E-16 Ramganga Vihar Phase-2 Near I.M.T College, Moradabad, Uttar Pradesh	E-16 RAMGANGA VIHAR PHASE-2 NEAR I.M.T COLLEGE, MORADABAD, Uttar Pradesh
S1-28893905	S3-976717447	India	India	QH Jewellers Limited	QH Limited Jewellers	Ppn012 Park Place Dlf City Phase -V Sector-54, Gurugram, Gurgaon, Haryana	
S1-123269788	S2-829960336	US	US	Harbor Rocky Horse LLC	harborrockyhorse.com #30814	1010 Bellair Court, Niles, OH	NILES, 1010 BELLAIR CT, OH
S1-749794742	S2-836423659	US	US	Oncology Capital Health LP	Oncology Capital Health LP	280 Ferris Wheel Loop, Fl 0, Decatur, TX	280 FERRIS WHEEL LOOP, DECATUR, TX
S1-391696714	S3-540500678	US	US	Ginnifer Davis Bright Willow	Ginnifer-Davis	201 First Street, Ennis, MT	201 1st Street, Ennis, Montana
S1-853046779	S2-207440159	India	India	City Innovative Marketing Pvt Ltd	সিটি ইনোভেটিভ মার্কেটিং প্রাইভেট লিমিটেড	Gillander House, Block A, 8, Netaji Subhas Road, 3Rd Floor, Room No. 4A, Kolkata, Kolkata, Howrah, West Bengal	#47 GILLANDER HOUSE, BLOCK A, 8, NETAJI SUBHAS ROAD, 3RD FLOOR, ROOM NO. 4A, KOLKATA, KOLKATA, HOWRAH, পশ্চিমবঙ্গ
S1-407110215	S3-525585159	India	India	Vision Bharat Technology Private Limited	विजन भारत टेक्नोलॉजी प्राइवेट लिमिटेड	F-130, P.C. Colonykankarbagh, Patna, Bihar	F-130, P.c. Colonykankarbagh, Patna, बिहार
S1-829803899	S2-767092369	India	India	(india) Mahakali Stones Pvt Ltd	(india) Mahakali  Stones	B-1/02, Palm Groove Villa, Aar Dee City, Sector-52, Gurgaon, Haryana	B-001/02, PALM GROOVE VILLA, AAR DEE CITY, SECTOR-52, GURGAON, हरियाणा
S1-100398406	S2-132928050	India	India	Hindustan Gandhi Corporation	Hindustan Corporation Gandhi	160, Hardial Nagar Garha, Jalandhar Cantt, Jalandhar, Punjab	160, HARDIAL NAGAR GARHA, JALANDHAR CANTT, Punjab
S1-984127651	S3-814879392	India	India	Apex Marketing Private Limited	Mr Apex Marketing Private	Kolkata, 21/4B Karaya Road, Howrah, Kolkata, West Bengal	Howrah, Kolkata, WB, 21/4B Karaya Road
S1-997569501	S2-506087570	US	US	K & S Diversified PC	K & 5 Diversified PC PC	9001 Francisco Avenue, Evergreen Park, IL	
S1-365635398	S3-853018228	India	India	Jaishree Technical Private Limited	Jaishree Technical Priagite Limited	Jaipur, B-57, Rajasthan, Anita Colony, Bajaj Nagar, Jaipur	B-57, Anita Colony, Bajaj Nagar, Jaipur, Jaipur, RJ
S1-685269408	S2-647618688	US	US	Fuselier Desert Resorts, Inc	Fuselier Resorts, Inc Services	744 Fuhrmann Terrace, Fl 0, Saint Louis, MO	44 FUHRMANN TERRACE, ST. OUIS, MO
S1-319515571	S2-475995132	India	India	Elixir Advisors	Elixir Advisors Corp	Mandolird, Near 1, Railway, Gate, Shivaji Colony, Belgaum, Karnataka	MANDOLIRD, NEAR 1, RAILWAY, GATE, SHIVAJI COLONY, BELGAUM, ಕರ್ನಾಟಕ
S1-281196453	S2-346392663	US	US	Oncology Clear Specialists L.L.C.	Oncology Clear Specialists	9767 Markworth Road, Blaine, WA	9767. MARKWORTH ROAD, BLAINE, WA
S1-852632431	S3-810888489	US	US	Beacon Strategic Grifols	Beacon Strategic Grifols Inc	WI, City Of Fond Du Lac, 594 Evans Drive	594 Evans Dr, FOND DU LAC, Wisconsin
S1-280788221	S2-43864264	US	US	1 800 Flowers LLC	1 800 FLOWERS LLC	1415 Wilson Street, Arkadelphia, AR	001403 WILSON ST, ARKADELPHIA, AR
S1-587759053	S2-353714387	US	US	Saree Haros Constellation	Saree Haros Constellation	36889 23, Roxbury, NY	36889 23, GRAND  GORGE TOWNSHIP, NY
S1-780409469	S3-509729029	India	India	Oriental Farm Pvt Ltd	Sri Oriental Farm Pvt	Plot Rz-11 Ground Floor Shivalaya Apartment, Khno. 68/23 Gali No 6 Raj Nagar Part-1 Palam Near Sahib Ram Eye Hospital, New Delhi, South West Delhi, Delhi	Plot Rz-011 Ground Floor Shivalaya Apartment, Khno. 68/23 Gali No 6 Raj Nagar Part-1 Palam Near Sahib Ram Eye Hospital, South West Delhi, NULL, DL
S1-765226657	S3-561604141	India	India	Digital Solutions Private Limited	Digital Solutions Private Ltd	C/O Khernar-Bhakta & Associateopp Archit Hospital Old Darbar At Po Ta Vasda, Navsari, Valsad, Gujarat	Valsad, GJ, C/o Khernar-bhakta & Associateopp Archit Hospital Old Darbar At Po Ta Vasda, Navsari
S1-866232991	S2-899775282	India	India	Lotus Technology	LOTUSTECH.COM	11/37 B, Tilak Nagar, New Delhi, West Delhi, Delhi	11/37 B, TILAK NAGAR, NEW DELHI, दिल्ली
S1-628768456	S3-996733981	India	India	Punjab Mentors Clinic	M/s Punjab Mentors Clinic Corp	03/1121, Sec-3 Jankipuram Vistar, Lucknow, Uttar Pradesh	
S1-329391026	S3-838001204	US	US	Cardiology Empire Partners LLC	Cardiology Empire Partners Llc	201 18th Street, Mount Pleasant, TX	0201 18th St, Texas, Mount Pleasant
S1-830342204	S3-319397827	India	India	Nagendra Event Private Limited	Nagendra Event Limited-Private	No.1, F2, 1St Floor, Sorgam Horizon Oasis Avenue, Sri Jaganath Ko, Kanathur, Chennai, Kancheepuram, Tamil Nadu	1, Madras, Kancheepuram, TN
S1-382619624	S3-573792910	US	US	Cardiology Elite Clinic LLC	Cardiology Elite Clinic (LLC)	1509 Forest Hills Road, City Of Wilson, NC	1509 Forest Hills Road, Wilson, North Carolina
S1-533502613	S3-782877768	India	India	Swaransathi Public School	sspublic.com	Delhi, New Delhi, Flat No 212 Shriniketansociety Plot No - I Sector - 7 Dwarka, West Delhi	No 212 Shriniketansociety Plot No - I Sector - 7 Dwarka, South Delhi, West Delhi, DL
S1-798645035	S2-481386793	India	India	Plutus Agency	Plutus Service	17-A, Sneh Nagar, Indore, Indore, Madhya Pradesh	17-A, SNEH NAGAR, INDORE, INDORE, Madhya Pradesh
S1-85886402	S2-405987003	India	India	Future Bombay Care Private Limited	ஃபியூச்சர் பம்பாய் கேர் பிரைவேட் லிமிடெட்	Vijaya Shanthi Apartment 44 A Kalakshetra Road, Thiruvanmiyur, Chennai, Tamil Nadu	#195 VIJAYA SHANTHI APARTMENT 44 A KALAKSHETRA ROAD, THIRUVANMIYUR, CHENNAI, Tamil Nadu
S1-451225384	S2-578245143	India	India	BS Das Pvt Ltd	BS Das Pvt	109, Nigos Bldg, Cama Industrial Estate, Plot 12, Walbhat Road, Goregoan East, Mumbai, Mumbai City, Maharashtra	
S1-281041403	S2-102677251	India	India	Trikaya & Brothers Pvt Ltd	Trikaya & Brothers  Pvt Ltd	Soham 5 Parnakuti Society, Near Nana Mauva Road, Rajkot, Gujarat	
S1-694168917	S2-379522969	US	US	Vision Specialists LLC	VISION SPECIALISTS	391 Alexander Avenue, Republic, MO	391 ALEXANDER AEVNUE, REPULBIC, MO
S1-957609407	S2-240791289	US	US	Rao Rapid Laboratories Inc	RAO RAPID LABORATORIES	428 Highland Drive, Highland Haven, TX	428 HIGHLADN DRIVE, HIGHLAND HAVEN, TX
S1-792471060	S2-188387248	India	India	DNC Services LLP	DNC Services LLP	243, K P M House, Opp.Bharat Bhatia Kathwada Dascroi, Ahmedabad, Gujarat	243/5, K P M HOUSE, OPP.BHARAT BHATIA KATHWADA DASCROI, AHMEDABAD, Gujarat
S1-801761483	S2-451216269	India	India	Dewas Naka Engineers Private Limited	dewas naka engineers private limited	121-A, 1St Floor, S.R.Compound Lasudia Mori, Dewas Naka, Indore, Madhya Pradesh	121-A, 1ST FLOOR, S.R.COMPOUND LASUDIA MORI, DEWAS NAKA, Madhya Pradesh
S1-101755656	S2-849779624	US	US	Hooper's Colonial Tire Shop	Hooper's Colonial Tire Shop Ltd	225 10th Street, Unit 225, Muleshoe, TX	MULESHOE, ##225 TENTH ST, TX
S1-320030328	S3-52139008	India	India	Vihaan Brothers Pvt Ltd	Vihaan 8rothers Pvt Ltd	2Nd Floor, Door No.15/601-7, K Towers, Opposite Nexa, Calicut Bye Pass Road, Palakkad, Kerala	Door No ##2Nd Floor, Door No.15/601-7, K Towers, Opposite Nexa, Calicut Bye Pass Road, Palakkad, KL
S1-683673408	S3-380400915	India	India	KE Online Pvt Ltd	KE Online Pvt Limited	C/O Cyprian Vegas, 70/1 1-22-22, Puttur, Dakshina Kannada, Karnataka	C/o Cyprian Vegas, 70/1 1-22-22, Puttur, Dakshina Kannada, KA
S1-864099605	S3-139762862	US	US	Commission on Health	Commission on  Health	4121 23rd Street, Omaha, NE	412 23rd Street, Omaha, Nebraska
S1-244086267	S2-910926602	US	US	Pediatric Dental Medicine Inc.	pediatric dental medicine inc.	7951 Stonebarn Drive, West Chester, OH	
S1-162924411	S2-57466634	US	US	Hunger Heartland Center	hungerheartlandcenter.com	111 Earl, Wanatah, IN	111 Earl, WANATAH, IN
S1-288090006	S3-657190324	US	US	Mantle Cal Clinic	mantle cal clinic	3392 235th Avenue, Saint Francis, MN	3392 235nd Ave, Saint Francis, Minnesota
S1-591809309	S3-590181531	India	India	Solutions Rolland Engineering Private Limited	Solutions Rolland Private Limited Service	2Nd Floor, Bptp Park Lands Sec 81, Haryana, Faridabad, Avenue 47, Faridabad	Avenue 47, 2Nd Floor, Bptp Park Lands Sec 81, New Delhi, Faridabad, HR
S1-831081987	S2-989570856	India	India	Aim & Associates Private Limited	Private Aim & Associates Ltd	Plot No.19, Office No.503, Fifth Floor, Laxmi Enc, Nashik, Maharashtra	OFFICE NO.503, FIFTH FLOOR, LAXMI ENC, PLOT NO.C-19, PIMPALGAON, Maharashtra, NASHIK
S1-971466716	S2-434687605	US	US	Pease & Anderson	Pease Anderson Services	2567 11B, Unit Unit 1, Bangor, NY	NY, BANGOR, 11B
S1-323312175	S3-970689257	US	US	Brunson, Hernandez and Conley LLC	8runson, Hernandez And Cflnhhiey LLC	2916 Norfolk Avenue, Baltimore, MD	2916 Norflok Ave, Balttimore, Maryland
S1-558134708	S3-497712040	India	India	My Traders Corporation	MY TRADERS CORPORATION	05/3403, C.49 (2), Space Mall, Fourth Floor Jafarkhan Colony Road, Kozhikode, Kerala	05/3403, C.49 (2), Space Mall, Fourth Floor Jafarkhan Colony Road, Kozhikode, KL
S1-657502205	S2-926442451	US	US	Silver Portfolio LLC	silverportfolio.com	Hempstead, 3813 Niami Street, NY	3813 NIAMI ST, HEMPSTEAD, NY
S1-789670914	S3-78395093	India	India	Sunrise Services	सनराइज सर्विसेज	3603 Shyam Bhawancity Business Centre Darya Ganj, New Delhi, Central Delhi, Delhi	3603 Shyam Bhawancity Business Centre Darya Gaaj, New Delhi, Central Delhi, DL
S1-281710353	S3-683017870	US	US	Green Cohen LLC	Green  Cohen LLC	109 14th Street, Unit 109, Post, TX	
S1-781921330	S2-925005388	India	India	Baba International Limited	பாபா இன்டர்நேஷனல் லிமிடெட்	C/O.Nethaji No.75 C, Big Street, Thirukalukundram, Kancheepuram, Tamil Nadu	KANCHEEPURAM, C/O.NETHAJI NO.A-75 C, Tamil Nadu, KANCHEEPURAM
S1-266269708	S2-572593839	US	US	Pioneer Diagnostic Systems	PIONEER DIAGNOSTIC SYSTEMS	125 Hares Foot Cove, Georgetown, TX	125 HARES FOOT CV, GEORGETOWN, TX
S1-354949063	S2-620264671	US	US	Russell Bright Merchants	THE RUSSELL BRIGHT MERCHANTS	TN, Mt Juliet, 21 Burton Court	21- BURTON CT, MT JULIET, TN
S1-356483790	S3-330914940	US	US	American League	American (Leage)	9341 Luke Drive, Streetsboro, OH	9341-D Luke Dr, Streetsboro, Ohio
S1-685561769	S2-644210233	India	India	Titanic Educational Society	Titanic Educational	C/O Sh O.P. Upadhyay, D-45B, Third Floor Ganesh Nagar, Pandav Nagar Complex, Delhi, East Delhi, Delhi	C/O SH O.P. UPADHYAY, D-45B/4, THIRD FLOOR GANESH NAGAR, PANDAV NAGAR COMPLEX, DELHI, Delhi
S1-377295503	S3-403929663	US	US	Nexance Medicine	Nexancemedicine.Com	910 Hawkins Street, Fl 0, Edgewater, MD	910C Hawkins St, Maryland, Edgewater
S1-920927846	S3-496758550	US	US	Kirkpatrick, Rosen & Buehler Inc	Kirkpatrick, Rosen & Bculer Inc	4909 Teen Barnes Road, Frederick, MD	4909 Teen Barnes Rd, Frederick, Maryland
S1-659432020	S3-498407529	US	US	Select Design Networks LLC	Select  Design Networks LLC	2976 Meridian Way, Unit N, Lower Allen Township, PA	2976 Meridian Way, # N, Mechnaicsburg CITY, Pennsylvania
S1-841250573	S2-925071707	India	India	Celosia Credit Limited	Celosia Limited Credit	E301, Nd Sepal, Haralukunte, Bengaluru, Bangalore, Karnataka	
S1-89615681	S3-338370843	India	India	Indra Vidyalaya Private Limited	Indra Vidyalaya Private [Limited]	5Th Floor, Valecha Chambers, New Link Road, Andheri West, Mumbai, Maharashtra	No C-5th Fllor, Mumbai, MH
S1-718674223	S2-627202737	US	US	Moore Federation Group	Moore Federation	2216 Bates Road, Cape Vincent, NY	2216 BATES RD, CAPE VINCENT, NY
S1-239838946	S2-367466182	US	US	Arts Charities Group	ARTS-CHARITIES	875 Mt Pleasant Street, Green, OH	875 MOUNT PLEASANT STREET, CLINTON, OH
S1-217196021	S3-451140031	US	US	Metropolitan Popular Inc	Metropolitan Popular	200 54, Unit 102, Carrboro, NC	200 54, Carrboro, North Carolina
S1-68070463	S2-820630631	India	India	Great Infrastructure Private Limited	ഗ്രേറ്റ് ഇൻഫ്രാസ്ട്രക്ചർ പ്രൈവറ്റ് ലിമിറ്റഡ്	Esfar Plaza, 41/1368G Edappally-Arkikadavu Road, Padivattom Cochin, Cochin, Ernakulam, Kerala	ERNAKULAM, COCHIN, Kerala, ESFAR PLAZA
S1-757850532	S3-57090443	US	US	Valenka's National Massage	Valenka's National  Massage Ltd	3532 Cunningham Road, Halls Crossroads, TN	3532 Cunningham Rd, Halls Crossroads, Tennessee
S1-442440434	S3-651616239	US	US	Uptown Diner!	Uptown Diner!	IN, Merrillville, 3702 71st Avenue	#3702 71st Ave, Merrillville, Indiana
S1-833740802	S2-1991549	India	India	Daspalla & Co	Dgasspalla & Co	No. 158 5Th Main Chamarajapete Sri Putannachetty Road, Bangalore, Karnataka	BANGALORE, Karnataka, 158 5TH MAIN CHAMARAJAPETE SRI PUTANNACHETTY ROAD
S1-626464786	S2-595544325	India	India	Golf (madras) Private Limited	GOLF (MADRAS) PRIVATE LIMITED	Building No Ep 272Kelloor P O 4Ath Mile Mananthody Taluk, Wayanad, Thrissur, Kerala	BUILDING NO EP A-272KELLOOR P O 4ATH MILE MANANTHODY TALUK, WAYANAD, Kerala
S1-747336340	S2-842850283	India	India	Chirag Network Ltd	CHIRAG NETWORK	Maharashtra, Mumbai, Office No. 10, Mumbai, 1St Floor, Sohrab Bldg, Kalbadevi Rd	OFFICE NO. 10, 1ST FLOOR, SOHRAB BLDG, KALBADEVI RD, MUMBAI, Maharashtra
S1-91690654	S2-578297492	India	India	Higgs Brothers Private Limited	HIGGS BROTHERS  PRIVATE LIMITED	At Post Gat No 16 & 17, Ghatbori Mehkar Buldhana, Mehkar, Buldhana, Maharashtra	AT POST GAT NO 16 & 17, GHATBORI MEHKAR BULDHANA, MEHKAR, Maharashtra
S1-854349658	S3-903733515	US	US	Abed Works Inc	Abed Works	206 Wilkerson Street, Enterprise, AL	206 Wilkeson St, Enterprise, Alabama
S1-452122079	S3-205716462	US	US	Hurst, Aguilar & Ward LLC	Hurst, Aguilar  & Ward [Llc]	3244 Holman Street, Houston, TX	3244 Holman Street, Houston, Texas
S1-554946615	S2-463552520	US	US	Anjanette King Colonial Charter Inc	anjanette king colonial charter inc | www.anjanette.com	9834 Vita Circle, Houston, TX	9834 VITA CIRCLE, HOUSTON, TX
S1-698192845	S3-857195706	US	US	D R Hughes Chain	D R Hughes Chain	31450 383rd Place, Enumclaw, WA	3145 383rd Place, Enumclaw, Washington
S1-496092312	S2-885696242	India	India	Amigo Trust	Amigo-Trust	Unit No 408, 4Th Floor Kaliandas Udyog Bhavan, S.H.Tandel Marg Near Century Bazar, Mumbai, Maharashtra	UNIT NO 408, 4TH FLOOR KALIANDAS UDYOG BHAVAN, S.H.TANDEL MARG NEAR CENTURY BAZAR, MUMBAI, Maharashtra
S1-777501771	S3-911954572	India	India	CJ Management Private Limited	CJ Management Private	Santhigram, Kazhuvur P.O. Pulluvila, Kanjiramkulam, Thiruvananthapuram, Trivandrum, Kerala	Santhigram, Kazhuvur P.o. Pulluvila, Kanjiramkulam, Trivandrum, Thiruvananthapuram, KL
S1-744282499	S3-748312980	India	India	Hnv (india) Pvt Ltd	Hnv (india) Pvt Ltd.	Plot No. 17 & 18-A, S/F Back Side Left Side Subhash Park, Uttam Nagar, Delhi, West Delhi, Delhi	Door No 17 & 18-A, S/f Back Side Left Side Subhash Park, Uttam Nagar, Delhi, null, DL
S1-268174379	S2-195073131	India	India	Wincon Consultancy Limited	Wincon Consultancy Limited (ID: 47680)	Surat, Gujarat, Ring Road, C-4407 Kohinoor Textile Market, Surat	#629 C-4407 KOHINOOR TEXTILE MARKET, RING ROAD, SURAT, Gujarat
S1-807063355	S2-532860150	India	India	Al Logistics	Al Lógistics	Paras Market, Station Road Barakar, Asansol, West Bengal	West Bengal, PARAS MARKET, STATION ROAD BARAKAR
S1-478800583	S2-800150948	US	US	Latimer Assets, Inc	Latimer  Assets, Inc	192 Carman Street, Freeport, NY	92 CARMAN STREET, FREEPORT, NY
S1-147342240	S3-879196155	US	US	Big Cafe LLC	Big Cafe	312 William Circle, City Of Verona, WI	312 William Circle, Verona, Wisconsin
S1-357547695	S2-917840651	India	India	Aarvansh First	Aarvansh First	Surya Kiran Building 19, Kasturba Gandhi Marg, New Delhi, Delhi, 708, Central Delhi	708 , SURYA KIRAN BUILDING 19, KASTURBA GANDHI MARG, NEW DELHI, Delhi
S1-976671461	S2-164580643	US	US	Bua Supreme Properties LLC	Bua Supreme  LLC Center	1422 Hickory Highlands Drive, Bldg 14, Nashville, TN	1422 HICKORY HIGHLANDS DR, NASHVILLE, TN
S1-761666489	S3-769005248	India	India	Digital Investment	डिजिटल इन्वेस्टमेंट	Shop Rz-10-A Block D, Mahavir Enclave Palam, New Delhi, South West Delhi, Delhi	Shop Rz-1-0-a Block D, New Delhi, South West Delhi, DL
S1-161161081	S2-8399128	US	US	Christ Ministries	CHRIST MINISTRIES	894 Highway 65, Dumas, AR	894 HIGHAWY 65, DUMAS, AR
S1-536904756	S3-419547111	India	India	Sharda Restaurants	Sharda  Restaurants	Bikaner, Rajasthan, Mdv Nagar, Iii-D64	Iii-d0064, Bikaner, RJ
S1-620940294	S2-775855659	India	India	Maa Industries Private Limited	Maa Industries Private Ltd	No 9, Vidya Teerth Apt, Jeth Nagar, 1St Cross Srt, Chennai City Corporation, Chennai, Tamil Nadu	9 , VIDYA TEERTH APT, JETH NAGAR, 1ST CROSS SRT, CHENNAI CITY CORPORATION, Tamil Nadu
S1-401131345	S2-377488636	US	US	Maritsa's Property Solutions P.C.	Maritsa's Prolerty Solutions P.C.	264 Pinewood Trail, Unit 17, Mill Spring, NC	264 PINEWOOD TRAIL, MILL SPRING, NC
S1-659417872	S3-922978798	India	India	Al Tech Limited	Al Tech Ltd	Flat No E-303, Krishna, Mystiq Apt, Chikkathogur, Bangalore South, Bangalore, Karnataka	Flat No E-303, Krishna, Mystiq Apt, Chikkathogur, Bangalore South, Bangalore, KA
S1-363908053	S2-331493680	US	US	Sterling Bioscience Inc	sterlingbioscience.com	11402 Mourning Dove Drive, Concord, OH	PO BOX 8646, 0011402 MOURNING DOVE DRIVE, PAINESVILLE, OH
S1-434784213	S3-586403652	India	India	Gujarat Projects Private Limited	குஜராத் புராஜெக்ட்ஸ் பிரைவேட் லிமிடெட்	Old No.42, New No.26, Srinivasa Colony 2Nd Cros, Krishnagiri, Krishnagiri, Dharmapuri, Tamil Nadu	Door No 0042, Krishnagiri, New No.26, Srinivasa Colony 2Nd Cros, Krishnagiri, தமிழ்நாடு, Krishnagiri
S1-526259352	S2-201416838	India	India	Chennai City Corporation Greenfields Private Limited	CHENNAI CITY CORPORATION GREENFIELDS PRIVATE [LIMITED]	Old Door, No.8/6, New Door, No.176 Gangai Nagar 2Nd, Chennai City Corporation, Chennai, Tamil Nadu	OLD DOOR, NO.8-8/6, NEW DOOR, NO.176 GANGAI NAGAR 2ND, CHENNAI CITY CORPORATION, தமிழ்நாடு
S1-65753204	S3-128335188	US	US	Ruffin Highland Series LP	Ruffin Series LP Partners	IL, East Peoria, 111 Greenbriar Court	11 Greenbriar Court, East Peoria, Illinois
S1-859486011	S3-849614780	US	US	Nexex Fact	Nexex Fáct	1202 Braxton Court, Montgomery Township, PA	Pennsylvania, Braxton Court, Montgomery Township
S1-966068056	S3-806719870	India	India	Param Hospitality Private Limited	Param Hospitality Private Ltd	D/3, B-Block, 2Nd Floor, 78 Kambekar Street Near Minara Masjid(West), Mumbai, Mumbai, Mumbai City, Maharashtra	D/3, Mumbai City, MH
S1-971376620	S3-411888467	US	US	Dory Sandberg Auto Repair	Shasnbbtgr, Dory Auto Repair	332 113th Place, Seattle, WA	332 113nd Pl, Seattle, Washington
S1-621067455	S2-801998876	US	US	Noteva Horizon Valuence LLC	Noteva Horizon Volsnce LLC	42710 Twinleaf Drive, Loudoun County, VA	42710 TWINLEAF DR, ASHBURN TOWNSHIP, VA
S1-134407148	S3-830900112	US	US	Lucky Nails	Lucky Niaosl	1515 Long Hill Road, Guilford, CT	Connecticut, 1515-A Long Hill Road, Guilford
S1-676846288	S3-648413280	US	US	Pesonum Summit International Group	Pesonum Summit International  Group	NY, Unit Apartment 6, Allegany, 12 Main Street	12 Main Street, # Apartment 6, Allegany, New York
S1-921326486	S3-782135202	US	US	Division of Environmental Protection	Zetalumtavo trading as Division of Environmental Protection	2719 Parallel Avenue, Kansas City, KS	2719 Parallel Avenue, Kansas City, KS
S1-502065341	S2-800824587	India	India	Acl Media (India)	Acl (Ioddi) Media	206, Advent Atria, Chincholi Bunder Road, Opp. Kingstone Tower, Malad (West), Mumbai, Mumbai City, Maharashtra	C-206, ADVENT ATRIA, CHINCHOLI BUNDER ROAD, OPP. KINGSTONE TOWER, MALAD (WEST), MUMBAI, महाराष्ट्र
S1-208033658	S2-752924889	India	India	UA Process of Kolkata	UA  Process of Kolkata Corporation	71, Canning Street 5Th Floor, Block - C, Room No. - 534, Kolkata, Howrah, West Bengal	DOOR NO #484 71, CANNING STREET 5TH FLOOR, BLOCK - C, ROOM NO. - 534, KOLKATA, West Bengal
S1-853413601	S3-512242905	India	India	International Exports Private Limited	International Exports Private  Limited	Gf, Inderpuri, New Delhi, Delhi, Central Delhi, New Delhi, House No Er-3	Gf, Inderpuri, New Delhi, DL, House No Er-3, Central Delhi, New Delhi
S1-914540645	S2-849851103	US	US	Thomas Classic Pgim LLC	thomas classic pgim llc	894 Thirlwall Court, Westerville, OH	THIRLWALL CT, WESTERVILLE, OH
S1-992597958	S2-434014185	US	US	Horizon Printing Services Inc	Horizon Printing  Services Inc	5630 Sullivan Lane, Roanoke County, VA	
S1-639245454	S2-688234562	India	India	Snap Seva Samiti	SNAPSEVASAMITI.COM	Plot No.20 & 21E Sv No. 227 Swarnaandhra Phase-2 Yapral, Hyderabad, Tirumalagiri, Hyderabad, Telangana	H.NO 20 & 21E SV NO. 227 SWARNAANDHRA PHASE-2 YAPRAL, HYDERABAD, TIRUMALAGIRI, తెలంగాణ
S1-360676936	S2-861026834	US	US	Brazil Cornerstone Osisko	Brazil Cornerstone Osisko Inc (ID: 48474)	69 Parkwest Drive, TX, Houston	69 PARKWEST DRIE, HOUSTON, TX
S1-513112912	S2-475887819	India	India	GQB Infrastructures Pvt. Ltd.	Pvt. GQB Ínfrastructures Ltd.	Delhi, Flat No- 807, 8Th Floor Ansal Classiqve Towers, Rajouri Garden, New Delhi, West Delhi	FLAT NO- 807, 8TH FLOOR ANSAL CLASSIQVE TOWERS, RAJOURI GARDEN, NEW DELHI, WEST DELHI, Delhi
S1-300630198	S2-26630121	India	India	Norton Electricals Pvt Ltd	NORTON ELECTRICALS PVT LTD.	C-105-A, G Floor, Kh No 102/22, Vishwash Park, Uttam Nagar, New Delhi, West Delhi, Delhi	C-105-A, G FLOOR, KH NO 102/22, VISHWASH PARK, UTTAM NAGAR, NEW DELHI, Delhi
S1-39594900	S2-714121410	US	US	Pediatric Dental Group of Murray Inc	PEDIATRIC DENTAL GROUP ÓF MURRAY INC	656 Murray Paris Road, Murray, KY	656 MURRAY PARIS RD, MURRAY, KY
S1-706411066	S2-745884548	India	India	Kiran Solutions Care	Kiran Sólutions Care	Plot No-11, Margi Estate, Jalundra Road, Zak, Dehgam, Gandhi Nagar, Gujarat	PLDT NO-12, MARGI ESTATE, JALUNDRA ROAD, ZAK, DEHGAM, Gujarat
S1-815373068	S3-353318355	US	US	Bennett Jackson L.L.C.	Bennett-Jackson L.L.C.	610 Elm Street, Belpre, OH	Elm St, Belpre, Ohio
S1-525016389	S3-646777463	US	US	GF Gulf Carlyle PLLC	GF Gulf PLLC Service	Houston, 134 3167, AL	134 3167, Houston CITY, Alabama
S1-272881659	S3-760154844	US	US	Integrated Eureka Inc	lntegrated Eureka Inc	7146 B Street, Kingston, OK	7146A B St, Kingston, Oklahoma
S1-496997375	S2-786428051	US	US	Mckenzie Quetta Inc.	Mckenzie Qúetta Inc.	Vale, 1310 Main Street, OR	1310 MAN SAINT, VALE, OR
S1-31446608	S3-982865038	India	India	Perfect Care Private Limited	परफेक्ट केयर प्राइवेट लिमिटेड	Malad East, 329 Survey, No340/1To3 Dwarkadhish Mr, 1403 Ctsno.328, Mumbai, Maharashtra	महाराष्ट्र, Malad East, Mumbai, Door No 1403 Ctsno.328
S1-466047024	S2-779816529	US	US	Meyer & Yockey Gabelli Inc	Meyer & Yockey-Gabelli Inc	11021 Rees Street, Donald, OR	OR, DONALD, 0011021 REES ST
S1-405874223	S3-586816342	US	US	Hetti L. Smith, Ph.D.	Hetti L. Smith,  Ph.D.	3202 Sunrise Road, Village Of Suamico, WI	3202 Sunrise Rd, PMB 6884, Village Of Suamico, Wisconsin
S1-617313449	S2-930192159	US	US	FVJ Futurewave	FVJ  FUTUREWAVE	6700 Crowley Road, Fort Worth, TX	TX, FORT WORTH, 6700 CROWLEY RD
S1-969846860	S3-589550662	India	India	HK Enterprises Private Limited	HK Enterprises Private	Plot No 38, Nandana Medows Ameenpur, Hyderabad, Telangana	No ##38, Hyderabad, TG
S1-726153331	S3-192007640	US	US	Cole Grand Abony	Cole Gfrnid  Abony	4499 Olive Avenue, Fairfield, CA	4499- Olive Avenue, Fairfield, California
S1-443662880	S3-883890860	India	India	All Foundation Private Limited	Private All Foundation Limited	69 Tardeo Rd Opp Film Centre, Mumbai, Maharashtra	D/69 Tardeo Rd Opp Film Centre, Mumbai, MH
S1-394976419	S2-220640617	India	India	Alpha Industries	अल्फा इंडस्ट्रीज	Maharashtra, Office No.311 S.No.44A/11, Pune City, Shoppers Orbit, Pune	OFFICE NO.311 S.NO.44A/11, PUNE, PUNE CITY, महाराष्ट्र
S1-287044257	S2-579479156	US	US	Carlson Pmv Care	Carlson Pmv Care (Inc.)	625 Meadowdale Drive, Romeoville, IL	625- Meadowdale Dr, ROMEOVILLE CDP, IL
S1-545533421	S3-711235351	US	US	Epperly Royal Boral	Epperly Boral Royal	8023 Hidden Cove Road, Bainbridge Island, WA	8023 Hidden Cove Rd, Bainbridge Island, Washington
S1-715788293	S3-269444098	US	US	Loomis, Henry & Davis Hcm Inc.	Loomis Henry & Davis Hcm Inc.	5913 Johnson Avenue, Jonesboro, AR	
S1-369573854	S3-810454219	US	US	Smith Fields PC	Smith Fields LLC	75 Banner Road, Cullowhee, NC	
S1-215077872	S3-549063539	India	India	Unify Brothers Company	Unify-Brothers Company	Off. No.90, 2Nd Floor, Prestige Point, 283 Shukrawar Peth, Pune, Maharashtra	Off. No.90, 2Nd Floor, Prestige Point, 283 Shukrawar Peth, Pune, Ranjangaon, महाराष्ट्र
S1-391042056	S2-9935697	India	India	Find Projects Limited	Find Projects [Ltd] [Ltd]	709, 7Th Floor, A-01 D Mall, Netaji Subash Place, Pitampura, Delhi, North West, Delhi	709, 7TH FLOOR, A-01 D MALL, NETAJI SUBASH PLACE, PITAMPURA, DELHI, Delhi, NULL
S1-429172552	S3-623572608	India	India	Jagadhatri Services Private Limited	Jagadhatri Private Services Limited	610/611 Avior Bldg Nirmal, Galaxy Lbs Rd Mulund, Mumbai, Maharashtra	
S1-801822903	S3-968639394	US	US	Wilson, Gus K., DO PLLC	Wilson, Gus K., DO	133 Minnesota Circle, Jacksonville, AR	##133 Minnesota Circle, Jacksonville, Arkansas
S1-831960312	S2-113957626	US	US	Clarke, Hernandez & Mohn Sterling Inc	CLARKE, HERNANDEZ &  MOHN STERLING INCORPORATED	111 Arrowhead Pass, Wimberley, TX	111B ARROWHEAD PASS, WIMBERLEY, TX
S1-82782936	S3-35362499	India	India	Hari Great Consulting Private Limited	Hari Great Consulting Private	Maharashtra, Mumbai, Gala No 1, Mumbai City, Kolapte Chl, Kulupwadi Borivali, Near Bangadi Factory	Gala No 1, Mumbai City, Mumbai, Kolapte Chl, Kulupwadi Borivali, Near Bangadi Factory, महाराष्ट्र
S1-966193558	S3-331183968	US	US	Select Anchor Diversified Associates	Select-Anchor	10046 Mcnaughton Circle, South Jordan, UT	Mcnaughton Circle, PMB 1154, South Jordan, Utah
S1-512126166	S3-493097007	India	India	Chennai Brothers Private Limited	Private Chennai Brothers Limited	Shop 6 Flr Grd, 35-Tawkkal Manzil Kambekar St Minara Masjid Pydhoniemandvi, Mumbai, Mumbai City, Maharashtra	Shop #6 Flr Grd, Mumbai, Mumbai (SUBURBAN), महाराष्ट्र
S1-834834808	S3-906110589	India	India	Dipak Vidyalaya	Smt @dipakvidyalaya	62/4034 A, Palal House, Iyyattil Lane, Ernakulam, Kerala	62/4034/7 A, Ernakulam, Keralam
S1-14098555	S3-493703035	US	US	Kurian and Berg, LLC	Kurian and LLC Berg,	12502 Fleming Road, Powell Butte, OR	012502 Fleming Road, Pwell Butte, Oregon
S1-575474857	S3-993668714	US	US	American Resources LLC	American Resources Llc	OH, 1075 Merrimar Circle, Columbus, Unit F	1075 Merrimar Circle, <NULL>, Columbus, Ohio
S1-54986555	S2-654504489	India	India	Indian Products Limited	इंडियन प्रोडक्ट्स लिमिटेड	Sn 1204/ 1&21 Kamla Arcade J M Road, Opp Balgandharva, Pune City, Pune, Maharashtra	SN 1204/ 1&21 KAMLA ARCADE J M ROAD, OPP BALGANDHARVA, PUNE CITY, PUNE, महाराष्ट्र
S1-742411188	S3-673652592	India	India	Verbena Resorts Private Limited	Verbena Limited Private Resorts	12-B /440, Vrindavan Yojna Raebareli Road, Lucknow, Uttar Pradesh	#2-B /440, Vrindavan Yojna Raebareli Road, Lucknow, UP
S1-201149351	S3-177789375	US	US	Wiley & Forte Ultra PLLC	Wileyforteultra.Com	4 Frank's Lane, Dudley, MA	4. Frank'S Ln, Dudley, Massachusetts
S1-460456533	S2-703752633	India	India	Blooming Advisors	Blooming Advisors	45, Near Shiv Mandir, Vill-, Sarthua Milki, Shajhanpur, Daniyawan, Patna, Bihar	45, NEAR SHIV MANDIR, VILL-, SARTHUA MILKI, SHAJHANPUR, DANIYAWAN, बिहार
S1-499013867	S3-881355783	US	US	A+ Citigroup	A+ Citig0p	603 Teal Street, Janesville, MN	0603 Teal St, Janesville, Minnesota
S1-824702152	S2-647464906	US	US	Sandy Jimenez Global Bain Inc	Jimenez, Sandy Global Bain Inc	1776 Freeman Drive, City Of Neenah, WI	CITY OF NEENAH, 1776 FREEMAN DR, WI
S1-348734511	S3-765073936	US	US	Surgical Group	Surgical Group	768 Pippin Drive, Nashville, TN	768-C Pippin Drive, Antioch, Tennessee
S1-242220040	S2-628106962	India	India	XLX Garments Private Limited	xlxgarments.com	H No 15 Kh No 390 Raj Puram Chipyana Bujarg, G B Nagar, Ghaziabad, Uttar Pradesh	H.NO #15 KH NO 390 RAJ PURAM CHIPYANA BUJARG, G B NAGAR, GHAZIABAD, Uttar Pradesh
S1-59096702	S3-516216261	India	India	BQ Tax Limited	BQ Tax Limited	S 492/A Greater Kailash Part 1, New Delhi, South Delhi, Delhi	
S1-176886785	S3-756800448	US	US	Shumate Regional P.C.	SHUMATE REGIONAL P.C.	Stanford, 23 Michelle Drive, KY	23 Michelle Drive, Stanford, Kentucky
S1-541640963	S2-640436879	US	US	Silver Creative Consultants	Silver Creative	190 Shunpike Road, Cromwell, CT	190 SHUNPIKE ROAD, CROMWELL, CT
S1-775559630	S3-579732952	India	India	Lakshminarayana Solutions Pvt. Ltd.	LAKSHMINARAYANA SOLUTIONS PVT. LTD.	H No.2890 F/F, Gali No-5, Chuna Mandi, Paharganj, Delhi, Central Delhi, Delhi	2890 F/f, Gali No-5, Chuna Mandi, Paharganj, Delhi, Central Delhi, DL
S1-368752602	S2-570110838	US	US	Great Diamond Cap LLC	GREATDIAMONDCAP.COM	6444 67th Avenue, Unit 1085, AZ, Glendale	##6444 67ND AVE, GLENDALE, AZ
S1-807915345	S2-358218794	India	India	One Energy Private Limited	वन एनर्जी प्राइवेट लिमिटेड	84, T.H. Kataria Marg, 21/21A, Dhanlaksmi Bldg. Matunga (W), Mumbai, Maharashtra	8-4, PANVEL, महाराष्ट्र, DHANLAKSMI BLDG. MATUNGA (W)
S1-721801900	S3-922831578	US	US	Family Care	Family (Care)	559 Englewood Street, Concord, NC	Englewood Street, Concod, North Carolina
S1-643652819	S2-983588363	US	US	Verrent Graphics LLC	Verrent Graphics Llc	133 Spruce Street, Batavia, NY	SPRUCE SAINT, BATAVIIA, NY
S1-438324991	S3-940203149	US	US	Doss Platinum Sachs	Doss Platinum Sachs Ltd	Holiday Island, AR, 94 Valley Drive	94 Valley Dr, N/A, Holiday Island, Arkansas
S1-718027280	S3-45225316	US	US	Storer Precision	Storer Precision	1774 Independence Boulevard, Virginia Beach City, VA	#1774 Independence Blvd, Virginia Beach City, Virginia
S1-70060758	S3-633479923	India	India	All Business Private Limited	ಆಲ್ ಬಿಸಿನೆಸ್ ಪ್ರೈವೇಟ್ ಲಿಮಿಟೆಡ್	194, Sy No. 59/1 Kengeri (H), Sunkal Palya, Bangalore, Karnataka	194, Sy No. 59/1 Kengeri (H), Sunkal Palya, Bangalore, KA
S1-422805032	S3-287004581	India	India	Perfect Foods Private Limited	PERFECT FOODS PRIVATE LIMITED	612, Ganesh Glory, Jagatpur Road, Nr. Bsnl Tower, Near Ganesh Genesis Village Jagatpur, Taluka Daskroi, Daskroi, Ahmedabad, Gujarat	Hn 954 612, Ganesh Glory, Jagatpur Road, Nr. Bsnl Tower, Near Ganesh Genesis Village Jagatpur, Taluka Daskroi, Daskroi, Gota, Ahmedabad, ગુજરાત
S1-255827271	S2-866084134	India	India	Tulsi Organics Private Limited	Tulsi Organics Prsrvea Limited	H No. 5/212/3, 5/212/2/A, 5/212/B, Near Kailash T, Wada, Thane, Maharashtra	5/212/3  , 5/212/2/A, 5/212/B, NEAR KAILASH T, WADA, महाराष्ट्र
S1-135506604	S2-542929335	India	India	Small Welfare Society	Mr Small Welfare-Society	Plot No. 220, Road No. 9, Vasavi Colony, Near Ashtalaxmi Temple, Saroor Nagar, Hyderabad, Telangana	PLOT NO. 220, ROAD NO. 9, VASAVI COLONY, NEAR ASHTALAXMI TEMPLE, SAROOR NAGAR, HYDERABAD, Telangana
S1-239039421	S2-496390336	US	US	Pediatric Dental Specialists of Rowland	dentalpediatric.com	928 Henry Berry Road, Rowland, NC	928- HENRY BERRY RD, ROWLAND, NC
S1-863658226	S3-489151894	US	US	Law Capital Center	Law Capital Center Inc	3320 Highway 241, Clarendon, AR	3320 Highway 241, Clarendon, Arkansas
S1-702140680	S3-225099576	India	India	Swastik Energy Private Limited	Onyxrizax DBA: Swastik Energy Private Limited	B 2/312, Pocket P4, B R O Housing Society (Himsagar Apartment), Greater Noida, Gautam Buddha Nagar, Uttar Pradesh	B 2/312, Uttar Pradesh, Gautam Buddha Nagar, Pocket P4, B R O Housing Society (Himsagar Apartment), Greater Noida
S1-935795931	S3-473281799	US	US	Vanguard Marine Company Corp	Vanguard Marine Company Corporation	114 Farmside Drive, Forest City, NC	114 Farmside Dr, Forest City, North Carolina
S1-669204413	S2-398401929	US	US	Strategic Environmental Services LLC	LLC Strategic Environmental Services	1639 Buttonwood Court, Harrisonburg City, VA	1639 BUTTONWOOD CT, HARRISONBURG CITY, VA
S1-805022878	S2-998688204	US	US	Blue Charities	blue charities	1110 Marydale Lane, Rock Hill, SC	1110 MARYDALE LANE, ROCK HILL, SC
S1-540221901	S3-842029404	India	India	Hitech Infra Private Limited	Shri Hitech Infra Private [Ltd]	Dharwad, Rayapur Industrial Area, Dharwad, Karnataka, No 190-P, Dharwar	No 00190-P, Dharwad, Dharwar, KA
S1-241238836	S3-350357388	US	US	Cecily D. Kraus, Esq.	Cecily D. Krraubs, Esq.	Fairfax County, VA, 1563 Church Hill Place, Unit CND 1563	1563 Church Hill Pl, # CND 1563, Reston, Virginia
S1-930754829	S2-818700015	US	US	R 6 A Energia Inc	R 6 A Energia  Inc	5555 New Carlisle-st Paris Road, New Carlisle, OH	555 NEW CARLISLE-ST PARIS RD, NULL, NW CARLISLE CITY, OH
S1-936498936	S3-758281797	US	US	Tri-State Heritage Enbridge LLC	Tri-State Heritage Enbridge [Llc]	502 Main Street, Rutherfordton, NC	#502 Main St, Rutherfordton, North Carolina
S1-731377532	S3-565651510	US	US	Meghan Hoover Vulcan	Meghan Hoover Vulcan Inc.	8350 Cascade Avenue, Unit Apt 1107, West Des Moines, IA	Cascade Avenue, West Des Moines, Iowa
S1-879917283	S3-864702288	India	India	Seven Management Limited	SM	E-22, First Floor, J.J. Colony, New Delhi, West Delhi, Delhi	E-22, First Floor, J.J. Colony, New Delhi, West Delhi, Delhi
S1-519870607	S3-947008781	India	India	Fortune International Business Private Limited	Fortune International Business Private  Limited	1864 Rajdanga Mainroad Block-Ge, Plot-79, Kolkata, Kolkata, Howrah, West Bengal	পশ্চিমবঙ্গ, Howrah, Rajdanga Mainroad Blok-ge, Kolkata
S1-279864863	S2-728652729	US	US	Harrison & Davis LLC	HARRISON & DAVIS	8715 Island Pointe Drive, Hebron, MD	8715 1/2 ISLAND POINTE DR, HEBRON, MD
S1-173306888	S2-826467012	US	US	NR Space LLC	NR SFPCBAE (LLC)	AL, Birmingham, 6608 Frankfort Avenue	06608 FRANKFORT AVE, BIRMINGHAM, AL
S1-657722834	S3-267390921	US	US	Lorelle's Grill	Lorelle's Gríll	77 Blakes Chapel Road, Hampstead, NC	
S1-599587546	S3-543955365	India	India	Numax Consultant Pvt Ltd	Numax Consultant Pvt-Limited	Capital Core 2Nd Floor S.No 167/169/1, Plot No. 61, Nashik, Maharashtra	Capital Core 2Nd Floor S.no 167/169/1, Plot No. 61, Nashik, MH
S1-439667865	S2-108046288	India	India	Dak India (India) of Bangalore North	Dak India (India) of Bangalore North LLP	No.34, Ramappa Nilaya, 5Th Floor, 3Rd Cross, Bangalore North, Bangalore, Karnataka	
S1-791027231	S2-161249529	US	US	Blue Council Ltd	Blue Council [Ltd]	345164 840 Road, Agra, OK	OK, AGRA, 345164-345168 840 ROAD
S1-276252009	S2-385081325	US	US	Lucia, Morgan and Mcneese Genetics LLC	Lucia, Morgan and Mcneese-Genetics LLC	14720 Fourth Street, Unit 102, Laurel, MD	14720 FOURTH ST, LAUREL, MD
S1-100857411	S2-889992440	US	US	Certified Mobility Technologies	TECHNOLOGIES MÓBILITY CERTIFIED	Jenks, OK, 13963 21st Street	13963 1/2 21TH ST, BIXBY CDP, OK
S1-844242288	S2-749151100	US	US	Cotto, Richards & Gillard Aimei	COTTO, RICHARDS & GHILLARD AIMEI	319 Paradee Drive, Dover, DE	319-321 PARADEE DRIVE, DOVER, DE
S1-216715899	S3-122317809	US	US	Dedynis Iron Works	Dedynis-Iron	27216 135, Osage, MN	27216 135, Minnesota, Osage
S1-67803765	S2-343367971	US	US	Dermatology Physicians	DERMATOLOGY  PHYSlCIANS DISTRICT	1810 25th Street, Moline, IL	MOLIINE, IL, 25ST STREET
S1-792685317	S2-549471569	India	India	EXU Barter Pvt. Ltd.	EXU Pvt. Ltd. Services	C/O Tula Nand Mishra, Vill Kachhua, Tola Kachhua, Panch Kachhua, Block Jale, Darbhanga, Bihar	C/O TULA NAND MISHRA, VILL KACHHUA, TOLA KACHHUA, PANCH KACHHUA, BLOCK JALE, DARBHANGA, Bihar
S1-571394420	S3-173563230	India	India	Golden Concept Private Limited	Limited Golden Concept Private	A/6 Yashwant M G Roadghatkopar (E), Mumbai, Maharashtra	A/6 Yashwant M G Roadghatkopar (E), Mumbai (SUBURBAN), Mumbai, महाराष्ट्र
S1-168619175	S3-514129113	US	US	Martinez & Bussell Cbre Inc	Inc Martinez & Bussell Cbre	2625 English Drive, TX, Vernon	English Drive, Vernon CITY, Texas
S1-928908423	S3-677243427	India	India	Harvest Medical Centre	Harvest Mecal Centre	Palakkad, 335/66 Raghava Avenue, Palakkad, Kerala, Alamapallam Rd Kallepully	335/66 Raghava Avenue, Alamapallam Rd Kallepully, Palakkad, KL
S1-117998331	S2-753182408	US	US	Empire Network	EMPIRE-[NETWORK]	75 Edwin Place, Asheville, NC	75-D EDWIN PL, ASHEVILLE, NC
S1-34135184	S3-445886912	US	US	U W & K White L.L.C.	U W K White L.L.C.-Services	9449 Dayton Pike, Soddy-daisy, Unit 204, TN	9449 Dayton Pike, Unit 204, Soddy-Daisy, Tennessee
S1-317081308	S2-879208712	US	US	Daveta Laing Sterling	DLS	116 Morgan Road, West Union, SC	116-C MORGAN RD, WEST UNION, SC
S1-450631138	S3-242643498	US	US	Synus Choice Lithium Inc	Synus Choice Lithium Lithium	2811 Foresta Lane, Tontitown, AR	Springdale, 002811 Foresta Ln, Arkansas
S1-596835812	S3-673570283	US	US	Uptown Coffee	Uptown Cóffee	2325 Old Well Road, Morrison, TN	2325 Old Well Rd, Morrisno, Tennessee
S1-611323462	S2-217854599	India	India	LL India Mumbai	@LLINDIA	A/705, Sahyadri Tower Chs Ltd, Upper Govind Nagar Near Upwan Tower, Malad East, Mumbai, Mumbai City, Maharashtra	A/705, SAHYADRI TOWER CHS LTD, UPPER GOVIND NAGAR NEAR UPWAN TOWER, MALAD EAST, MUMBAI, MUMBAI CITY, महाराष्ट्र
S1-688935506	S2-353786323	India	India	Krishna Foods Private Limited	KRISHNA PRIVATE LIMITED SERVICES	Flat No. 1004, D Bldg, Gat No. 230, Silver 9 Opp Nhaveli, Pimpri Chinchwad, Pune, Maharashtra	H.NO 1004 , D BLDG, GAT NO. 230, SILVER 9 OPP NHAVELI, PIMPRI CHINCHWAD, PUNE, Maharashtra
S1-15847016	S2-113754683	India	India	Eastern Southern Investment Private Limited	ईस्टर्न सदर्न इन्वेस्टमेंट प्राइवेट लिमिटेड	90A/4Kha, East Baghambri Gaddi Allahpur, Allahabad, Uttar Pradesh	90A/4KHA, EAST BAGHAMBRI GADDI ALLAHPUR, ALLAHABAD, Uttar Pradesh
S1-634893286	S2-686992996	India	India	Bharat Industries Private Limited	भारत इंडस्ट्रीज प्राइवेट लिमिटेड	Flt B-205, Royal Co Op Hsg Soc Opp Royal Inn Hotel, Thane, Maharashtra	FLT B-205, ROYAL CO OP HSG SOC OPP ROYAL INN HOTEL, THANE, Maharashtra
S1-743026903	S3-408289440	US	US	Lee Stifel	Jaxtavo DBA: Lee Stifel	Bullard, 611 Oak Street, TX	611 Oak Street, Bullard, TX
S1-987082219	S3-230168873	India	India	Blue Industries Private Limited	ब्लू Industries प्राइवेट लिमिटेड	902 Amrut Residency Amrutwani Road, Bhayandar West, Thane, Maharashtra	D/902 Amrut Residency Amrutwani Road, Bhayandar West, Mira Bhayandar, MH
S1-542536794	S2-800872280	India	India	Pratham Fincon Private Limited	PRATHAM FLCNO PRIVATE PRIVATE LIMITED	Nanded, Nanded Kaut Waghala, Maharashtra, Nanded, Plot No. 21. Kautuk Nagea	0021. KAUTUK NAGEA, NANDED KAUT WAGHALA, NANDED, Maharashtra
S1-484489273	S3-359627330	India	India	Jay Ram Consulting Limited	Jay Ram Consulting  Limited	Coimbatore, No.78, Tamil Nadu, Cheran Towers, Govt Arts College Road, Coimbatore	H.no 78, Cheran Towers, Govt Arts College Road, Coimbatore, Coimbatore, TN
S1-822424967	S3-123335281	US	US	Pacific Agricultural Networks LLC	Arcdelta DBA Pacific Agricultural Networks LLC	191 Blue Gill Drive, Town Of Milford, WI	191 Blue Gill Drive, Town Of Milford, WI
S1-629126450	S2-378884322	US	US	Silver Bike Shop	SILVER  BIKE SHOP CO	90 Washington Street, Unit 403, Taunton, MA	90-94 WASHINGTON STREET, TAUNTON, MA
S1-329498985	S3-344313691	India	India	Marvel Vyapaar Private Limited	Marvel  Vyapaar Private Limited	Chandrawati Devi, W/O Anugrah Das New Mithila Colony, Digha, Danapur, Patna, Bihar	Chandrawati Devi, Patna, बिहार
S1-506983907	S3-4621597	India	India	New Infra Private Limited	New Ibga Private Limited	Uttar Pradesh, Lucknow, B- 109 Vibhuti Khand Gomti Nagar	
S1-121267888	S3-117264206	US	US	Mccord, Richman and Mcdonald	Mccord, Richman ánd Mcdonald	Ottawa, OH, 1016 Main Street	Ohio, Ottawa, 01016 Main St
S1-180437685	S3-179371351	US	US	Education Trust	Education  Trust	416 Chestnut Street, Ness City, KS	##416 Chestnut Street, Ness City, Kansas
S1-5051588	S3-359175040	US	US	Gregg Athene	#greggathene	981 Padera Lake Boulevard, Midlothian, TX	981- Padera Lake Boulevard, Midlothian, Texas
S1-464833746	S2-692181355	US	US	West Legacy Diagnostics PLLC	West Legacy Diagnostics P.L.L.C.	66 1/2 Worcester Street, Taunton, MA	MA, 6943 WORCESTER STREET, TAUNTON
S1-54689946	S3-928094002	India	India	Brindavan Nursing Private Limited	Brindavan Nursing Private Ltd	Giriraj Ground Flooriron Market Sant Tukaram Road, Mumbai, Maharashtra	Giriraj Ground Flooriron Market Sant Tukaram Road, Thane, महाराष्ट्र
S1-972495469	S3-494827518	US	US	QY Payments LLC	LLC QY Páyments	416 Market Street, Kenton, OH	416 Market St, Kentn Township, Ohio
S1-662601253	S2-325629912	US	US	Trinity Chapel LLC	Trinity Chapel Llc	3424 147th Street, Cleveland, OH	3424 147TH ST, N/A, CLEVELAND, OH
S1-844829333	S3-457790173	India	India	Supreme Logistics Limited	Supreme Logistics ([Limited])	17 Picnic Park, Rander Road, Surat City, Surat, Gujarat	Door No 17 Picnic Paak, Surat City, Surat, GJ
S1-158621918	S2-914921956	US	US	Solus Proem Inc	Solus Psorme (Inc)	14636 Pommel Drive, Rockville, MD	14636 POMMEL DR, PO BOX 6918, ROCKVILLE, MD
S1-399735021	S2-458497619	India	India	Black Care Private Limited	ಬ್ಲ್ಯಾಕ್ ಕೇರ್ ಪ್ರೈವೇಟ್ ಲಿಮಿಟೆಡ್	No 8, 4Th Cross, 8Th Main, 2Nd Block, Teachers Colony Hbr Layout, Kalyan Nagar, Bangalore, Karnataka	NO 8/4, 4TH CROSS, 8TH MAIN, 2ND BLOCK, TEACHERS COLONY HBR LAYOUT, KALYAN NAGAR, BANGALORE, Karnataka
S1-304836259	S3-972223824	US	US	Leclair Ave	Avisol DBA Leclair Ave	335 Morehead Drive, Wilson's Mills, NC	335 Morehead Drive, Wilson's Mills, NC
S1-216323034	S2-576077186	India	India	My Properties Private Limited	... My Properties Private Límited	Plot No-1203/7D Sector-9 Cda, Cuttack P.S Markat Nagar, Cuttack, Orissa	DOOR NO 727 PLOT NO-1203/7D SECTOR-9 CDA, CUTTACK P.S MARKAT NAGAR, CUTTACK, Odisha
S1-911094100	S2-9977111	India	India	Harini Media Ltd	Harini Metdai Ltd	245/39 Gali No 5, East Delhi, East School Block M, Delhi	H.NO 245/39 GALI NO 5, EAST SCHOOL BLOCK M, EAST DELHI, Delhi
S1-200633236	S2-515319930	US	US	Helios Dental Inc	HELIOS (DENTAL)	709 11th Avenue, Austin, MN	ELEVENTH AVENUE, AUSTIN, MN
S1-801132095	S3-35684671	US	US	Meis	The Meis	Town Of Green Lake, WI, N4467 Horner Road	4467 Horner Road, Town Of Green Lake, Wisconsin
S1-21152130	S2-349263371	India	India	Srishti Clinic	Srishti C1inic	Du-17, M.H.No.29 G, Ambeshwar Bhuvan, A, Khotachi Wadi, Gir Gaon, Mumbai Town Opera House, Mumbai, Maharashtra	DU-17, M.H.NO.29 G, AMBESHWAR BHUVAN, A, KHOTACHI WADI, GIR GAON, MUMBAI TOWN OPERA HOUSE, महाराष्ट्र
S1-793384450	S3-43724444	US	US	Behavioral Health Anchor Physicians Inc	Behavioral Inc Anchor  Physicians Health	425 Lawless Lane, Russell, KY	Lawless Ln, Russell, Kentucky
S1-539336970	S3-666042872	US	US	Dever and Sheehan LLC	Dever & 5íeean LLC	25647 Myers Creek Road, OR, Gold Beach	025647 Myers Creek Road, Goldbeach, Oregon
S1-771056095	S3-209069080	US	US	Garzon's First Ventures LLC	Garzonsfirstventures.Com	206 Adams Street, Mena, AR	Arkansas, 206 Adams Street, Mena
S1-899710159	S3-615660782	US	US	Shaylyn Rudisill Bright Dpc	Shaylyn Rudisill Dpc Service	479 Powers Road, Genoa, NY	00479 Powers Road, Genoa, New York
S1-944819655	S2-783709540	US	US	Rutz Peak Usa	RUTZ PEAK USA CORP	1007 Adams Street, Unit 2, Olympia, WA	1007 ADAMS SAINT, OLYPMIA, WA
S1-669529377	S2-788271274	US	US	Modern Made PLLC	Modern Mdeae PLLC	2750 Loves Creek Road, Unit H, Knoxville, TN	750 LOVES CREEK RD, KNOXVILLE, TN
S1-900811061	S2-590206365	India	India	Bhupinder Traders Private Limited	Private Bhupinder Traders Ltd	Mysore, Mg Road, (N-E Of Mahadevapura Extension), Karnataka, Mysore, 130/A	C-130/A, MG ROAD, (N-E OF MAHADEVAPURA EXTENSION), MYSORE, Karnataka
S1-177567343	S3-640567688	India	India	Mc & Sons	MC & SONS	Jm Orchid Flat No. F-1203 Gh-01C Sector 76, Noida, Gautam Buddha Nagar, Uttar Pradesh	Jm Orchid Flat No. F-1203 Gh-01c Sector 76, Noida, Gautam Buddha Nagar, UP
S1-773143274	S3-659149976	US	US	Stewart, Chrysler, D.D.S. Care	Jaxonyx One doing business as Stewart, Chrysler, D.D.S. Care	400 Cabot Street, Portsmouth City, VA	400 Cabot Street, Portsmouth City, VA
S1-67359361	S2-421974100	US	US	Ginsberg Trusted Midland, LLC	#ginsbergtrusted - 4883472321	2106 Pollard Street, Greenville, TX	POLLARD ST, GREENVILLE, TX
S1-381908730	S3-827228053	India	India	Blue Agro Private Limited	Blue Agro Private	Survey No. 317, Village: Nani Pipali Radhanpur Kandla Highway, Radhanpur, Patan, Gujarat	Survey No. 17, Radhanpur, Patan, GJ
S1-710068656	S3-312222219	US	US	French, Guinta and Dehart Japan Care	frenchguintadehart.com	16 Ventura Avenue, Pittsfield, MA	Pittsfiield Township, 16  Ventura Avenue, Massachusetts
S1-972384165	S2-363338668	India	India	Shiva Infra Private Limited	शिवा इंफ्रा प्राइवेट लिमिटेड	1302 13 Floor B Wing Vikas Paradise Tower 3 Bhakti Marg Lbs Marg Mulund West, Mumbai, Mumbai City, Maharashtra	MUMBAI, Maharashtra, DOOR NO #1302 13 FLOOR B WING VIKAS PARADISE TOWER 3 BHAKTI MARG LBS MARG MULUND WEST, MUMBAI CITY
S1-69556782	S2-908130757	US	US	WW Rithm	WW Rithm Corporation	4017 Aberdeen Road, Nashville, TN	NASHVILLE, TN, 4017 ABERDEEN RD
S1-69419674	S2-329340199	India	India	High Real Hospitality Private Limited	Private High Real Limited Hospitality	Telangana, Tirumalagiri, 15-24-95/102, Mig 95, Rdno1 Maathru Chaya Nivas, Hyderabad	TIRUMALAGIRI, HYDERABAD, MIG 95, RDNO1 MAATHRU CHAYA NIVAS, Andhra Pradesh, 1-5-24-95/102
S1-472276	S2-674930324	US	US	A Cure 8 All LLC	A Cure 8 All [LLC]	AL, Montgomery, 2709 Russell Lane	2709 RUSSELL LN, MONTGOMERY, AL
S1-148614790	S3-902691085	US	US	Herrell Talon LLC	Wexsol	171 Stonebriar Lane, Fl 1, Hillsboro, OR	171 Stonebriar Lane, Fl 1, Hillsboro, OR
S1-797013766	S2-501604153	US	US	Capital Center VI-Benicia	Capital Center VI-Benicia Ltd	1811 Shirley Drive, Fl Floor 1, Benicia, CA	181 SHIRLEY DRIVE, BENICIA, CA
S1-84778103	S2-788121532	India	India	Pillar International School	PILLAR INTERNATIONAL SCHOOL LIMITED	W. No. 15 Anjani Nagar Ashta, Dist Sehore, Ashta, Sehore, Madhya Pradesh	W. NO. 15 ANJANI NAGAR ASHTA, DIST SEHORE, ASHTA, Madhya Pradesh
S1-142099526	S3-856391414	India	India	India Srishti Aviation Private Limited	India Srishti Aviation Private	161A, Karunthampattu (Po) Kallak, Sivagangai, Sivaganga, Tamil Nadu	161A, NULL, Sivagangai, தமிழ்நாடு
S1-8125243	S3-22564968	US	US	Main Street Hypnosis	Main Street	19062 Ivanhoe Drive, MN, Elk River	19062 Ivanhoe Dr, Elk River Township, Minnesota
S1-57389942	S3-820038539	India	India	Anand It	Anand Center	C/O Md Humayun Sarifganj Daharia, Katihar, Bihar	C/o Md Humayun Sarifganj Daharia, Katihar, BR
S1-435543699	S2-237561463	US	US	Shaw Pgim	shawpgim.com	852 Woodbury Road, Woodbury, VT	852-854 WOODBURY ROAD, WOODBURY, VT
S1-64654240	S2-151910715	India	India	Krishna Global Private Limited	कृष्ण ग्लोबल प्राइवेट लिमिटेड	West Delhi, E 47 Chanakya Place Uttm Nagar, Delhi, New Delhi	E 47 CHANAKYA PLACE UTTM NAGAR, NEW DELHI, WEST DELHI, Delhi
S1-320624315	S2-227254335	US	US	Premier Sierra LLC	Premier Sierra	4607 Calumet Avenue, Unit 1, Chicago, IL	
S1-709001777	S3-8612127	India	India	First Trading Private Limited	First Trading Private	Flat No 603, Trilok, Enclave, Canel Road, Nagpur, Maharashtra	#00603, Nagpur, महाराष्ट्र
S1-893964548	S2-109634415	India	India	Royal Foods Private Limited	রয়্যাল ফুডস প্রাইভেট লিমিটেড	161/1, A. C. Road, By Lane 9, Indraprastha, P.O. Khagra, Berhampore, Murshidabad, West Bengal	BERHAMPORE, 161/1, MURSHIDABAD, West Bengal
