s1_id	rid	s1_name	rec_name	s1_addr	rec_addr	country	key_eq	addr_eq	rank_emb	rank_comb	rank_name	rank_addr	top1_emb_name	top1_emb_addr
S1-26608286	S3-824110210	Bangalore (india)private LLP	Bangalore (india)private [LLP]	No.52, Pawan Kumar Cio Mr. Jagarnatha, 1S Cross Lakkashandara, Opp. Brindawan C, Lassic, Bangalore, Karnataka	No.52, Bangalore, ಕರ್ನಾಟಕ	India	true	false	6	99	99	99	Bangalore (india) Private Limited	Karnataka, #52, Ii Floor, Nehru Road Kammanahalli, Bangalore
S1-927904428	S3-981848650	Udaipur Automation Limited	Udaipur  Limited Service	59, New Rampura Circle Near Bsnl Tower, Udaipur, Rajasthan	""	India	false	false	99	99	99	99	Udaipur Limted Pvt Ltd	34, Shopping Centre Opposite Indian Oil Depo, Sector-11, Hir, An Magri, Udaipur, Rajasthan
S1-515351671	S2-378573272	Housing Project PC	housing project pc	Norris, TN, 59 Reservoir Road	""	US	true	false	6	99	99	99	Housing Project	435 Eddy Ridge Road, Burnside Twp, PA
S1-875468454	S3-228598745	Classic Software	Smt Classic Software	210, Mumbai City, Floor-2, Plot 416 Hammersmith Ind Estate, Narayan Pathare Marg, Off Sitaladevi Tem, Ple, Maharashtra, Mahim	10, Mumbai City, MH	India	true	false	7	99	99	99	Classic Software LLP	B-1008, Damji Shamji Corporate Square, Laxmi Nagar, Ghatkopar-East, Mumbai, Mumbai City, Maharashtra
S1-360329634	S3-344120637	Millennial Fertility Ltd	MF	Plot No-958/2448, Prakruti Vihar, Bhubaneswar, Khordha, Orissa	Plot No-958/2448, Prakruti Vihar, Bhubaneswar, Khordha, Orissa	India	false	true	99	99	99	99	MF Farmer Private Limited	Old No.93, New No.50 Armenia Street Chennai, Armenia, Chennai, Tamil Nadu
S1-659509976	S3-25664036	Urology Medicine	Urology Medicine Holdings	7618 Matera Street, Fairfax County, VA	""	US	true	false	99	99	99	99	Urology Medicine Inc	3865 200, Concord, NC
S1-522962870	S2-944156932	Pavo Group Corporation	SYNXYLOCALO	8/654 E, Mythri Nagar, Rajeev Gandhi Road, Melakkam, Karuvambram Po, Manjeri, Manjeri, Malappuram, Malapuram, Kerala	##8/654 E, MALAPURAM, MALAPPURAM, Kerala	India	false	false	99	99	99	99	Shree Sangh	No.3/654 D, Tirurangadi, Malappuram, Malapuram, Kerala
S1-542489854	S2-24367221	A Express Argentina	A A Express	Houston, TX, 7215 Wynnwood Lane	""	US	false	false	99	99	99	99	A Express Select LLC	860 Catavinos, Tucson, AZ
S1-889714740	S2-14206308	Pragati Associates Private Limited	Fluxnyla	Cabinno.11, 6Thfloor, Dream, Heights Cyb-5, Cyber Park, Jodhpur, Rajasthan	CABINNO.11, JODHPUR REGION, JODHPUR, Rajasthan	India	false	false	99	99	99	99	Jbt Group	D No 11/110, Raja Gurdenes, Ntr Colony, Puttur, Chittoor, Andhra Pradesh
S1-345916009	S2-612061875	Steward Traders Private Limited	Soltavoavi	G1, 1St Cross. Prabhavathi Builders, Behind Mahindra Show Room, Bangalore, Karnataka	G1, BENGALURU, BANGALORE, Karnataka	India	false	false	99	99	99	99	Sd Services Private Limited	No.994, Sri Sai Tower, 1St Main Koramangala, 1St Block, Bangalore South, Bangalore, Karnataka
S1-763025924	S2-901735489	East Shree Business Private Limited	East Shree Business Private Ltd	Shop No.. C-3, First Floor, Terminal Market, Sanganer, Jaipur, Rajasthan	""	India	true	false	99	99	99	99	East Business Pvt Ltd	301 Surat Sada Surat Street Masjid East, Mumbai, Maharashtra
S1-892640623	S3-5314560	BGY Nursing Pvt. Ltd.	Kelotavo	Flat No 257, Cycle Market, Dda Commercial Complex I, New Delhi, Central Delhi, Delhi	#257, New Delhi, Central Delhi, DL	India	false	false	99	99	99	99	Vigilant Academy	257Cycle Market, New Delhi, Central Delhi, Delhi
S1-966590355	S3-454653721	Balaji Agro Private Limited	Balaji Agro Private	Maharashtra, Gno-44&45, Pune, Fl No-C-32, Nr. Nageshwar Vidhyalay, Shiv-Classic, Pune	""	India	true	false	99	99	99	99	Balaji Agro Private Limited	Gadchiroli, Maharashtra, C/O Satish Vasantrao Gogulwar At Po-Kurkheda Hn. 79, Near Tq Kurkheda
S1-922129163	S3-926800024	Happy Hair Studio, LLC	Happy Háir Studio, Llc	1212 22nd Street, Auburn, WA	""	US	true	false	99	99	99	99	Happy Hair Studio	5907 Maxon Avenue, Nashville, TN
S1-205997046	S3-408924880	Shiv Products Private Limited	Shiv Private Limited Center	No-23/1, 2Nd Floor, Coles Road, Frazer Town, Bangalore, Karnataka	Door No 750 No-23/1, Bangalore, KA	India	false	false	10	99	99	99	Shiv Finance Private Limited	Unit F 18 1St Floor The Affaires Plot 9 Sector 17 Opp. Bhumiraj Costarica, Off Palm Beach M, Arg, Sanpada Navi Mumbai, Thane, Maharashtra
S1-619413006	S3-55328388	Vedyndyne Management PLLC	Vedyndyne PLLC Service	3117 Mulberry Street, Fayetteville, AR	""	US	false	false	99	99	99	99	Syndyne	20333 Anzalone Drive, Unit #158, Beaverton, OR
S1-822094451	S2-772869745	Polaris LLC	polaris.com	2929 Amma Road, Clendenin, WV	""	US	true	false	99	99	99	99	Polaris LLC	7313 Welton Drive, Albuquerque, NM
S1-254838480	S2-203894500	Department of Housing	FAYETAVO | www.fayetavo.com	3991 64, Town Of Auburn, WI	3991 64, BLOOMER, WI	US	false	false	99	99	99	99	Family Group	120 Robroy Lane, Nicholasville, KY
S1-18097985	S3-668250537	Hitech Consulting Private Limited	Hitech  Private Limited Partners	Office No 13 Cts No 14488, Age Arcade Osmanpura, Aurangabad, Maharashtra	""	India	false	false	99	99	99	99	Hitech International	I-204, Icon Happy Living, Opp Biocon, Kammasandra, Bangalore South, Bangalore, Karnataka
S1-160163353	S3-404023442	Lakshmi Construction Private Limited	Lakshmi Construction Prívate Limited	New No 39 / Old No 19 Murali Strret Mahalingapuram, Chennai, Tamil Nadu	""	India	true	false	8	99	99	99	Lakshmi Construction Private Limited	315, Nemi Nagar Vistar, Jaipur, Rajasthan
S1-223237460	S3-888090665	International Enterprises Private Limited	Mr INTERNATIONAL ENTERPRISES PRIVATE LIMITED	37, Sacred Hearts Road, Nr Pataki Gowden Tc Palya, Bangalore North, Bangalore, Karnataka	""	India	true	false	6	99	99	99	International Enterprises Private Limited	No.1, Shanthinagar, Acharya College Road, Chikkabanavara, Bangalore, Karnataka
S1-296156322	S3-528477308	Catherine D. Young, D.D.S., M.D., P.C.	Catherine D. Young, D.D.S., M.D., Inc	813 Valley Lane, Lockport, IL	""	US	true	false	5	99	99	99	Catherine D. Young, D.D.S., M.D., P.C.	2447 Northview Drive, Cortland, OH
S1-637942108	S3-309175721	Vijay Healthcare	Vijay Service	Shop No. 7, Opp. Hp Petrol Pump Jattal Road, Panipat, Haryana	""	India	false	false	99	99	99	99	Vijay Service Private Limited	Plot No. 239, Road No. 18 Jubilee Hills, Hyderabad, Telangana
S1-32707805	S3-613130408	Arielle Harvey Capital Saul LLC	Vantagearia	854 Teakwood Avenue, Rialto, CA	854 Teakwoed Ave, Rilato, California	US	false	false	99	99	99	99	Layla Cohen, DDS	31035 Nice Avenue, Mentone, CA
S1-712802091	S2-967068039	Innovative Supply Enterprises Roanoke City LLC	Pyraaviflux	2429 Rosalind Avenue, Roanoke City, VA	VA, 2429 ROSADIND AVE, ROANOKE	US	false	false	8	99	99	99	Pinnacle Staffing Alliance PC	2429 8th Avenue, Texas City, TX
S1-572694606	S2-668643650	Downtown Seafood	Downtown Séafood Enterprises	2855 David Lane, Fl 1, Medford, OR	""	US	true	false	6	99	99	99	Downtown Seafood	556 Hollister Street, Unit Unit B-14, Stratford, CT
S1-273485828	S2-650130820	New Delhi Point Private Limited	Limited New Delhi Private Services	New Delhi, F/F, West Delhi, Delhi, Plot No. 453, Khasra No. 266, Main Market Village- Bharthal, Najafgarh, Opp Dda Fl, At	H.NO 195 F/F, NEW DELHI, WEST DELHI, दिल्ली	India	false	false	99	99	99	99	New Delhi Services Private Limited	H.No.G-70, F/F, A.F.Enclave-1 Okhla, New Delhi, Delhi
S1-480855600	S2-566979072	A Smart Ithax	A Smart Service	30 Oak Hill Lane, Smithtown, NY	""	US	false	false	99	99	99	99	A Smart Smart, Inc	1007 Tasker Lane, Fl 0, Arnold, MD
S1-886290295	S3-638680906	Sky Infotech Private Limited	Sky Infotech Private Ltd	Room No. 8, First Floor, 2658 To 2661 Ward-Iii, Zere Fasil, Naya Bazar, Delhi, New Delhi, Delhi	Rgom No. 8, Delhi, New Delhi, दिल्ली	India	true	false	6	99	99	99	Sky Infotech Private Limited	C 138 Greater Greaterkailsh Part I, New Delhi, South Delhi, Delhi
S1-352280965	S3-167984273	God Brothers Pvt Ltd	God God Pvt Ltd Center	4-41-1 Subba Rao Peta, Tadepalligudem, West Godavari, Andhra Pradesh	""	India	false	false	9	99	99	99	God Kuries Private Limited	Uttar Pradesh, Allahabad, 45Vasudeo Market Allahabad
S1-731650231	S2-164486652	Booth Legacy Surgical LLC	Booth Legacy	602 Rustic Lane, Friendswood, TX	""	US	false	false	12	99	99	99	Legacy Bond Inc	199 Vaughan Street, Unit APT 4, Portland, ME
S1-158502394	S3-618134726	Kolkata Accessories Private Limited	Kolkata Private Límited Center	Diamond Heritage, Building 16, Strand Road, 3Rd Floor, Suit-301B, Kolkata, Kolkata, Howrah, West Bengal	""	India	false	false	99	99	99	99	Kolkata Business LLP	Bh-175, Salt Lake City, Sector-2 Kolkata Parganas North, Wb, Kolkata, Kolkata, Howrah, West Bengal
S1-338508301	S3-602101821	Producer Jay Mortar Private Limited	Producer Jay Private Limited [Services]	14/A, Karim Manzil, Nadiadwal Colony No. 2, S.V. Road, Malad West, Mumbai, Mumbai City, Maharashtra	14/A, Bombay, Mumbai City, MH	India	false	false	5	99	99	99	Jay Producer Limited	201 Harekrishna Plot No.14 N.S.Road No.8, Jvpd Scheme Vile Parle-West, Mumbai, Mumbai City, Maharashtra
S1-867521020	S3-716477935	Johri Bazar Services Private Limited	Jbservices.Com	212, Ratna Sagar, Msb Ka Rasta, Johri Bazar, Jaipur, Rajasthan	Jaipur, Ratna Sagar, Msb Ka Rasta, 212, Rajsthan, RJ	India	false	false	99	99	99	99	JB Services Corp	1502, Bldg.No.7, Burberry, Sector R-12, Chandivali Farm Road, Nahar Amrit Shakti, Chandival, I, Mumbai, Mumbai City, Maharashtra
S1-411009804	S3-986550049	Dc Infra Private Limited	Dc Ina Private Limited	Jogeshwari East, 9/B, Maharashtra, M.R. Bendre Chawl, Ram Nagar, Bandekarwad, Subhash Road, Jogeshwari East, Mumbai	A-471 9/B, Mumbai, MH	India	false	false	12	99	99	99	Dc (India) Infra Private Limited	Dhammour Road Gayatri Nagar, Sultanpur, Amethi, Uttar Pradesh
S1-268545006	S2-362535179	Real Media Limited	Real Media லிமிடெட்	29/2, Karunakarapuri, Golden Nagar Main Road, Tiruppur, Coimbatore, Tamil Nadu	""	India	true	false	99	99	99	99	Real Media Pvt Ltd	No.21, 1St Floor, 4Th Cross, 2Nd Main, Masq Road, Rahamath Nagar, Bangalore, Karnataka
S1-219972784	S2-200131425	Urology Health PC	UROLOGY HEALTH INC	Lehi, 932 1625, UT	""	US	true	false	99	99	99	99	Urology Health	275 D O Laman Road, Alamo, TN
S1-460748120	S3-785764526	Precision Institute of Technology	Rizadova	181-B, Chittaranjan Avenue Kolkata, Kolkata, Kolkata, Howrah, West Bengal	181-B, Chittaranjan Avenue Kolkata, Kolkata, Kolkata, Howrah, West Bengal	India	false	true	5	99	99	99	Jaunpur Services Pvt. Ltd.	181A, Chittaranjan Avenue, Kolkata, Kolkata, Howrah, West Bengal
S1-571013762	S3-533385184	Baba Media Limited	M/s Baba  Media-Limited	P.No.56, Padmawati Nagar Shirpur, Dhule, Maharashtra	""	India	true	false	99	99	99	99	Baba Media Private Limited	Khasra No.435, Tundpura, Agra, Uttar Pradesh
S1-823147992	S2-489208954	Ratnagiri Files Private Limited	Nylasyn	Shop No. G-006, Shri Gajanan Chs, Ratnagiri, Maharashtra	SHOP NO. G-0-06, RATNAGIRI, Maharashtra	India	false	false	7	99	99	99	Ratnagiri Bros Private Limited	726, Nildip Comp. Apana Bazar, Compound Ratnagiri, Ratnagiri, Maharashtra
S1-501729988	S2-938078201	Bison Data, LLC	BISON DDA,T LLC	127 Monticello Avenue, Fl 0, Annapolis, MD	""	US	false	false	99	99	99	99	Bison PC	5007 Gettysburg Road, Columbus, OH
S1-250160495	S3-701616893	Ss International Private Limited	Ss Private Limited Services	Sarvodaya Leela, B.No.8.F., No.804Kanchangaon Kt Road, Kalyan, Thane, Maharashtra	Sarvodaya Leela, Thane, MH	India	true	false	99	99	99	99	Ss Services Private Limited	25, Vraujnandan Ghuma, Ghuma, Ahmedabad, Gujarat
S1-137781872	S3-612206837	Thurston's Green Laboratories	Vionovi	116 Concorda Drive, Unit 101, Tempe, AZ	116 Concorda Dr, Tempe, Arizona	US	false	false	6	99	99	99	Dermatology Liberty Center LLP	72 116 Street, New York, NY
S1-360516587	S2-630129664	Anand Consulting Private Limited	আনন্দ কনসাল্টিং প্রাইভেট লিমিটেড	Bl-3, 2Nd Floor, Flat 2D 2, G.C. Roy Chowdhury Ghat Road, Howrah, West Bengal	BLOCK E-518 BL-3, GURGAON, HOWRAH, পশ্চিমবঙ্গ	India	true	false	11	99	99	99	Anand Consulting Private Limited	Ae#120, First Floor, Sector I, Salt Lake, Kolkata, Kolkata, Howrah, West Bengal
S1-209787129	S2-561524845	Bharat Trading Private Limited	Bharat Trading Private Ltd	Loknathpur Ganj, Near Sub Divisional Hospital, Dalsinghsa, Rai, Samastipur, Bihar, C/O Dr. Rajeev Ranjan, Samastipur	""	India	true	false	99	99	99	99	Bharat Trading Private Limited	23A Kothari Bhawan Mewatipua, Bahraich, Uttar Pradesh
S1-114441123	S2-321387220	New Life Fellowship	New Lífe Fellowship	2700 55th Street, Unit Apt 306, Rogers, AR	""	US	true	false	6	99	99	99	New Life Fellowship	Wichita, KS, 11705 Ryan Street, Fl 0
S1-934428753	S3-143035841	New Delhi Green Private Limited	New Delhi Private Limited Partners	Flat No 201/4E, Bhanot Corner Pamposh Enclave, New Delhi, South Delhi, Delhi	No 201/4E, South Delhi, DL	India	false	false	99	99	99	99	New Delhi Care Pvt Ltd	N 201, First Floor, N Block, New Delhi, South Delhi, Delhi
S1-21281761	S2-405933453	Tirupati Estate Private Limited	Tirupati Eaebe Private Limited	35B, 1St Floor, Prakshi Enclave Near Bank Of India, Shastripuram, Agra, Uttar Pradesh	""	India	false	false	99	99	99	99	Tirupati Estate Private Limited	198 Old.No.57 Nandidurg Roadbangalore, Bangalore, Karnataka
S1-464645718	S3-79560813	Eastern Great Services Private Limited	Eastern Gnedlt Services Private Limited	2288, Sec-B Pocket-2, Vasant Kunj, Delhi, South West Delhi, Delhi	""	India	false	false	99	99	99	99	Eastern Services LLP	2Nd Floor, Kmj Complex Thevara, Ernakulam, Kerala
S1-540374293	S3-324115429	Sree Foods Private Limited	sreefoods.com	Tamil Nadu, Chennai, Ijcci Building, No 21, K B Dasan Road Teynampet, Chennai	Ijcgi Building, Chennai, TN	India	false	false	99	99	99	99	Shree Foods Company	North East Corner First Floor, M K Centre Door No Vii/445 Aluva Ernakulam Kerala, Aluva, Ernakulam, Kerala
S1-164315142	S2-473885977	Corner Bike Shop	CORNER BKIE SHOP	74 Underhill Avenue, Unit Apartment 1A, Harrison, NY	""	US	false	false	99	99	99	99	Corner Bike Shop PC	312 Kinsie Drive, Ofallon, MO
S1-470580701	S2-778808999	Iacono Select Nano L.L.C.	Lyraflux	26517 4th Street, OK, Cameron	6517 4ND STREET, CAEMRON, OK	US	false	false	99	99	99	99	Miriam Bautista, M.D., P.C. LLC	1326 O'keefe Avenue, Celina, TX
S1-66177678	S3-321983001	Colonial Guild	Colonial Gúild LP	1203 812, Unit A, Cedar Creek, TX	""	US	true	false	99	99	99	99	Colonial Guild	2602 Nantucket Drive, OH, Tiffin
S1-636610944	S2-569228697	Piedmont Institute P.C.	Piedmont Ilnsntute P.C.	2335 M Avenue, Williamsburg, IA	""	US	false	false	99	99	99	99	Piedmont Institute	62430 Locust Road, Unit 126, South Bend, IN
S1-939559302	S3-833743198	Prime International Private Limited	Prime International  Private	1/65, Alwar, Tijara, Aravali Vihar Opp, Mela Ground Mansha Chowk, Rajasthan	""	India	true	false	5	99	99	99	Prime International Private Limited	Gali No-6, Kh 141/5, Milan Vihar, Sant Nagar Burari, New Delhi, Delhi
S1-985548470	S3-677935624	Silver Care Limited	Silver  Care	Tamil Nadu, Nagapattinam, Mayiladuthurai, Deen Complex O.S.M Salih Nagar	""	India	true	false	99	99	99	99	Silver Care Private Limited	No. 32, Salapathigai Road Sadivayal, Coimbatore, Tamil Nadu
S1-12441169	S3-44837775	Internal Medicine Partners LLC	Internal Medicine  Partners LLC	MA, Unit 305, Braintree, 9 Independence Avenue	""	US	true	false	99	99	99	99	Internal Medicine Partners LP	9446 Southmoor Avenue, Highland, IN
S1-52204331	S3-294422078	Shiva Producer Private Limited	Shiva  Producer	Shop In H. No.1430 G/F, Kotla Mubarakpur, New Delhi, South Delhi, Delhi	""	India	true	false	6	99	99	99	Shiva Producer Private Limited	161, Asind Nagar, New Sanganer Road, Sanganer, Jaipur, Rajasthan
S1-275507427	S2-228144253	Shree Constructions Private Limited	Shree Constructions Private	No. T.C. 29/3156, Kamalalayam Building, Lal, Thiruvananthapuram, Thiruvananthapuram, Trivandrum, Kerala	""	India	true	false	99	99	99	99	Constructions Business Private Limited	4Th Floor, Plot No.9, Kamal Mansion, Haji Niyaz Ahmed Azmi Marg, Radio Club, Colaba, Mumbai, Maharashtra
S1-7197705	S3-608606363	Pune India	Pune Idaiha	Pune, 4Th Floor, Sr. N0. 208/1A, Finswell Building, Maharashtra, Office No.412	""	India	false	false	99	99	99	99	Pune India Pvt Ltd	Sr. No-18, Sukhsagar Nagar Nr.Kandoba Mandir, Katraj, Pune, Maharashtra
S1-118825017	S3-550022009	Pv International	Pv Services	14/E, Royd Street P.S- Park Street, Kolkata, Kolkata, Howrah, West Bengal	4/E, Calcutta, Howrah, WB	India	true	false	99	99	99	99	Pv Business Ltd	Flat No. 7, Narayan Heights, Alkapuri, Phathardi Phata, Nashik, Maharashtra
S1-818484209	S2-79184880	Laxmi Infotech Private Limited	LAXMI-INFOTECH PRIVATE LIMITED	O-301, 3Rd Floor, Wakefield House, Sprott Road, Ballard Estate, Mumbai, Mumbai City, Maharashtra	""	India	true	false	99	99	99	99	Laxmi Infotech Pvt Ltd	237 Shankeshwar Complexopp Raymod Show Room Majura Gate, Surat, Gujarat
S1-201292927	S2-564495793	Producer Jay Mortar Private Limited	Fayetavo	Lalbandh, Uttarpar, P.O &P.S, Bishnupur, Bankura, West Bengal	LALBANDH, BISHNUPUR, BANKURA, West Bengal	India	false	false	99	99	99	99	RT Group	Ward No. 5, Kundakunda Bazar Bishnupur, Bankura, West Bengal
S1-962156667	S3-55124014	Real Consulting Private Limited	Real Consulting Private Ltd	Hno 2-65, Rajanna Sircilla, Boenpalli, Karim Nagar, Telangana	""	India	true	false	99	99	99	99	Real Consulting Private Limited	Maurya, Opp:Ayojannagar, Nr.Shreyascrossing, Paldi, Ahmedabad, Gujarat
S1-290641069	S3-156656224	Smart Constructions Limited	SMART CONSTRUCTIONS LIMITED | www.smartcons.com	4Th Floor, Shivsmruti, Gupte Road Vishnunagar, Maharashtra, Dombivli W, Thane	""	India	false	false	99	99	99	99	Smart Constructions Private Limited	306Siteno9, Chithambaramco, Lony, Kumarapalayamvillage, Coimbatore South, Coimbatore, Tamil Nadu
S1-785347343	S3-136517657	Dermatology Specialists Inc	Dermatology Specialists Ínc	249 Griffin Road, South Windsor, CT	""	US	true	false	99	99	99	99	Dermatology Specialists LLC	11124 Saratoga Road, Apple Valley, CA
S1-246432396	S3-276271957	Long Desert Drugs	Long  Desert	121 Tennessee Street, TX, Graham	""	US	false	false	9	99	99	99	Long Desert Rate, Inc	15901 Loves Mill Lane, Prince William County, VA
S1-452789564	S2-783677106	Hall Molecular LLC	Hall Mdoaeuar  LLC	1825 Three Springs Road, Bowling Green, KY	""	US	false	false	99	99	99	99	Hall Corporation	VA, Mathews County, 121 Westville Lndg
S1-226258131	S3-525550234	Hotel Projects	Hotel [Services]	House No 358 Blk-B, Parshant Vihar Rohini, Delhi, North West Delhi, Delhi	Delhi, North West Delhi, DL, House No 35 Blk-b	India	false	false	5	99	99	99	Hotel Services Private Limited	Samprapthi, No 548/35, 3Rd Floor, 50 Feet Road, Banashankari 1St Stage, 1St Block, Hanum, Anth Nagar, Bangalore, Karnataka
S1-816548398	S3-878658959	Sree Construction Private Limited	Sree Private Limited Services	G-2, Yash Nidhi Appartment, 29 Saraswati Society, B/H Jain Merchant Soc, Nr. Nemrajul Appt, ., Paldi, Ahmedabad, Gujarat	G-2, Ahmedabad, GJ	India	false	false	99	99	99	99	Shree Services LLP	2 Warasi Guda, Telangana, 12-11-517, Hyderabad, Secunderabad
S1-500140736	S2-299569630	Apex It	Smt Apex-It	Yavakapady Po Madikeri District, Madikeri, Kodagu, Karnataka	""	India	true	false	99	99	99	99	Apex It Private Limited	Plot No. F-341, Phase Viii-B, Industrial Area, S.A.S.Nagar (Mohali), Rupnagar, Punjab
S1-121021368	S2-193726938	Blue Management	Blue Service	625/13 Indoli Phata Karad, Karad, Satara, Maharashtra	""	India	false	false	99	99	99	99	Blue Services Private Limited	Flat No. Sf 309, Rathna, Deepaka Residency, Bangalore South, Bangalore, Karnataka
S1-303214678	S2-76626089	Ironworkers Union Local No 96	Ironworkers Union Local	1304 39th Street, Norfolk City, VA	""	US	false	false	99	99	99	99	Ironworkers Local Union 483	3068 Plateau Drive, Millcreek, UT
S1-365374943	S2-668503412	Star Foundation Private Limited	STAR FOUNDATION PRIVATE LTD	Maharashtra, K-3 Sujal Apts S No 127Warje, Pune	""	India	true	false	9	99	99	99	Star Foundation Private Limited	A/P-Apshinge, Satara, Maharashtra
S1-303221996	S3-737887111	One Producer Private Limited	One Producer Private Enterprises	House No. 1336/2, Kn4B58, Rohtak, Haryana	""	India	true	false	99	99	99	99	One Producer Private Limited	Rajendra Place, Delhi, North Delhi, Shop No.258 Hog Market
S1-203408914	S3-411343680	Twisted Deli Group	Twisted Deli Associates	216 Guyon Avenue, Staten Island, NY	""	US	true	false	99	99	99	99	Twisted Deli Associates	Sioux Falls, SD, 3700 Spencer Boulevard
S1-202452533	S2-193870940	Rocky Care	Rocky Service Enterprises	8617 De Oro, Peoria, AZ	""	US	false	false	99	99	99	99	Rocky Enterprises	441 Barnardsville Highway, Weaverville, NC
S1-931237462	S2-418115515	Lava	Lnda	11013 Lundquist Road, Town Of West Marshland, WI	LUNDQUIST RD, GRANTTSBURG, WI	US	false	false	7	99	99	99	Belinda Miranda Liberty, LLC	5984 Medcalf Road, Bellingham, WA
S1-974705129	S3-399484185	India Majestic Enterprise Private Limited	India Maersthc-Enterprise Private Limited	New No 2/8 ( 5/468) Kamatchi Amman Nagar Vanagaram Main Road, Alapakkam, Chennai, Tamil Nadu	""	India	false	false	99	99	99	99	Shree Enterprise (India) Private Limited	1/980, Chandrathil Veedu, Nadakkal, Kollam, Kerala
S1-703877458	S3-757207393	Shrichakra Bees Ltd	Mirasyn	476, Babylon 1St Flooor, Adenwala Road, Matunga (W), Mumbai, Mumbai City, Maharashtra	476, Bombay, Mumbai City, MH	India	false	false	9	99	99	99	All Ventures Pvt Ltd	L476Sarita Vihar, New Delhi, South Delhi, Delhi
S1-164430132	S3-235368644	Allen Fortune, LLC	Allen Fortune, L.L.C.	1410 Meadowbrook Drive, Pulaski, TN	""	US	true	false	6	99	99	99	Allen Fortune Inc	Hawkins, 544 3810, TX
S1-262888250	S3-445192496	Pune Education Private Limited	Limited Pune Private (Center)	Survey No-51, Shriniketan Saibaba Nagari Kondhwa Road, Pune, Maharashtra	Survey No-51, Pune, MH	India	false	false	16	99	99	99	Pune Service Private Limited	A/P Sr. No. 34/5, Sopan Nagar, Near Gulmohar, Center Point, Wadgaon Sheri, Pune, Maharashtra
S1-257526102	S2-277928751	Ventures Softwares Concepts Limited	Rizaquovio | www.rizaquovio.com	Flat No. 903, Bldg Swati Taragan Wayale Ng, Kalyan (W), Thane, Maharashtra	FLAT NO. 903, BLDG SWATI TARAGAN WAYALE NG, KALYAN (W), THANE, Maharashtra	India	false	true	99	99	99	99	Evolving Public School Limited	B-903 9Th Floor Amaatra Homes, Noida, Gautam Buddha Nagar, Uttar Pradesh
S1-107534055	S2-103964118	Pioneer Tech Private Limited	Pioneer Tech Private Ltd	Door No.30/260/7 & 30/260/7, Alanchery Residency Near Vikas Auditorium, Shoranur P O, Palakkad, Kerala	""	India	true	false	99	99	99	99	Pioneer Tech Private Limited	Jalna, C/O.Firozshaikh, Allahdiya, Collegeroadpensionpura, Maharashtra, Jalna
S1-939912347	S3-192209576	Baba Food Limited	Baba Food	Raipur, P.O: Raipur, Paschimbar Purba Midnapore, Midnapore, West Bengal	""	India	true	false	8	99	99	99	Baba Food Private Limited	D-2 78 Greenfield Rock Endmahakali Caves Rd Andheri East, Mumbai, Maharashtra
S1-76337548	S2-869567170	Ashadeep Trading Private Limited	Lumnovi	27, Dheeran Chinnamalai Street Moolapalayam, Erode, Tamil Nadu	DOOR NO 375 27, ERODE, Tamil Nadu	India	false	false	99	99	99	99	PXG Bhosale Private Limited	27 Mall Road, Kolkata, Howrah, West Bengal
S1-216488195	S3-447828162	Shiva Enterprises Private Limited	Shiva Enterprises	33, Aradhna Enclave, R K Puram, Sector-13, New Delhi, South Delhi, Delhi	""	India	true	false	13	99	99	99	Shiva Enterprises Pvt Ltd	26, Ujjain, Indrapuri Colony Near Ujjain Railway Crossing, Nagda, Madhya Pradesh
S1-394236371	S3-565801139	Thiruvananthapuram Masti Private Limited	Zetakelo	No 51, Trivandrum, Kerala, Thoppil Nagar Kumarapuram, Thiruvananthapuram, Thiruvananthapuram	51, Thiruvananthapuram, Thiruvanathapuram Ulloor, KL	India	false	false	99	99	99	99	At Enterprises Private Limited	Chandrodayam, Ariyottukonam, Andoorkonam.P.O., Chirayinkil, Thiruvananthapuram, Trivandrum, Kerala
S1-878398299	S3-326000900	Om Impex Private Limited	Private Om Itmxp Limited	Flat No. A 606, Brigade Omega, Turahalli Village 1St Block, Banashankari 6Th Stage, Subra, Manyapura, Bangalore, Karnataka	Flat No. A 606, Subramanyapura, ಕರ್ನಾಟಕ	India	false	false	13	99	99	99	Om Impex Private Limited	Neb Sarai, Maidan Garhi, New Delhi, Delhi, 308 Ignou Road, Durg, Delhi
S1-540971128	S3-819808656	Maa Jai Projects Private Limited	Gildvera	126, Ff, Sushant Tower, D Block, Sushant Lok-Ii, Gurgaon, Haryana	H.no 442 126, Gurgaon, HR	India	false	false	99	99	99	99	Shree Life	No.126 M.M. Road, Frazer Town, Bangalore North, Bangalore, Karnataka
S1-497502999	S3-15118554	Health Initiative	health initiative & Co	315 400, Brigham City, UT	""	US	true	false	99	99	99	99	Health Initiative	2906 68th Street, Unit #B, Tacoma, WA
S1-915064323	S3-438043499	Silver Investment Private Limited	സിൽവർ ഇൻവെസ്റ്റ്മെന്റ് പ്രൈവറ്റ് ലിമിറ്റഡ്	2Nd Floor, Kk Building, Thoundayil Road Panampilly Nagar, Near South Over Bridge, Ernakulam, Kerala	Floor, Ernakulam, KL	India	true	false	99	99	99	99	Silver Investment Private Limited	E-296, First Floor, Greater Kailash-Ii, New Delhi, South Delhi, Delhi
S1-878009022	S3-906313328	Blue Trading	Blue Services	Flat No.1, 122/5, Ruby Park (East) Near Jogendra Garden More, Kolkata, Kolkata, Howrah, West Bengal	Flat No.1, WB	India	true	false	99	99	99	99	Blue Services Private Limited	Gujarat, Vadali, Shiv Shakti Graphics, Near Janta Market Vadali, Sabarkantha, 1 1
S1-334582910	S3-768667754	Shaan Services Pvt Ltd	SS	Flat-183, United Cghs Plot 34, Sector-4, Dwarka, New Delhi, South West Delhi, Delhi	Flat-183, United Cghs Plot 34, Sector-4, Dwarka, New Delhi, South West Delhi, Delhi	India	false	true	7	99	99	99	Ss Business Pvt Ltd	Flat- B-101, Saptaparni, Cghs, Plot No 4, Sec 19, New Delhi, South West Delhi, Delhi
S1-446156131	S2-610584772	Black Trading Private Limited	Shri Halosyn	Flat No 1103, 11Th Floor, Palkhi Sara, Akurli Road, Arya Chanakya Nagar, Kandivali East, Mumbai, Maharashtra	FLAT NO 1103, KANDIVALI EAST, MUMBAI, Maharashtra	India	false	false	99	99	99	99	Jogeshwari East Engineering Private Limited	Rm No 1103 B Wing Bhawani, Heights Prem Nagar, Jogeshwari East, Mumbai, Maharashtra
S1-738258584	S3-992962518	South Industries Private Limited	South Industries Private-Limited	1F-C3-47A, Ansal Plaza Sector-1, Vaishali, Ghaziabad, Uttar Pradesh	""	India	true	false	7	99	99	99	South Industries Pvt Ltd	Suite 06, Worknest Business Center, Unit 806, 8Th Floor, Godrej Waterside, Plot Dp5, Salt Lake, Kolkata, Kolkata, Howrah, West Bengal
S1-360964287	S3-30747545	Twisted Pilates	Twisted Pílates Enterprises	3947 Jordan Street, Springfield, MO	""	US	true	false	99	99	99	99	Twisted Pilates	318 Tommy Still Road, Gerrardstown, WV
S1-340852628	S3-969461992	Pune Traininginstitute Pvt. Ltd.	Pune-Pvt. Ltd. Center	Pune, Maharashtra, Pune, Gat No.387, Opp. Kalpana Petrol Pump, Pune-Nasik Highway, Borahade Vasti, Moshi	Gat No.387, Pune, महाराष्ट्र	India	false	false	99	99	99	99	Pune Infotech Company	Gat No. 560 Tal. Maval, Pune, Maharashtra
S1-571029938	S3-55174633	Technologies Instant Services Private Limited	Véoquo	R2-9615, S. No. 227/4, Riyaz Colony Tq. Latur, Dist. Latur, Latur, Maharashtra	R2-9615, Latur, MH	India	false	false	5	99	99	99	My Solutions	R-2, 409, Kellas Nagar, Latur, Maharashtra
S1-29597665	S2-305145286	Arihant Center Limited	Sri Arihant Limited Center	No. 10, Ground Floor, Park Road, Tasker Park, Tasker Town, Shivaji Nagar, [Near Indian, Express], Bangalore, Karnataka	""	India	true	false	16	99	99	99	Arihant Business Private Limited	204, Vakil Chambers, A-115, Shakarpur, Delhi, East Delhi, Delhi
S1-224174980	S3-727167356	Osmanabad Management Private Limited	omprivate.com	Plot No. 38 Sambhaji Nagar, Osmanabad, Maharashtra	3-8 Sambhaji Nagar, Osmanabad, MH	India	false	false	16	99	99	99	OI Services Private Limited	H.No.8-3-960/3/A, 1St Floor, Raghadeep Residency Sri Nagar Colony, Banjara Hills, Beside, Axis Bank, Hyderabad, Telangana
S1-866635525	S3-264286713	Global Healthcare Pvt Ltd	M/s Global Pvt Ltd Center	2A, Merzban Apartment, Anjali Co. Op. Hou. Society Shahaji Raje Road, Koldongri, Ville Parl, E (E), Mumbai, Mumbai City, Maharashtra	2A, Mumbai, Mumbai (SUBURBAN), महाराष्ट्र	India	false	false	99	99	99	99	Global Impex Pvt Ltd	Roome6Achanak Colonyno2Nrmahakali Templemahakalicavesrdandherieast, Mumbai Suburban, Mumbai City, Maharashtra
S1-555966627	S2-548160555	New Delhi Builders Private Limited	New Delhi Builders  Prircgrne Limited	110-A, Ashoka Apts., Gautam Nagar, New Delhi, South Delhi, Delhi	""	India	false	false	99	99	99	99	New Delhi Builders Pvt. Ltd.	Sector-C, Pkt-9, Vasant Kunj, New Delhi, 9619, Delhi
S1-296517118	S2-834348421	Tirupati Consultancy Private Limited	तिरुपति कंसल्टेंसी प्राइवेट लिमिटेड	1899, Chandni Chowk, Delhi	18-99, DELHI, NORTH, Delhi	India	true	false	99	99	99	99	Tirupati Consultancy Limited	Old No 24, New No 18, Kadher Nawaz Khan Road Nungambakkam, Chennai, Tamil Nadu
S1-452267239	S2-192311117	Lakshmi Foods Private Limited	Lakshmi Foods Private	52/59A, Gali No 18 Nai Basti, Anand Parbat, Karol Bagh, New Delhi, Delhi	""	India	true	false	99	99	99	99	Lakshmi Foods Pvt Ltd	Spencer Plaza 769, Annasalai, Chennai, Tamil Nadu
S1-125739254	S3-401791720	Golden Tavern!	Golden Távern!	223 State Street, Bangor, ME	""	US	true	false	99	99	99	99	Golden Tavern LLC	1279 Catesby Court, Fort Wayne, IN
S1-912068804	S2-678278176	VF Drugs Private Limited	VF Private Limited Services	11 Dewan Hallchandni Chowk, Delhi, Central Delhi, Delhi	""	India	false	false	16	99	99	99	VF Industries Pvt Ltd	Up 4/33B, Madathil Building Ekarool P.O, Unnikulam, Thamarassery, Kozhikode, Kerala
S1-780061063	S2-875419510	1 800 Flowers	1 800 Flowers (Inc.)	City Of Whitehall, WI, Fl 13107, 18642 Ervin Street	""	US	true	false	99	99	99	99	1 800 Flowers LLC	1408 Stonethrow Way, Austin, TX
S1-171687815	S3-244904170	Krishna Care Pvt Ltd	Krishna Pvt Ltd Service	Plot No 105, Budheswari Colony Po- Laxmi Sagar, Ps- Laxmisagar Police S, Tation, Bhubaneswar, Khordha, Orissa	105, Bhubaneswar Hq Region, Khordha, OD	India	false	false	12	99	99	99	Krishna Trading Limited	Tower 1C, Flat No. 105, Golf Link Nh 24, Ghaziabad, Uttar Pradesh, Ghaziabad
S1-567331042	S2-331123169	West Medicines Inc	WEST MEAICGNS ÍNC	2506 Jason Drive, City Of Appleton, WI	""	US	false	false	99	99	99	99	West Manulife	8184 Center Street, Garrettsville, OH
S1-757615856	S3-60304563	Foot & Ankle Clinic, LLC	Foot & Ankle Clinic,	180 Oley Lane, Statesville, NC	""	US	true	false	99	99	99	99	Foot & Ankle Clinic	3175 Kearns Drive, Zanesville, OH
S1-500342964	S2-535029105	Blue Council LLC	Blue Couil LLC	3900 Kansas Avenue, Washington, DC	""	US	false	false	6	99	99	99	Blue Council L.L.C.	635 Main Street, Sharon, MA
S1-931139245	S2-176979791	Bright Seafood	Bright Séafood Services	19 Crawford Street, Boston, MA	""	US	true	false	99	99	99	99	Bright Seafood!	2340 Thompson St SE, Cedar Rapids, IA
S1-518071218	S3-907109560	Daftari & Co	Daltia & Co	Fl No A 807, Gera Emerald, City, S No 73, Kharadi N, Pune, Maharashtra	Fl No A ##807, Pune, MH	India	false	false	6	99	99	99	Walchandngr (india) Pvt. Ltd.	Pow Ngr Hno 70 Indapur Dist Pune, Walchandngr, Pune, Maharashtra
S1-698317204	S3-663386564	Aditya Foundation Private Limited	Aditya Foundation Limited Center	C-80, Sahyog Society, Refinery Road Gorwa, Vadodara, Vadodara, Gujarat	""	India	true	false	99	99	99	99	Aditya Foundation	109B/124, Developed Plots, Sidco Industrial Estate, Ambattur, Tiruvallur, Tamil Nadu
S1-312596681	S3-587762940	Pavitra & Co Company	Ke1onovicalo	Bagpul, Po - Joypul, Ps - Duttapukur, Barasat, Parganas North, West Bengal	Bagpul, Barasat, Parganas North, পশ্চিমবঙ্গ	India	false	false	5	99	99	99	Shubhan Kanak (India) Private Limited	Sadarpur, Jagannathpur Barasat, Barasat, Parganas North, West Bengal
S1-892991464	S3-660910695	St. Synagogue Associates	St. Synágogue	3203 Falcon Lane, Unit UNIT 308, Wilmington, DE	""	US	true	false	99	99	99	99	St. Synagogue	7715 Earll Drive, Fl 1, Scottsdale, AZ
S1-573036409	S3-682338153	Unique Ventures Pvt Ltd	Novizetaevo	513, Golden Triangle, Opp. Sardar Patel Stadium, Navrangpura, Ahmedabad, Gujarat	Golden Triangle, Opp. Sardar Patel Stadium, Navrangpura, GJ, Ahmedabad, Hn 355 513, Ahmedabad	India	false	false	5	99	99	99	Sagar India Ahmedabad	2, Hindu Colony, Opp Sardar Patel Stadium, Navrangpura, Ahmedabad, Gujarat
S1-474316463	S3-815694015	Viren Knowledge Private Limited	Viren Private Limited Center	6, 7 & 8, 18Th Cross 4Th Main, Malleshwaram West, Bengaluru, Bangalore, Karnataka	6, Bengaluru, Bangalore, KA	India	false	false	7	99	99	99	Viren Services Private Limited	P-526, Sec-21, Noida, Gautam Buddha Nagar, Uttar Pradesh
S1-497302162	S3-271278093	Mumbai Producer Private Limited	Mumbai Producer-Private  Limited	1104 Cabin B, Plot A/4 Cts, 694, Peninsula Park, Near Chitralekha, Off Veera Desai Rd, An, Dheri West, Mumbai, Mumbai City, Maharashtra	""	India	true	false	14	99	99	99	Mumbai Producer Pvt Ltd	B21 Parekh Marketmama Parmanand Marg, Mumbai, Maharashtra
S1-109703928	S3-689038926	Laxmi Hospitality Private Limited	Laxmi H0spitality Private Limited	43, Shiva Complex, Ved Nagar East Of Shiv Petrol Pump, Rukunpura, Patna, Bihar	Patna, BR, Patna, 43	India	true	false	7	99	99	99	Laxmi Hospitality Pvt Ltd	Tc 43/657/5, Uk Edifies, Valiyasalai, Chalai Po, Thiruvananthapuram, Thiruvananthapuram, Trivandrum, Kerala
S1-942649736	S3-246715925	Mountain School of Medicine	Mountain School of Medicine Ltd	33 Cliff Drive, Fl 0, Saint Louis, MO	""	US	true	false	8	99	99	99	Mountain School of Medicine	1701 Cora Street, Unit 23, Ellensburg, WA
S1-37759416	S3-184982499	Helios LLC	helios llc & Co	Wilmington, NC, 5505 Millhaven Court	""	US	true	false	99	99	99	99	Helios, LLC	640 Dursey Lane, Des Plaines, IL
S1-985730591	S3-269845788	Lucknow Solutions Ltd	Lucknow Ltd Service	No.6, Patel Nagar Shakti Vihar, Indira Nagar, Lucknow, Uttar Pradesh	Lucknow, UP, No.6	India	true	false	99	99	99	99	Lucknow Services Private Limited	6Th Floor, Shalimar Tower, Vibhuti Khand, Gomtinagar, Lucknow, Uttar Pradesh
S1-285599552	S3-598394052	Aniltech Farmer Private Limited	Aniltech-Private Limited Center	Busapalem Village Vallivedu Post, Venkatagiri Mandal, Nellore, Andhra Pradesh	""	India	false	false	99	99	99	99	Aniltech Technologies Private Limited	V & P.O. Taraori Karnal, Haryana, Karnal, Haryana
S1-51864373	S2-827860832	Heart Guild	Heart Guild Enterprises	25400 Fort Meigs Road, Unit 147, Perrysburg, OH	""	US	true	false	6	99	99	99	Heart Guild Inc	19603 Sparr Spring Road, Montgomery Village, MD
S1-511592429	S2-166551048	Ashraya Technologies New Delhi	Yumafluxkor	M-177, Lower Ground Floor, Greater Kailash-Ii, New Delhi, South Delhi, Delhi	PLOT 337 M-177, NEW DELHI, Delhi	India	false	false	99	99	99	99	Seven Developers Limited	A-177, Third Floor, New Delhi, South Delhi, Delhi
S1-552397590	S3-916080667	Dermatology Total Partners, LLC	Dermatology Total Partners, (LLC)	826 Heather Court, Houston, TX	""	US	true	false	5	99	99	99	Dermatology Total Partners Inc	519 West Street, Ludlow, MA
S1-377235667	S2-379528310	Remax Forgings Private Limited	Veozeta	3653, Floor First, Gali No 6, Raja Park Shakurbasti, Delhi, North West, Delhi	A-3653, DELHI, NORTH WEST, Delhi	India	false	false	99	99	99	99	GDQ Event Limited	15A/41Punjabi Bagh West, New Delhi, West Delhi, Delhi
S1-683381440	S3-95108065	All Services Private Limited	All सर्विसेज प्राइवेट लिमिटेड	H-23, Ground Floor Jain Bhawan, Main Vikas Marg, Laxmi Nagar, Delhi, East Delhi, Delhi	""	India	true	false	99	99	99	99	All Services Private Limited	C/O, Dukha Haran Das, Taltore Das Para Santiniketan, Birbhum, West Bengal
S1-233655393	S3-27779782	Garciagarcia Aspen	Garciagarcia  Services	4006 40th Street, Lubbock, TX	""	US	false	false	99	99	99	99	Garcia Gamco	MO, 8951 31st Street, Kansas City
S1-242615791	S2-287863925	Hari Sunrise Infrastructure Pvt Ltd	HARI SUNRISE-PVT LTD CENTER	Shop No1, Omkar Residency Apartment, Pipeline Road Gangapur Road, Anandwali, Nashik, Maharashtra	""	India	false	false	99	99	99	99	Hari Sunrise Business Private Limited	6/51 G/F, Gali No.4, Nala Side Vishwash Ngr, New Delhi, East Delhi, Delhi
S1-441636346	S2-609130839	Eastern Engineering Limited	ઈસ્ટર્ન એન્જિનિયરિંગ લિમિટેડ	Saket-2 Opp. Shriram Nagar, Makarba Road, Vejalp, Ur, Ahmedabad, C/1, Gujarat, Ahmedabad	C/1, AHMADABAD, AHMEDABAD, Gujarat	India	true	false	5	99	99	99	Eastern Engineering Pvt Ltd	House No. 171, Blk-B, Ph-1, G. No.-4, Kirari, Inder Enclave, Ph-1, New Delhi, North West, Delhi
S1-959200669	S3-671902218	Sree Galaxy Infotech Limited	श्री गैलेक्सी इंफोटेक लिमिटेड	Seat No. H, Built-Up, Property No-59, Beena Enclave, Nangloi, New Delhi, New Delhi, West Delhi, Delhi	Block D-644 Seat No. H, New Delhi, null, DL	India	true	false	12	99	99	99	Galaxy Infotech	31-J 3Rd Floor, Kondli Gharoli E H S Flats, Pocket 2, Mayur Vihar Phase 3, East Delhi, Delhi
S1-596378904	S3-116341867	Classic Management LLP	Sri Classic Management Llp	C-303 Goodwill Chs Plot 15/16, Sector-8, Kharghar, Navi Mumbai, Thane, Maharashtra	""	India	true	false	99	99	99	99	Classic Management	S.No-220, Lonarwadi Paste Road, A/P Lonar Wadi.Tal-Sinnar.Dist-Nashik, Sinnar, Nashik, Maharashtra
S1-136939528	S3-51706498	BC Lubricants Pvt Ltd	BL	Meerut, Uttar Pradesh, Meerut Cantt., 167-A Sadar Bazar, Meerut	167-A Sadar Bazar, Meerut Cantt., Meerut, Uttar Pradesh	India	false	false	10	99	99	99	Bl & Co	47, South West Delhi, 48 & 71, First Floor, Sector 16-B Dwarka, Phase-Ii, Delhi
S1-407234549	S2-270054068	Planet Holdings	Rizaveo	No.1005/C, 1St Floor, Dr. Rajkumar Road 4Th Block, Rajajinagar, Bengaluru, Bangalore, Karnataka	NO 1005/C, BENGALURU, BANGALORE, Karnataka	India	false	false	99	99	99	99	Parmar Brothers Private Limited	1005, Athavale Wada, Gaonbhag, Sangli., Sangli, Maharashtra
S1-862021456	S2-548725628	Community Services	Community Services Ventures	201 Johnson Point Road, Penobscot, ME	""	US	true	false	99	99	99	99	Community Services	TN, Roan Mountain, 512 Cloudland Drive
S1-404490310	S2-454836150	Kochi Intelligence Private Limited	Kochi Private Limited Service	Bldg. No. 63/447 E, Krishna Arcade P U Antony Road, Kochi, Ernakulam, Kerala	""	India	false	false	99	99	99	99	Kochi Cat Company	31/2123, Sudarsana, Karollil Lane Thammanam P.O, Kochi, Ernakulam, Kerala
S1-6243879	S3-513773044	Silver Projects Private Limited	Silver Private Limited Center Trading	Sta-201, Sun Tower Shipra Sun City, Indirapuram, Ghaziabad, Uttar Pradesh	""	India	false	false	99	99	99	99	Silver Trading Pvt Ltd	Kozhikode, 21/436B5, Kozhikode, Nh-66 By-Pass, Kerala
S1-437876966	S2-966392606	Healthy Chemicals Private Limited	Yumaecto	2681-83A, Street No.2 Beadon Pura, Karol Bagh, New Delhi, Delhi	Delhi, 2681-83A, NEW DELHI	India	false	false	11	99	99	99	New Delhi Fitness Private Limited	D-83, Second Floor, New Delhi, South Delhi, Delhi
S1-909833378	S3-586337508	Blue Good Marketing Limited	Orbiquokelo	House No. 16, Pkt - N-2, Budh Vihar, Phase - 1, Delhi, North West Delhi, Delhi	House No. 1-6, Delhi, North West Delhi, DL	India	false	false	99	99	99	99	Fortune Enterprises Private Limited	H. No - 658/A1/6, Sector-6, Rohini, Delhi, North West, Delhi
S1-193811203	S3-166032509	QB Plus LLP	QP	Delhi, 269 G/F Triveni Apartment Swayam Sewa Cghs Limited Jhilmil Colony, Delhi, East Delhi	269 G/F Triveni Apartment Swayam Sewa Cghs Limited Jhilmil Colony, Delhi, East Delhi, Delhi	India	false	true	11	99	99	99	QP Trading Private Limited	Apartment No. 101, Raveendra Inn, Near Sp Office, Mini Bypass Road, Kalpetta South, Wayanad, Kerala
S1-550059439	S3-978021044	Intimate Projects	M/s Belonex	B/1/11, Shashipark Co Ho, Soc Ltd, Devdutt Appartme, Ahmadabad City, Ahmedabad, Gujarat	B/1/11, Ahmadabad City, Ahmedabad, ગુજરાત	India	false	false	99	99	99	99	Chandana Automation	J-11, J-11 South City 1, Gurgaon, Haryana
S1-580185030	S3-577672374	Maa Foods Private Limited	Maa Private Limited Services	Flat No.303, 3Rd Floor, Mohan Shraddha Complex, Opposite Nmdc, Hubsiguda Main Road, Hyderabad, Telangana	Door No 30, Hyderabad, TG	India	false	false	99	99	99	99	Maa Shree Services Private Limited	Plot No. 16, Khasara No. 43 Mahamaya Nagar Indiranagar, Lucknow, Uttar Pradesh
S1-44841543	S2-48401446	Good Systems Private Limited	गुड सिस्टम्स प्राइवेट लिमिटेड	609, B-Wing Express Zone, Off Western Express Highway, Nr. Patel Uanika, Malad East, Mumbai, Maharashtra	09, MALAD EAST, MUMBAI, Maharashtra	India	true	false	5	99	99	99	Good Systems Private Limited	East Delhi, Delhi, H.No D-30, First Floor, West Vinod Nagar Near Agarwal Sweets, Gali No 9
S1-135147911	S2-865357628	Interstate Project	Interstate Partners	2611 Morgan Ann Avenue, Mansfield, TX	""	US	false	false	99	99	99	99	Interstate Partners	101 Mcvey Way, Charleston, WV
S1-640825878	S3-861124103	Pediatric Dental Medicine LLC	Pediatric Dental Mibcne  LLC	4201 Sturbridge Drive, Jefferson City, MO	""	US	false	false	99	99	99	99	Pediatric Dental Medicine Co	19209 Old Stage Road, Dinwiddie County, VA
S1-367670795	S2-495949641	Silver Coffee, LLC	Silver  Coffee, LLC	747 Ridge Avenue, Evanston, IL	""	US	true	false	99	99	99	99	Silver Coffee	895 Microwave Tower Road, Roseboro, NC
S1-579702274	S3-617668963	Shakti Projects Private Limited	Shakti Prgjcets Private Limited	Plot No.1206/1, 3Rd Phase, Gidc, Pardi, Valsad, Gujarat	""	India	false	false	99	99	99	99	Shakti Projects Private Limited	Ho.No. 50/1107-A1, Manjooran Estate, Rs Road, Ernakulam, Kerala
S1-236551159	S3-471049845	Sree Balaji Investments Limited	Sree  Bsdaji Investments Limited	Badaun, Kachhla Road, Ujhani, Uttar Pradesh, C/O Rajendra Kumar Goyal Mohalla Najhiyai	""	India	false	false	99	99	99	99	Balaji Investments Private Limited	Flat No 405, Block C, Vertex Sadgurukrupa Appt, Qutubullapur, Hyderabad, Telangana
S1-485806362	S3-258150445	Secure Stone Corp	Secure Corp Center	C/O Amit Vijay Dobale Sy No 128, Wadali, Akot, Akola, Maharashtra	""	India	false	false	99	99	99	99	Secure India Private Limited	Rajasthan, Rameshwar Dham, Murlipura, Jaipur, 52, Jaipur
S1-375376047	S2-848590368	Finance Anjali Technology Public Limited	FINANCE AJAOAIR  TECHNOLOGY PUBLIC LIMITED	Md Nurful Haque, 54, Nirupama Debi Rd, Word-2, Berhampore, Murshidabad, West Bengal	""	India	false	false	9	99	99	99	Aditya Finance Private Limited	Sector-32 Chandigarh Road, Ludhiana, Punjab
S1-854128765	S2-606070646	Alford & Rowe	Alford & Rleo	545 Pinnacle Road, Henrietta, NY	""	US	false	false	99	99	99	99	Alford & Rowe LP	34326 Hayden Way, DE, Millsboro
S1-914256131	S3-966182009	Pranendra Intelligence Limited	Pranendra Limited Services	D-36/1 August Kunda, Godowaliya, Varanasi, Uttar Pradesh	""	India	false	false	99	99	99	99	Pranendra Services Limited	#13, 1St Floor, Shankrappa Layout, Gattigere, Rajarajeshwarinagar, Bengaluru, Bangalore, Karnataka
S1-369504743	S3-941367360	Green Marketing Dynamics Inc	Green Green Dynamics Inc Partners	8524 Rain Forest Lane, Fort Worth, TX	""	US	false	false	99	99	99	99	Green Dynamics, Inc	431 Jane Road, Unit Apartment 1, Troy, AL
S1-785510556	S3-143183830	Clear Value Ampercap	Clear Value Partners	9200 Independence Drive, Unit APT 112, Anchorage, AK	""	US	false	false	99	99	99	99	Clear Value LLC	AL, 115 Daisy Court, Troy
S1-138826956	S3-556696715	Rpg Leasing Private Limited	RL	194/222, Dattatreyaexten.Gavipuram, Bangalore -, Bangalore, Karnataka	Karnataka, Bangalore -, Dattatreyaexten.Gavipuram, 194/222, Bangalore	India	false	false	99	99	99	99	Rl & Co	4/1, Kvr Complex, 1St Floor, Madurai Highway, Aruppukkottai, Virudhunagar, Tamil Nadu
S1-416094857	S3-119912032	Perfect Properties	Perfect  Properties	A-212/3, Kewal Park Azadpur, Delhi	""	India	true	false	14	99	99	99	Perfect Properties Private Limited	Plotno823, 824, Flatno-101, Sai Theertha Nilayam, Tirumalagiri, Hyderabad, Telangana
S1-985657531	S2-236329642	Elizabet Mercier Beacon Oyster Inc	Ariaveo	2124 63rd Street, Seattle, WA	63RD STREET, SEATTLE, WA	US	false	false	99	99	99	99	Wright Ventures Corp	1316 63rd Street, Seattle, WA
S1-551988845	S3-88461777	Creative Ventures Pvt Ltd	Creative Pvt Ventures Ltd	H.No.974, Sr.No.19, Hole Corner, 1 St Flor. Fl.No.2 Gondhale Nagar, Pune, Maharashtra	""	India	true	false	99	99	99	99	Creative Ventures Private Limited	A-2 Tpye Room No 709 Sector 21, Turbhe, Navi Mumbai, Thane, Maharashtra
S1-262304300	S3-163133526	Sr Solution (India) of Coimbatore Private Limited	Veoflux	Tamil Nadu, Coimbatore, Chinna Ayyavu Layout, Opp.Adwaith Gns Hsc School Sowripalayam Road, Coimbatore, 25	TN, Coimbatore, 25, Coimbatore	India	false	false	99	99	99	99	Marketing Sindhu Constructions LLP	25 H, Coimbatore, 1St Floor Peons Colony Kavundampalayam, Tamil Nadu
S1-459086029	S2-638649741	Randy's Boutique Inc	Zetaquo	Lagrange, 17613 Wheeler Road, OH	LAGRAGNE, OH, 1761 WHEELER RD	US	false	false	99	99	99	99	Rocky Montessori School	1761 Stacy Road, Mckinney, TX
S1-587056037	S3-252049701	Krishna Trading Private Limited	Krishna Private Limited Center	S/O.-Late Shiv Singh At- Anie Besent Road-4, University, Patna, C/O.-Ajay Singh, Patna, Bihar	Patna, Plot 105 C/o.-ajay Singh, BR, Patna	India	true	false	7	99	99	99	Krishna Business Pvt Ltd	C/O Vijay Pratap Singh, 32 Shahpur, Kaiserganj, Bahraich, Uttar Pradesh
S1-80315688	S2-813693142	Pioneer Solutions Pvt Ltd	psolutions.com	#325/ Himagiri, 9Th Main, Railway Layout, Bhavanina, Bangalore North, Bangalore, Karnataka	NO 325/. HIMAGRI, BANGALORE, BANGALORE NORTH, Karnataka	India	false	false	99	99	99	99	Shree Solutions Private Limited	0-225, Floor-2, Plot-3/3A, Unique Industrial Estate, Mumbai, Maharashtra
S1-5739296	S3-946113429	Silver Producer Private Limited	Silver Producer Private  Limited	Maharashtra, Thane, Girish Kunj, Wing A, Shiv Shakti Road, B P X Road, Bhayander (East), 304, Thane	""	India	true	false	9	99	99	99	Silver Producer Limited	D.No. 5-9-31, Mullapudivaristreet, Old Town Tanuku West Godavari, Ap, Andhra Pradesh
S1-952516391	S3-449101575	Shree Agro Private Limited	ശ്രീ അഗ്രോ പ്രൈവറ്റ് ലിമിറ്റഡ്	Kerala, 1St Floor, Anna Aluminium Company Private Limited Kizhakkambalam, Aluva, Ernakulam	Floor, Kochi Region, KL	India	true	false	99	99	99	99	Shree Agro LLP	Maharashtra, Malati Complexpoud Road, Pune
S1-342831564	S2-578901619	Forge	Fórge Enterprises	KS, Satanta, 1302 Mojave Street	""	US	true	false	99	99	99	99	Forge	8857 53, Wheeler, NY
S1-724839403	S3-879163415	Midnapore Foundation Pvt Ltd	Ariazeph	Vill. & P.O-Dhadika, P.S-Garbheta, District- Paschim Midnapore, Midnapore, West Midnapore, West Bengal	Vill. & P.o-dhadika, P.s-garbheta, District- Paschim Midnapore, Midnapore, West Midnapore, WB	India	false	true	10	99	99	99	Krishna Ventures	Vill & P.O. Jhakra, P.S. Chandrakona, Dist Paschim Medinipur, Midnapore, West Midnapore, West Bengal
S1-226329125	S2-30421403	Dental Summit Clinic LLC	Dental Summit Clinic LLC Foundation	11821 Peach Orchard Road, Charlotte, NC	""	US	false	false	9	99	99	99	Summit Foundation Clinic	133 Pupule Circle, Madison Township, OH
S1-324974271	S3-420024894	Sutra Solutions Private Limited	SS	S 273/3 Flat 14 B, Audumber Vihar Shridharnagar, Chinchwadgaon, Pune, Maharashtra	Pune, S 273/3 Flat 14 B, Audumber Vihar Shridharnagar, Chinchwadgaon, Maharashtra	India	false	false	99	99	99	99	Ss Business	Shri Niket-A-Wing Khopoli (U), Khopoli, Raigarh, Maharashtra
S1-488842960	S2-803562227	Shivshakti Securities Company	Shivshakti Securities Company Company	146/134 Raghavapuram, Reddigudem Mandal, Reddigudem, Krishna, Andhra Pradesh	""	India	true	false	8	99	99	99	Shivshakti Securities Private Limited	Bangalore, Bangalore North, 324/1, Karnataka, I Cross, Lalbahadu, B Channasandra Road
S1-429669151	S3-49155362	Jain Healthcare Private Limited	Jain Healthcare Private Límited	Surat City, Garden View Aprt, Honey Park Road, Adajan, Gujarat, Surat, Shop 1	""	India	true	false	99	99	99	99	Jain Healthcare Pvt Ltd	H.No 130, Karam Veer Nagar Colony, Narela., Bhopal, Madhya Pradesh
S1-203708721	S2-382896024	Royal Ventures Private Limited	રોયલ વેન્ચર્સ પ્રાઇવેટ લિમિટેડ	Plot No.19-A, Akshar Chawk, Muj Mahuda Sahjanand Kutir & Laghu Audhyogic Vasaha, T Ltd, Vadodara, Gujarat	19-A, BARODA, VADODARA, Gujarat	India	true	false	15	99	99	99	Royal Ventures LLP	Flat No F/301, Kanchanpuram Gat No 1210, Baif Road Wagholi Pune, Pune, Maharashtra
S1-679386160	S3-444901710	Navneet Projects Private Limited	Dr Miradelta	501/502, Princess Chs Ltd, Sharaf Mansion 32 Princess Street, Kalbadevi, Mumbai, Mumbai City, Maharashtra	0501/502, Mumbai, Mumbai City, महाराष्ट्र	India	false	false	99	99	99	99	Super Agro Private Limited	501, Tower 2B, One Indiabulls Centre 841 S. B. Marg, Mumbai, Mumbai, Mumbai City, Maharashtra
S1-805560166	S3-194596369	Family Coalition	Family Coalition Enterprises	215 Montgomery Street, Alexandria City, VA	""	US	true	false	6	99	99	99	Family Coalition	Unit 8, 53 Neil Street, OH, Delaware
S1-702478315	S3-693069105	Systems Onex Builders Private Limited	Systems Omex Builders Private [Limited]	Plot No.4 \8 House No.42\1 Husaini Street Opp New Masjid Village Kanodar Tal Pala, Npur, Palanpur, Banas Kantha, Gujarat	""	India	false	false	5	99	99	99	Builders Bros Systems Private Limited	Radheshyam Society, St No. 1 Opp. Patel Pan, Rajkot, Gujarat
S1-60342592	S3-934419901	Varshaya Real Pvt. Ltd.	Varshaya Rol Pvt. Ltd.	Unit No 201 2Nd Floor Tower A Pioneer Urban Square Golf Course Extn. Road, Sector-62, Gurga, On, Gurugaon, Gurgaon, Haryana	""	India	false	false	5	99	99	99	Varshaya Well	7/1, Usha Ganj, Chartered Chambers Near Shubham Gas, Indore, Madhya Pradesh
S1-78607630	S2-993495570	Uptown Massage Inc.	Uptown Massage Incorporated	103 Balsam Place, Unit 210, Tewksbury, MA	""	US	true	false	7	99	99	99	Uptown Massage	4994 Marshlake Lane, Prince William County, VA
S1-362001829	S2-390890582	Champaran Engineering Private Limited	VERAXYLOBELO	S.No-40/7B/6B/7A, Abc Nirman, Upper Ground Floor, Shop No-7, Thergaon, Pune, Pune City, Pune, Maharashtra	S.NO-#40/7B/6B/7A, WAKAD, Maharashtra	India	false	false	99	99	99	99	Galaxy Services Private Limited	A-7, Sector-6, Noida, Gautam Buddha Nagar, Uttar Pradesh
S1-11149384	S3-198819166	Buus, LLC	Buus, LLC	NY, Minerva, 107 Wilson Road	""	US	true	false	6	99	99	99	Buus LLC	1900 Bailey Road, Coats, NC
S1-596484728	S3-100052925	Anand Hospitality Private Limited	Deltakelo	Flat No. 12-2-790/71, Ayodhya Nagar, Mehidipatnam, Hyderabad, Hyderabad, Telangana	12279239, Ayodhya Nagar, Mehidipatnam, Hyderabad, Hyderabad, TG	India	false	false	99	99	99	99	New Delhi Tourism Ltd	D-307-A Dawat Nagar Abul Fazal Enclave, Jamia Nagar, New Delhi, South Delhi, Delhi
S1-426352967	S3-926073483	Seven Developers Pvt Ltd	Seven Developers Pvt Pvt Limited	Plot No 377, Soc No 1, Karvir Morewadi (Ct), Kolhapur, Maharashtra	""	India	true	false	99	99	99	99	Seven Developers Pvt Ltd	Villa 98, The Gran Carmen Address, Sarjapur Road, Bengaluru, Bangalore, Karnataka
S1-443264197	S3-379570919	Bratcher Corporation	Bractre Corporation	5748 Eula Avenue, Cincinnati, OH	5750 Eula Ave, Cincinnati, Ohio	US	false	false	8	99	99	99	Carter & Cabrera Brookfield LLC	105 Flushing Avenue, Fairfield, CT
S1-902588705	S2-8311256	Urology Gulf Partners LLC	Umbrapyra	3700 Burgee Court, Keller, TX	BURGEE CT, PMB 3968, KELLER, TX	US	false	false	99	99	99	99	EB Cornerstone Standard LLC	4805 Sam Bass Court, Keller, TX
S1-16228073	S3-730768074	Great Foundation Private Limited	Great Foundation Private Límited	No.48, Vembuli Amman Kovil Street, Palavanthangal, Chennai, Tamil Nadu	""	India	true	false	99	99	99	99	Great Foundation Limited	Xv/1609, Devikulam, Kannattu Shopping Complex, Adimali, Idukki, Devikulam, Kerala, Idukki
S1-462283795	S3-924522782	Dental Partners	Dental Partnres	7328 Hudson Chapel Road, Catawba, NC	""	US	false	false	99	99	99	99	Dental Partners	WA, 8719 Hill N Dale Street, Spokane
S1-560836783	S3-335139599	Happy Grill!	Happy Grill!	4750 Sharp Shooter Way, Prescott, AZ	""	US	true	false	99	99	99	99	Happy Grill	3506 Leaf Vines Drive, TX, Spring
S1-34274489	S3-601569093	Opto Assets L.L.C.	Gildmira	122 Calle Catalina Place, Houston, TX	12 Calle Catalina Pl, Texas, Houston	US	false	false	5	99	99	99	Benson, Long and Chen Pennantpark PLLC	5515 Fairwood Oaks Pl, Louisville, KY
S1-731365453	S3-487192196	Blue Veterinary Clinic	Blue Vternary Clinic	6719 Lonesome Woods Trail, Humble, TX	""	US	false	false	5	99	99	99	Blue Veterinary Clinic	7544 Hickory Creek Drive, Frankfort, IL
S1-943747502	S2-402852513	As (india) (India)	As (india) ((India))	No.386, 1St Floor, 1St Main 1St Cross, 7Th Block, Koramangala, Bangalore, Karnataka	""	India	true	false	99	99	99	99	Shree India LLP	K34, Ie/South Ambattur, Chennai, Tamil Nadu
S1-146052205	S3-33044750	Dynamic Hospitality Private Limited	Dynamic Hospitality Private Ltd Trading	9/41 Baghajatin, Kolkata, South 24 Parganas, West Bengal	""	India	true	false	8	99	99	99	Dynamic Hospitality Limited	13 Hariom Avenue 31-B Serventsoceityc G Road Navrangpura, Ahmedabad, Gujarat
S1-231539135	S3-456978308	Pune Services Private Limited	puneservicesprivate.com	B-403, Sr No 286/1C, Nivasa Prakriti, Lane No 13, Sathevasti, Lohegaon, Pune, Maharashtra	B-d/403, Pune, MH	India	false	false	9	99	99	99	Pune Epc Pvt Ltd	Unit No. 403-404, 4Th Floor, Building A, Pune It Park, 34 Aundh Road, Bhau Patil Marg, Bo, Podi, Pune, Maharashtra
S1-483778778	S3-879837048	Baba Enterprises Private Limited	Baba Enterprises Private	133P-1/149A, Transport Nagar, Kanpur Nagar, Uttar Pradesh	""	India	true	false	6	99	99	99	Baba Enterprises LLP	Mukkungal House Chambakkara, Poonithura P.O, Kochi, Ernakulam, Kerala
S1-696206055	S2-838282423	Indian India Private Limited	Xyloevo	197, Ashish Royal Park, Bareilly, Uttar Pradesh	197, BAREILLY, Uttar Pradesh	India	false	false	99	99	99	99	New Delhi Ventures Pvt. Ltd.	South Delhi, Delhi, C-197, New Delhi
S1-505721286	S3-360578024	Smg & Associates	Smg and Ascsociafttes	Sithayan Kottaidindigul Dindigul District, Dindigul District, Dindigul, Tamil Nadu	""	India	false	false	5	99	99	99	Smg & Associates	21K, Ath Elite, Tower K, Belgravia, Central Park, Gurgaon, Haryana
S1-401982329	S2-224323262	Hyderabad Services Ltd	Hyderabad Srvices Ltd	22/2/484 Dabeerpura, Noor Khan Bazar, Hyderabad, Telangana	""	India	false	false	13	99	99	99	Hyderabad Services Pvt Ltd	Telangana, 5-4-9, Hyderabad, Padma Towers, Kattal Mandi J N Road, Abids
S1-619492084	S3-383331034	Trinity Emanuel	Trinity Emanuel Enterprises	43 Fair Manor Circle, Spring, TX	""	US	true	false	99	99	99	99	Trinity Emanuel	18461 Berrybrooke Place, Sahuarita, AZ
S1-269055434	S3-861930664	Surya Industries Private Limited	Surya Industries Priabdte Limited	Kasaba Hobli Bangalore North Taluk, Bangalore, 4Th Floor, P.No 70/401 Survey No. 44/1 & 44/4, Hebbal Village, Karnataka, Cabin No Bo-O-078	""	India	false	false	12	99	99	99	Surya Industries	Bangalore, Karnataka, 1St Floor, Chowdeshwari Arcade, 2Nd Stage, West Of Chord Road, Opp Rajajinagar Metro Station, No. 59, Bangalore North
S1-273727536	S2-86496522	Indo Enterprises	इंडो एंटरप्राइजेज	A-187-B, Road No. 6, Jaipur, Rajasthan	A-887-B, JAIPUR, Rajasthan	India	true	false	11	99	99	99	Indo Enterprises Private Limited	B-601, Priti Sagar Chs, New Link Road, Borivali West, Mumbai, Bandra Suburban, Maharashtra
S1-455644659	S3-440481046	Slate Technologies Inc	Slate-Technologies Inc	19445 Crab Run Road, VA, Rockingham County	""	US	true	false	11	99	99	99	Slate	CA, Sacramento, 67 Hidden Lake Circle
S1-982713149	S3-324453996	Downtown Tattoo	Downtown Tattoo Enterprises	1529 Birdtown Road, Cherokee, NC	""	US	true	false	99	99	99	99	Downtown Tattoo!	ME, 2 Mainit Drive, Lisbon
S1-138717230	S2-159418177	Cais Inc	VEONYLAFAYE	4439 Maplewood Avenue, Chicago, IL	4439 MAPLEWOOD AVE, CHICAGO, IL	US	false	true	99	99	99	99	Jenilee Avdic Bright Eastern Inc	Chicago, IL, 8032 Maplewood Avenue
S1-497134943	S2-373696522	Brightova Ethereum	Brightova  Service	566 Nevada 277, Prescott, AR	""	US	false	false	99	99	99	99	Brightova Partners Inc	239 Storie Road, Jefferson, TX
S1-22671435	S3-189623643	Royal Developers Private Limited	Royal Developers Private  Limited	G1, Lakshmikripa, Sarangan Street, Nehru Nagar, Chromepet, Chennai, Tamil Nadu	""	India	true	false	6	99	99	99	Royal Developers Private Limited	Chandrapur, Nagpur Road, Maharashtra, Prop. Chandrakant Anjikar, Nanaji Nagar, Chandrapur
S1-867132318	S3-568664563	Hyderabad Services Private Limited	Vioariafaye	F.No.42054, Block-Iv, Phase-Ii, Janapriya Utopia, Situated At Attapur, Hyderguda, Hyderabad, Telangana	Hyderabad, TG, NULL, F.no.42054	India	false	false	99	99	99	99	Lodha Traders Private Limited	New Delhi, South Delhi, Delhi, F F, 88
S1-633236546	S2-889514038	Internal Medicine All Associates LLC	Internal Medicine Associates LLC Service	4215 68th Avenue, Tuscaloosa, AL	""	US	false	false	99	99	99	99	Internal Medicine Associates Inc	182 Center Street, Unit A, Lucasville, OH
S1-352879645	S2-856359189	Natasha Seva Samiti	M/s Evotavoonyx	F/801, Maharashtra, 1 Modi Baug Cts, 2254 To2262&3198 G.K.Road, Haveli, Pune	BLOCK F-328 F/801, HAVELI, PUNE, Maharashtra	India	false	false	99	99	99	99	Bangalore Ceramic Private Limited	328 B1, Malaprabha Block National Games Village, Koramangala, Bangalore, Karnataka
S1-700228497	S2-236015805	Credit Freight Consultants Care	Ve0gildvio	Town Of Lima, WI, W3025 R	#W3025 R, DURAND, WI	US	false	false	99	99	99	99	Vonni's Rocky Advisors LLC	Lansing, KS, 116 Hampton Court
S1-711906317	S2-120324530	Raj Estate Private Limited	ರಾಜ್ ಎಸ್ಟೇಟ್ ಪ್ರೈವೇಟ್ ಲಿಮಿಟೆಡ್	Bangalore, Karnataka, Ajanta Appts, Vittal Mallya Road, No.24 Lavelle Road, Near Ub City., No.3A, Bangalore	BANGALORE, Karnataka, NO.3A, BENGALURU	India	true	false	7	99	99	99	Raj Estate Private Limited	Udyog Vihar Extn-Ii, Greater Noida, Uttar Pradesh, Gautam Budh Nagar, Gautam Buddha Nagar, 039
S1-751342160	S3-324511034	Nagendra Systems Private Limited	Zetawex	136 4Th Cross Street, Lakshmi Nagar Extn, Porur, Chennai, P No 135, Tamil Nadu	P No 135, Chennai, Madras, TN	India	false	false	99	99	99	99	MIO Infrastructure	Ll-135, Nayako Ka Tiba Jawahar Nagar, Jaipur, Rajasthan
S1-177640265	S2-814944990	Midwest Council	Midwest Conuccil	7890 Hideaway Falls Court, Prescott Valley, AZ	""	US	false	false	99	99	99	99	Midwest Council	13786 Sieben Park Way, Happy Valley, OR
S1-1152831	S3-801444005	Red Power Private Limited	RED POWER PRIVATE LIMITED	302 Kirti Mohal 19Rajendra Place, New Delhi, Central Delhi, Delhi	""	India	true	false	99	99	99	99	Red Power Private Limited	Sreesailam, Chakrampady Kumarakom North P.O, Kottayam, Kerala
S1-332143831	S3-318747141	Raj Trading Limited	Raj Limited Services	Flat No 401, Grand Geejgarh Complex, Hawa Sarak, Jaipur, Rajasthan	RJ, No 401, Jaipur	India	true	false	5	99	99	99	Raj Services Private Limited	Flat No303, The Nest Apt., Kvr Valley, Mallampet, Qutubullapur, Hyderabad, Telangana
S1-978147179	S3-306505529	One Care Pvt Ltd	One Pvt Ltd Center	Birthlia Wali-Chak-7-E-Choti Near Kalyan Bhumi, Sri Ganganagar, Sriganga Nagar, Rajasthan	""	India	false	false	99	99	99	99	One Foundation Limited	39 A Lakshmanan Gounder Street Sanganoor Rathinapuri Am Engg Works, Coimbatore, Tamil Nadu
S1-883976502	S3-393609597	Apex Marketing Private Limited	Apex Marketing Limited Private	Workez Tulive, Helix No.144, 146, 148, 150 & 152, Velachery Main Road, Chennai City Corporation, Chennai, Tamil Nadu	""	India	true	false	14	99	99	99	Apex Marketing Pvt Ltd	A-802 Amrapali Eden Park, Noida Sector 50, Noida, Gautam Buddha Nagar, Uttar Pradesh
S1-361263866	S3-7498341	Colonial Network	Colonial Network Enterprises	807 Lenox Avenue, Waukegan, IL	""	US	true	false	9	99	99	99	Colonial Network LLC	822 200, Nephi City, UT
S1-669310619	S3-640707175	Tirupati Products Private Limited	Tirupati Products Private	11 Stardust80 Nepean Sea Road, Mumbai, Maharashtra	""	India	true	false	99	99	99	99	Tirupati Products Private Limited	Block No 1168, Mahakali Complex, Santej, Takalol, Santej, Daskroi, Ahmedabad, Gujarat
S1-351062754	S3-248278415	Coretta Carver Pro LLC	Mirabelo	1801 Wenas Road, Selah, WA	Wenas Rd, Selah, Washington	US	false	false	99	99	99	99	Heartland Trust	1060 51 Wenas Road, Selah, WA
S1-788969678	S3-148819152	Back Alley Ice Cream PC	Back Ice Alley Créam PC	1911 Ivison Street, Kaufman, TX	""	US	false	false	99	99	99	99	Back Alley Ice Cream! Inc.	4217 Silverthorne Drive, Balch Springs, TX
S1-826442846	S2-649497903	Cure Massage LLC	CURE MASSAGE Enterprises	Culpeper County, 19005 Carleton Drive, VA	""	US	true	false	99	99	99	99	Cure Massage	10634 Tuppence Court, Rockville, MD
S1-437392823	S2-680191092	Department of Buildings	Department of Bhillins	4306 Fairfield Avenue, Fort Wayne, IN	""	US	false	false	99	99	99	99	Department of Transportation	1358 Lamplighter Lane, Fairborn, OH
S1-150050114	S3-370134621	Seex American Safeguard Inc	Seex Safeguard Inc Center	510 Central Drive, Unit B512, Chattanooga, TN	""	US	false	false	5	99	99	99	Velex Safeguard Inc	Chattanooga, TN, Unit 205, 6272 Rivoli Drive
S1-18183152	S2-621429610	Rev It Up Bistro	REV IT UP BISTRO LLC	714 South Street, Fl 1, Centralia, MO	""	US	true	false	9	99	99	99	Rev It Up Bistro	2724 Gano Street, Great Bend, KS
S1-745721536	S3-191518155	Internal Medicine Health Inc.	Internal Medicine Health Inc Trading	24818 Lazy Way, Tomball, TX	""	US	true	false	99	99	99	99	Internal Medicine Health	6448 5180, West Jordan City, UT
S1-198708482	S3-147297533	Hitech Investment Pvt Ltd	Hitech Hitech Pvt Ltd Services	C-506, 5Th Flr, Bldg No 6, Hazara Chs Ltd Near Gurudwara Sion, Chunabhatti, Mumbai, Mumbai City, Maharashtra	""	India	false	false	99	99	99	99	Hitech Services LLP	Khsra No. 427, Kadrabad, Near Jain Sikanji, Modinagar, Ghaziabad, Uttar Pradesh
S1-698684064	S3-374041786	Primary Care Health LLC	Primary  Care Health LLC & Co	CA, Sacramento, 2848 Sweet Way	""	US	true	false	99	99	99	99	Primary Care Health	1105 Haaglund Drive, Unit Trailer 18, Missoula, MT
S1-181015207	S2-425605106	Continental Colonial Treasury	Continental Colonial Partners	2 Snowdrift Court, Unit APARTMENT I, Cockeysville, MD	""	US	false	false	99	99	99	99	Colonial Continental Tge Inc	339 Harrison Avenue, Jayton, TX
S1-317420110	S3-426482889	UAW Wines Pvt Ltd	Drexnovi	No.509, 2Nd Stage, Iv Phase, Peenya Industrial Area, Bangalore., Karnataka	D/509, Bangalore., KA	India	false	false	99	99	99	99	Eastern Estate Private Limited	B-509, Iind Floor New Friends Colony, New Delhi, South Delhi, Delhi
S1-91909046	S3-811650432	Sv & Co	Sv Co Partners	11/17, Shivaji Colony Edayarpalayam, Thadagam Road, Coimbatore, Tamil Nadu	""	India	true	false	99	99	99	99	Sv & Brothers Partners	Sector-2, 2Nd Floor, Vill-Mundi Kharar Opp. Gurudwara Sahib, Teh. Kharar, Dist., Sas Nagar, Kharar, Rupnagar, Punjab
S1-977982892	S3-897047824	Stella Academy Corp	Stella Áaety Corp	26, Mahalakshmi Nagar, Masakalipalayam, Uppilipalayam Po, Coimbatore, Tamil Nadu	""	India	false	false	12	99	99	99	Stella Group	19/1B, 23/4, Swapnamandirhousing Society Erandavana, Pune, Maharashtra
S1-41668524	S3-493191473	Saluja Nidhi Private Limited	Npsaluja.Com	H-10, F/F, Kh No. 29/21/2, 29/22/2 Bhim Gali, West Karawal Nagar, Delhi, North East, Delhi	H-10, Delhi, North East, DL	India	false	false	99	99	99	99	Sree Turbo Private Limited	10/19, Block 10 East Patel Nagar, New Delhi, Delhi
S1-889300060	S3-360935031	Nisarga Services Private Limited	Lumgildbelo	New No.110, 2Nd Cross, Nadakerappa Industrial Estate, Vishwaneedam Post, Hegganahalli, Bangalore North, Bangalore, Karnataka	#110, Bangalore Urban, Bangalore, KA	India	false	false	99	99	99	99	Toofan Products Pvt Ltd	Kolkata, 110 Alipore Park Road, Calcutta, West Bengal
S1-27156153	S3-119198670	Bharat Trading Ltd	Bharat Tráding Ltd	Bd-167/1, Kamal Park Ravindra Palli, Kolkata, Kolkata, Howrah, West Bengal	""	India	true	false	99	99	99	99	Bharat Trading Private Limited	Rmz Ecoworld, Building No. 7, 6Th Floor, Outer Ring Road, Bangalore, Bangalore, Karnataka
S1-435009692	S3-406990429	Hitech Management Private Limited	HM	2Nd Floor, New Door No36/1 Ramanujakoodam Street, Old Washermenpet, Chennai, Tamil Nadu	2Nd Floor, New Door No36/1 Ramanujakoodam Street, Old Washermenpet, Chennai, Tamil Nadu	India	false	true	99	99	99	99	HM Services Public Limited	Nalanda Building, 1St Floor, Near Deluxe Cinema, Pimpri., Pune, Maharashtra
S1-986483166	S3-563206585	Chiropractic Health of Rosenberg	Chiropractic Health Center Of	1312 Georgina Street, Rosenberg, TX	""	US	false	false	99	99	99	99	Chiropractic Health of Benton	AR, 2509 Rollingbrook Drive, Benton
S1-351087897	S3-259811761	THN Technocrats Private Limited	Quoyuma	A-1559 Awas Vikas Colony, Hanspuram Naubasta, Kanpur Nagar, Uttar Pradesh	H.no 453 A-1559 Awas Vikas Colony, Kanpur Nagar, UP	India	false	false	10	99	99	99	Shree Services LLP	632, Awas Vikas Colony Gandhi Nagar, Basti, Uttar Pradesh
S1-618807720	S2-31431269	South Constructions Private Limited	Lyrákelo	Rabbani Complex (Mp Xx/735) Nayabazar, P O Uppala, Kasaragod, Kasargode, Kerala	NO. #939 RABBNAI COMPLEX (MP XX/735) NAYABAZAR, P O UPPALA, KASARAGOD, KASARGODE, Kerala	India	false	false	5	99	99	99	Alpha Estate Limited	11/21 Uppala Gate, B T Road, Uppala P.O, Kasaragode, Kasargod, Kerala
S1-241047824	S3-494418633	Lucky Deli	Lucky [Deli]	11 Acorn Lane, Unit 1A-2B, Lake In The Hills, IL	""	US	true	false	99	99	99	99	Lucky Deli	1801 2nd Ave SE, IA, Cedar Rapids
S1-830864804	S3-741305109	Management Global Memorial	Management Global-Services	A1, A-44, Syno 500, 5, Khapra, Hyderabad Hyderabad, Hyderabad, Telangana	#517 A1, Hyderabad, Kushaiguda, తెలంగాణ	India	false	false	6	99	99	99	Global Management Private Limited	H.No. 27-848/1, Road No. 5 K P H B Colony, Hyderabad, Telangana
S1-792383190	S2-590610062	Forge Center	Forge Center	400 Farrell Drive, Rm ROOM 102 OFFICE, Covington, KY	""	US	true	false	6	99	99	99	Forge Center	142 Hunnewell Street, Needham, MA
S1-254283540	S3-604936310	Tech Business Pvt Ltd	Tech Business  Pvt	House No 2079, E Ward, Sangita Bldg, 14Th Lane, Karvir, Kolhapur, Maharashtra	""	India	true	false	99	99	99	99	Shree Tech Private Limited	Holding Premises No-106, Sarat Pally, Budge Budge - I, South 24 Parganas, West Bengal
S1-371577629	S2-132293676	Corner Massage	CORNER MASSAGE	8833 Cottonwood Lane, Terrell, TX	""	US	true	false	5	99	99	99	Corner Massage	124 Orchard Trail, Norwalk, IA
S1-115283840	S3-307342862	Tirupati Power Private Limited	Tirupati Power Private (Limited) - 9630406635	Pl No. 920/1869 Jail Road, Bhubaneswar, Orissa, Khordha, Jharpada	""	India	true	false	99	99	99	99	Tirupati Power Pvt Ltd	Property At 201, 2Nd Floor Dda Commercial Complex Aurbindo Place Hauz Khas, New Delhi, South Delhi, Delhi
S1-93985685	S2-819885717	New Projects Private Limited	New Projects Private	23, Vaswani Mansion, 4Th Floor Dinshaw Vaccha Road, Opp. K.C College, C, Hurchgate, Mumbai, Maharashtra	""	India	true	false	18	99	99	99	New Projects Private Limited	3Rd Floor, 19K, Saraba Nagar, Ludhiana, Punjab
S1-462907815	S2-739349679	Shivam Impex Limited	CENTER SHlVAM LIMITED	G1, 1702, 17Th Floor, Eros, Sampoornam, Greater Noida, Dadri, Gautam Buddha Nagar, Uttar Pradesh	G##1, DADRI, GAUTAM BUDDHA NAGAR, उत्तर प्रदेश	India	false	false	16	99	99	99	Shivam Producer Private Limited	Plot No-57/3, Ecotech-1, Extension-1, Dadri, Gautam Buddha Nagar, Uttar Pradesh
S1-567479674	S3-573662787	Barker Nova LLC	Barker LLC Center	5 Dix Street, Boston, MA	""	US	false	false	99	99	99	99	Barker Industries P.C.	485 Labore Road, Little Canada, MN
S1-386407435	S2-62011662	Delhi Reach Corporation	Delhi Riaeh Riaeh Corporation	Usha Kiran Building Azadpur, Naniwala Bagh, New Delhi, Delhi, Ug-8A, Delhi	""	India	false	false	99	99	99	99	Delhi Tech Private Limited	Shop No-G-43, Ground Floor, Vardhman Fortune Mall G.T. Karnal Road, Near Gujaranwala Town, Delhi, North Delhi, Delhi
S1-972093717	S3-345175860	Bay Coalition	Bay  Coaliiton	680 Industrial Drive, Galt, CA	""	US	false	false	99	99	99	99	Bay Coalition	8174 950, Cloverdale, IN
S1-327250842	S2-557705761	Lewis Spac LLC	Lewis LLC Services	MN, 1425 Galtier Street, Saint Paul	""	US	false	false	99	99	99	99	Lewis Series	140 Eastcherry Avenue, Gahanna, OH
S1-341265810	S3-454582986	Access Services (India) Private Limited	Access (India) Private Limited Partners	No 51, Mchs Hsr Layout, Sector 4, Bangalore, Karnataka	""	India	true	false	9	99	99	99	Access (india) Private Limited	New Patna Colony Beur Patna, Patna, Bihar
S1-131515026	S2-595261376	Raj Agro	Raj  Agro	Shop No. 102 Patel, Chembers Near Z P Office, Nashik, Maharashtra	""	India	true	false	99	99	99	99	Raj Agro Private Limited	606, River Palace-Ii Near Navdi Owara Nanpura, Surat, Gujarat
S1-9555932	S3-977801132	Education Coalition	Education [Coalition]	8130 7th Street, Terrebonne, OR	""	US	true	false	5	99	99	99	Education Coalition	400 Sloss Avenue, Omaha, TX
S1-742493286	S2-258695754	Arc Tradecom Pvt. Ltd.	ARC PVT. LTD. CENTER	Bazar Bansawalaphagwara Distt Kapurthala, Punjab, Kapurthala, Punjab	""	India	false	false	99	99	99	99	Arc Consultancy	1B Anir Apt Aghar Sarani, Bosepukurmore Rajpur, South 24 Parganas, West Bengal
S1-235772393	S2-669157745	BCJ Energy Private Limited	BEPRIVATE.COM	No 79, 1St Floor, Godown Street Parrys, Chennai, Tamil Nadu	PUDUCHERRY, Tamil Nadu, CHENNAI, #79	India	false	false	99	99	99	99	First Educational Society	Pp-79Pitampura, North Delhi, Delhi, New Delhi
S1-452915409	S2-145892046	Cascade Solutions	CASCADE  CENTER	1280 Tarbert Drive, Cary, NC	NC, 1281 TARBERT DRIVE, CARY, PMB 8170	US	true	false	6	99	99	99	Cascade Center	177 Albany Avenue, Kingston, NY
S1-569401360	S2-587838826	Kanakia (ap) LLP	Pyranyla	Shop -309, Sai Mahaavir Devp, Plot No.26A, Sec-7 Kharghar Navi Mumbai, Panvel, Raigarh(Mh), Maharashtra	RAIGARH(MH), Maharashtra, SHOP -309, PANVEL	India	false	false	99	99	99	99	Nagaya Processing Associates	Flat No. I-1707 S.No-45/2, Balaji Symphony Sukapur, Panvel, Raigarh(Mh), Maharashtra
S1-585004278	S3-68424211	Systems Nain International Care	Deltaonyxlyra	Bhilwara, 6-A-48, Rajasthan, Chandra Shekhar Azad Nagar, Bhilwara	6-A-48, Mumbai, Bhilwara, राजस्थान	India	false	false	99	99	99	99	Vision Ventures Private Limited	Ernakulam, Kochi, C-36, Sixth Floor, Jomer Symphony Vyttila, Door No.48/1744, Kerala
S1-10918319	S3-414802076	Vishal & Co	vishal.com	256, G H-14, Paschim, Vihar West Delhi, New Delhi, West Delhi, Delhi	56, New Delhi, DL	India	true	false	6	99	99	99	Vishal Technologies Private Limited	Ug-56 Somdutt Chamber 2, Bhikaji Cama Place, New Delhi, South Delhi, Delhi
S1-125373755	S3-369923314	Memorial Association	Memorial Center Trading	2902 Elm Street, Toledo, OH	""	US	false	false	99	99	99	99	Memorial Center LP	Parma, 8265 Banner Lane, OH
S1-534269793	S2-752164935	Johnson Analytics LLC	Johnson Anaiyts LLC	Saltville Town, 611 Ridgeview Road, VA	""	US	false	false	99	99	99	99	Johnson Corporation	15 Maule Drive, Corbin, KY
S1-313923711	S3-695083352	Alexander's Transport	Alexander'S Alexander'S Center	10471 2290 Road, Clinton, OK	""	US	false	false	99	99	99	99	Alexander's Analytics	45 Hines Road, Enfield, NY
S1-408051691	S2-639053319	Urban Business Private Limited	अर्बन बिजनेस प्राइवेट लिमिटेड	004/001, Vrindavan Tower, Next To St. Joseph School Vrindavan Tower, Next To St. Joseph Scho, Ol, Mira Road East, Thane, Maharashtra	##004/001, MIRA ROAD EAST, KASHIMIRA, Maharashtra	India	true	false	9	99	99	99	Fs Urban Private Limited	103, 103 A, Gaurav Woods, Building No, 4 Mira Road (East), Thane, Maharashtra
S1-711840275	S3-851225753	Megha Consultancy	Megha Center	Flat No.39-D, Pocket- B-8, Kondli Gharoli, East Delhi, Delhi	""	India	false	false	99	99	99	99	Megha Services Private Limited	Rattha Tekmeadows, Tower C, 3Rd Floor, No.51, Rajiv Gandhi Salai, Sholinganallu, R, Chennai, Tamil Nadu
S1-425088467	S2-445064387	Sai India Private Limited	Sai India Private [Limited]	House No. 3/54 R.H.B. Colony, Bhiwadi, Alwar, Rajasthan	""	India	true	false	13	99	99	99	Sai India Private Limited	Katihar, Village:Para Via Ranipatra Post:Kalsar Anchal:Hassanganj, Bihar, Katihar, C/O Shashank Shandilya
S1-217999626	S3-312863197	Baba Developersprivate Corp	Sri Baba Corp Center	1/4A, L/S, Kirti Nagar, Industrial Area, Opposite Bangla Sweets, New Delhi, Delhi	4A, New Delhi, DL	India	false	false	99	99	99	99	Baba Services Corporation	4-A/29 2Nd Floor, Tilak Nagar, New Delhi, West Delhi, Delhi
S1-815337468	S3-282561511	Modern Infotech Private Limited	Modern Private Limited Service Enterprises	Hig-20, Awas Vikas Colony, South Betiahata, Gorakhpur Sadar, Gorakhpur, Uttar Pradesh	""	India	false	false	99	99	99	99	Modern Enterprises	No.68, D-Block, Second Floor, S-1, Majith Nagar, Frontier Homes Aliph, Chingleput, Kanchipuram, Tamil Nadu
S1-953703668	S2-494390385	Lotus Enterprises Private Limited	LOTUS ENTERPRISES PRIVATE LIMITED Enterprises	1 Kasba Peth, Sumero Apartments, Pune, Maharashtra	""	India	true	false	99	99	99	99	Lotus Enterprises Private Limited	Patiala, Punjab, D2, Maya Garden City Flat Ambala Road, Sas Nagar Punjab, H No 604, Patiala
S1-640021827	S2-773086043	Sree Tech Limited	Smt SREE-TECH	133/135, Sheriff Devji Street (Chakla Street) Off Mohamad Ali Road, Mumbai, Mumbai City, Maharashtra	""	India	true	false	99	99	99	99	Tech Business Private Limited	Nashik, R/H No-7 Sai Smith R/H Deodatta Nagar Ambad, Maharashtra, Nashik
S1-287676143	S3-112121473	Primary Care Medicine LLC	Primary LLC Medicine-Care	Buffalo, NY, 131 Dartmouth Avenue	""	US	false	false	99	99	99	99	Primary Care Medicine Inc.	14581 Wethersfield Road, Fl 1, Scottsdale, AZ
S1-866000225	S2-932380851	Tonks Prime Antimony	Violum	9715 Woods Drive, Unit P-630, Skokie, IL	971 WOODS DR, SKOKIE, IL	US	false	false	99	99	99	99	Urology Sterling Medicine, LLC	9655 Woods Drive, Unit P-347, Skokie, IL
S1-401298976	S2-638966003	Udbhav & Brothers LLP	Udbhav & Brothers L.L.P.	No 41 North Street, Thanjavur, Tamil Nadu	""	India	true	false	5	99	99	99	Udbhav & Brothers Ltd	94/D3 Sea-Princess Soc Svp Nagar, Mahada, Andheri-West, Mumbai, Mumbai City, Maharashtra
S1-652549587	S3-862003616	Opto Vance	Opto Center	419 Leaf Drive, Harpersville, AL	""	US	false	false	99	99	99	99	Opto	3117 Dolly Ridge Drive, Vestavia Hills, AL
S1-812238919	S3-276133642	Mars Trading Limited	Mars Trading Limited	C/O Smt Renu Devi Anand, Bihar Colony Mustafabad, Gaya, Bihar	""	India	true	false	5	99	99	99	Mars Trading Limited	H No-633/13, Suncity, Panchwati, Kamta, Chinhat, Lucknow, Uttar Pradesh, Lucknow
S1-922079426	S2-344913563	Urology Care	UROLOGY-CARE	201 Brobeck Road, Limestone, TN	""	US	true	false	99	99	99	99	Urology Care Inc	17628 Marymere Court, Chesterfield County, VA
S1-440059920	S3-886951312	Blue Foundation Limited	Cénter Blue Limited	# 18, Sy No - 171, Ambalipura, Bangalore, Karnataka	# 18, Bangalore, Bengaluru Urban, KA	India	false	false	12	99	99	99	Blue Traders Limited	#18, Thambchetty Road Cox Town, Bangalore, Bangalore, Karnataka
S1-782973293	S3-819827986	Nami (India) Constructions Private Limited	... #namiindia	Plot No-91, Cabin No-2, Third Floor, Gram Sabha, Sewak Park, Dwarka Mor, New Delhi, West Delhi, Delhi	Pltt No-91, New Delhi, West Delhi, दिल्ली	India	false	false	99	99	99	99	NI India	Delhi, Flat No. A-701 Sb Youth Apartments, South West Delhi, Sector-2 Plot 6B
S1-465032792	S3-20670020	Aspen	Aspen Ventures	80 Destination Drive, Woodfin, NC	""	US	true	false	99	99	99	99	Aspen LLC	Milemarker 231 69, Anderson, IN
S1-59045413	S2-413494287	Cornerstone	Cornerstone (Inc.)	2008 7th Street, Broken Arrow, OK	""	US	true	false	99	99	99	99	Cornerstone Inc.	12929 Portulaca Drive, Unit UNIT 310, Saint Louis, MO
S1-98055807	S3-453683812	MS Hotels Limited	MS Hotes Limited	C/O Suraj Mondal, Haripur, Murshidabad, West Bengal	""	India	false	false	99	99	99	99	Hotel Consultants	Plot No-1270/8566 Satyavi Har Rasulgarh Ps Macheswar, Khordha, Bhubaneshwar, Orissa
S1-391850536	S2-30049852	Laxmi Builders Private Limited	ಲಕ್ಷ್ಮಿ ಬಿಲ್ಡರ್ಸ್ ಪ್ರೈವೇಟ್ ಲಿಮಿಟೆಡ್	Mysore, No. 2, Mysore, Karnataka, Ss Mantion, 18Th Block 80Ft Main Road	DOOR NO 2, SOUTH KARNATAKA REGION, N/A, Karnataka	India	true	false	5	99	99	99	Laxmi Builders Private Limited	2B Grd Flr Mastermind-Iv Royal Palms Aarey Milk Colony Goregaon East Mumbai, Mumbai, Mumbai City, Maharashtra
S1-632370376	S3-982061501	Jaipur Stocks Pvt Ltd	Jaipur Pvt Ltd Service	Fl No-401, 3Rd Floor, Vaishali Elegance, Jaipur, Rajasthan	Fl No-00401, Jaipur, RJ	India	false	false	5	99	99	99	Jaipur Holdings	Flat No.401, Kanchan Apartment Tilak Nagar, Jaipur, Rajasthan
S1-778143399	S2-610658688	National Federation	national federation Enterprises	1410 Sylvan Street, Unit Apartment 207, City Of Oconomowoc, WI	""	US	true	false	10	99	99	99	National Federation	8846 Joliet Avenue, Cottage Grove, MN
S1-161217294	S3-281039245	Jai Foundation Limited	जय फाउंडेशन लिमिटेड	Room No 13/6, Jai Malhar Chawl, Kamani Road, Bhoper Gaon, Dombivali-East, Thane, Maharashtra	Hn 301 Room No 13/6, Thane, महाराष्ट्र	India	false	false	8	99	99	99	Jay Foundation	No. 470, 13Th Cross, 3Rd Main, Indiranagar, 2Nd Stage, Bangalore, Karnataka
S1-111132907	S3-342377948	Bharat Media Private Limited	Bharat Media Limited Services	5Th B Cross, Bhoopasandra Main Road, Near Srinivas Bar, Rmv 2Nd Stage, Bangalore, Karnataka, No.2/A	2/A, Bengaluru, Bangalore, KA	India	true	false	5	99	99	99	Bharat Media Private Limited	Kh No. 2049/2037, 1496, Munwas, Kailashpuri, Badgaon, Udaipur, Rajasthan
S1-579699098	S3-891205593	Gallagher Rock Inc	Gallagher Inc  Center	2754 Alma School Road, Mesa, AZ	""	US	false	false	99	99	99	99	Gallagher Partners	7752 Japine Drive, Clay, NY
S1-758376727	S3-789606995	High Estate Private Limited	highestate.com	Indira Residency, Fci Layout, Deepanjalinagar, Mysore Road, Bangalore South, 31/7, Karnataka, Bangalore	KA, Bangalore, 1/7, Bangalore South	India	false	false	10	99	99	99	High Estate Private Limited	Fl-1/A, Hld-Rgm, As/99, Mondal Gathi, Kolkata, 1St Fl, West Bengal, Kolkata, Howrah
S1-36234000	S2-629763424	Kolkata Singh Private Limited	Kolkata Private Limited Center Enterprises	167A Park Street, Kolkata, Calcutta, West Bengal	""	India	false	false	99	99	99	99	Kolkata Enterprises Private Limited	1/1, Ramji Hazra Lane, Howrah, Po: Khurut, Ps: Shibpur, Kolkata, Howrah, West Bengal
S1-730630177	S3-741804539	Johnson Homes PLLC	Johnson PLLC Center	1609 13th Street, Unit B, Washington, DC	""	US	false	false	99	99	99	99	Johnson Corporation	1704 Westchester Drive, North Manchester, IN
S1-839689683	S2-1154818	Annadiana's Star Tire Shop	Kelozeph	1307 St John Street, Richmond City, VA	1307  ST JOHN STREET, RICHMONDC ITY, VA	US	false	false	99	99	99	99	Cobalt LLC	704 Saint John Street, Garden City, KS
S1-600025984	S3-371237072	Straight Edge Massage	Straight Edge Masage	1716 Sunny Slope Road, WI, City Of New Berlin	""	US	false	false	5	99	99	99	Straight Edge Massage!	15283 Oak Valley Road, Ramsey, IL
S1-901990996	S3-46322368	Board of Motor Vehicles Center	Calozeta	6208 Ivanhoe Street, Fl 1, Chandler, AZ	Chandler, Arizona, 5978 Iianhoe St	US	false	false	99	99	99	99	F 7 V Emera	224 Front Street, Ripley, OH
S1-715215892	S2-115070496	Raj Informatique Private Limited	Raj Private Limited Services Enterprises	Plot No-12, Laxmi Colony, Badarna Road Jodla, Sikar Road, Jaipur, Rajasthan	""	India	false	false	99	99	99	99	Raj Enterprises Private Limited	Howrah, West Bengal, 12, Kolkata, Hariram Goenka Street 1St Floor, Kolkata
S1-584663288	S2-895085365	Silver Services Private Limited	સિલ્વર સર્વિસીસ પ્રાઇવેટ લિમિટેડ	B/434, Gujarat, Ahmedabad, 4Th Floor, Opp.Swaminarayan Mandir Advance Mill Compound, Shahibaug	B/34, AHMEDABAD, Gujarat	India	true	false	10	99	99	99	Silver Technology Private Limited	Bangalore Rural, 34/13, 34/11, 34/10, 34/09 Junnasandra137 Sarjapur Road, Bellandur, Bellandur, #1531/34/12, Karnataka
S1-747342702	S3-176406327	Uptown Massage PLLC	Uptown Massage PLLC Center	1066 Todd Farm Drive, Unit 202, Elgin, IL	""	US	true	false	99	99	99	99	Uptown Massage	4994 Marshlake Lane, Prince William County, VA
S1-748181807	S3-381209582	Vinay Services Corp	VS	5, Clive Row 1St Floor, Room No. 23, Kolkata, Kolkata, Howrah, West Bengal	5, Clive Row 1St Floor, Room No. 23, Kolkata, Kolkata, Howrah, West Bengal	India	false	true	99	99	99	99	VS Auto Private Limited	1St Floor, Centrium, Kannothumchal, Chovva Po, Kannur, Building No.45/986, Kannur, Kerala
S1-342554519	S3-406501718	Metro Horizon	Metro  Horizon	1824 10th Avenue A Court, Silvis, IL	""	US	true	false	5	99	99	99	Metro Horizon LLC	60 Del Webb Boulevard, Unit 3204, Georgetown, TX
S1-444980839	S3-105748694	Straight Edge Hypnosis	Straight Edge Hypnosis Service	517 Division Street, Dover, DE	""	US	true	false	99	99	99	99	Straight Edge Hypnosis!	9600 Capitol View Drive, Austin, TX
S1-902800900	S2-544186405	Pearl & Associates	Pearl  & Services	Shop No. 2, Rudraksh Residency, Alibag, Raigarh(Mh), Maharashtra	""	India	true	false	12	99	99	99	Pearl & Partners	16 Floor2 Plot167/262 A, Navyugniwas Minervacinema, Mumbai, Maharashtra
S1-388241906	S2-847049205	Interfaith Network	Interfaith  (Network) Enterprises	908 Front Street, Milford, DE	""	US	true	false	99	99	99	99	Interfaith Network	3 Plainsail Court, Salem, SC
S1-573169652	S3-895942589	Real Investment Private Limited	Real Investment Private Enterprises	Orissa, Khordha, Plot No. 2443 (A) Mancheswar, Bhubaneswar, Rasulgarh	""	India	true	false	99	99	99	99	Real Investment LLP	12, Floor-1St, Plot-396/410, Arcadia Building, Mumbai, Maharashtra
S1-176597092	S3-235389544	Eastern Healthcare Private Limited	De1tadelta	Ug 06, Mgf Metropolis Mall M G Road, Gurgaon, Haryana	Ug 06, Gurgaon, Coimbatore, HR	India	false	false	99	99	99	99	Samanta Apparels Private Limited	Ug 006, Mgf Metropolis Mall, Mehrauli-Gurgaon Road, Sector-28, Dlf Qe, Gurgaon, Haryana
S1-947252629	S3-644528342	Hari Anand Producer LLP	Hari-Anand	Kh No-806/1, Ground Floor K Block Mahipalpur Extn, Near Apra Auto, Delhi, South Delhi, Delhi	""	India	false	false	5	99	99	99	Hari Anand Agro Private Limited	18, 1St Floor, Ratnadeep, Plot No 76/78 Building Jagannath Shankarsheth Marg, Girgaon, Mumbai, Mumbai City, Maharashtra
S1-673232261	S2-906191986	Creative Healthcare Private Limited	Rizaaria	32, 3Rd, Floor, Aashiana Galaxy, Exhibition Road, Patna, Bihar	#32, Patna, NULL, Bihar	India	false	false	99	99	99	99	Shree Services Pvt Ltd	House No. 32, Chandra Lok Pitampura, New Delhi, North Delhi, Delhi
S1-810589636	S2-397492283	Jain Services LLP	Jain LLP  Services	361 (Old 173) Flat -2 Le Royal Riteroof Lloyds Road, Gopalapuram, Chennai, Tamil Nadu	""	India	true	false	99	99	99	99	Jain Services Private Limited	292/293, Vaishali Nagar, Jaipur, Rajasthan
S1-909397137	S2-725042336	Frontier Heritage Corporation	Frontier Hnrrite Corporation	1010 Main Street, Haskell, OK	""	US	false	false	99	99	99	99	Frontier Center	23296 School Street, Accomac Town, VA
S1-236787969	S3-640326521	Cardiology Piedmont Medicine LLC	Cardiology Píedmont	4208 Stanby Court, Fairfax County, VA	""	US	false	false	99	99	99	99	Cardiology Piedmont Center	7901 Tonopa Lane, Austin, TX
S1-62441548	S3-630616796	Options & Sons Private Limited	Halowextavo	Jw 8290, Maharashtra, Bandra, Mumbai, Bharat Diamond Bourse G Block, Bandra Kurla Complex, Opp Nabard Head Office Bandra (E), Mumbai	Blokc G-709 Jw 8290, MH, Bandra, Mumbai	India	false	false	99	99	99	99	Daskroi Services Private Limited	1105 To 1108, Anam - 2, Bopal, Daskroi, Ahmedabad, Gujarat
S1-335947116	S2-104321825	Southern Engineering	Southern Engineering Corporation	Pent House Madhuranagar, Andhra Pradesh, Vishakhapatnam, Door No.49-24-63, Visakhapatnam	""	India	true	false	8	99	99	99	Southern Engineering Private Limited	Orissa, Sector-10 Cda, Markat Nagar, Cuttack, Plot No- 5D/1411, Cuttack
S1-513561866	S2-458011241	Lakshmi Investments Pvt Ltd	लक्ष्मी इन्वेस्टमेंट्स प्रा. लि.	4, Chandra Nagar, Mukhta Nand Nagar, Gopalpura, Jaipur, Rajasthan	4/1, CHITTAURGARH, JAIPUR, राजस्थान	India	false	false	5	99	99	99	Laxmi Investments Pvt Ltd	New No 41/1 Ashok Balaji Apartments 48Th Street 9Th Avenue Ashok Nagar, Chennai, Tamil Nadu
S1-102779226	S3-148623453	Alpha Finance Private Limited	Fluxmira	A Wing, Hansaraj Apartments, Padma Colony, Virar (W), Vasai-Virar City, Vasai, Thane, Maharashtra	A Wing, Thane, Vasai, MH	India	false	false	99	99	99	99	Shree Power Pvt Ltd	Flat No. 204, A Wing, Vinayak Shopping Centre, Navghar, Vasai, Thane, Maharashtra
S1-578672824	S2-46140432	Future Logistics Private Limited	फ्यूचर लॉजिस्टिक्स प्राइवेट लिमिटेड	71/A, Mittal Court, 224, Nariman Point, Mumbai, Maharashtra	BLOCK A-937 71/A, MUMBAI, Maharashtra	India	true	false	16	99	99	99	Future Logistics Private Limited	H No.30/3 Sec 37, Noida, Gautam Buddha Nagar, Uttar Pradesh
S1-618160252	S2-644694045	Laxmi Nagar Ice Private Limited	lnice.com	Promoter, G-81/A Vijay Chowk, Laxmi Nagar, Delhi	PROMOTER, LAXMI NAGAR, MANDAWALI FAZALPUR, Delhi	India	false	false	99	99	99	99	Altec Trading LLP	H. No.-7, Ugf-4, Gali No. 3 Mandawali Fazalpur, New Delhi, East Delhi, Delhi
S1-472742269	S3-178953139	Sunrise Agro Pvt Ltd	Sunrise Pvt Ltd Center	Pragati Tower, Rajendra Palace, Near Patel Nagar Metro Station, 907, Central Delhi, Delhi, New Delhi	""	India	false	false	99	99	99	99	Sunrise Services Private Limited	Haryana, G T Roadfatehabad Dist Hisar, Sirsa
S1-222401954	S2-926316293	Royal Properties Private Limited	Royal Properties Private Private	Maharashtra, Pune, Shop No. 4 Ratan Apt 390/A Narayan Peth Rashtra Bhasha Bhavan	""	India	true	false	99	99	99	99	Royal Properties Private Limited	Vill-Tola Baramasia, Bihar, Jamui, C/O-Vikas Kumar Keshri, Jhajha
S1-860648406	S2-66195895	Desert League	Desert League Trading	167 Maple Run Road, Elk Garden, WV	""	US	true	false	99	99	99	99	Desert League	2649 Bore Auger Road, Bedford County, VA
S1-72995737	S3-864133026	West Dollar LLC	Verarizabrix	408 Williams Street, Unit UNIT D, Barstow, CA	408 Willimas St, Barstwo, California	US	false	false	99	99	99	99	Pereyra Income Inc	IL, 408 Pond Street, Lostant
S1-491335557	S3-269848042	Shree & Brothers Co	Mr Shree Brothers Co [Partners]	Gautam Buddha Nagar, Uttar Pradesh, Tower Felec, Mahagun Maple, Sec-50, 1014, Noida	1014, Noida, UP	India	true	false	6	99	99	99	Business Brothers Partners	Bangalore, Karnataka, H.No. 45, Bangalore North, Sai Krupa Building, 4Th Cross Road, Behind Indian Oil Petrol Pump, Hal Central Township, Marathahalli Village
S1-71191254	S3-433162086	Total Golden Chs Inc.	Total Golden Golden	4316 East Drive, Crystal Lake, IL	""	US	false	false	99	99	99	99	Total Golden Gold	3539 Brimwood Drive, Houston, TX
S1-610269593	S2-808078624	Back Alley Ice Cream PLLC	Back Alley  Ice Cream PLLC Center	236 123, Goodwater, AL	""	US	true	false	99	99	99	99	Back Alley Ice Cream	21818 Burnaby Trail Court, Houston, TX
S1-700576085	S2-208826309	Cherish Food Limited	M/s Quoumbra	Sy. 130P & 115/1P, Nanakramguda Rd Financial, Seri Lingampally, K.V.Rangareddy, Telangana	BLOCK D-92. SY. 130P & 115/1P, SERI LINGAMPALLY, K.V.RANGAREDDY, Telangana	India	false	false	13	99	99	99	Seri Lingampally Civicon Pvt. Ltd.	Sy 130P & 115/1P, Nanakramguda, Seri Lingampally, K.V.Rangareddy, Telangana
S1-445322325	S3-298860547	Divya College Private Limited	Divya Private Limited Service Service	Kuera Building, 21, Sunkurama Chetty Street George Town, Madras, Chennai, Tamil Nadu	""	India	false	false	6	99	99	99	Divya College	203, Malad Sadguru Sadan Chs Ltd. Rebello Compound, Opp Seepz, M.I.D.C., A, Ndheri (E), Mumbai, Mumbai City, Maharashtra
S1-758211072	S3-920529913	Green Agro Private Limited	Green Agro Private	Nilam Tiwari, Indraloc Colony Sahzadpur Sahzadpur, Ambedkarnagar Akbarpur, Ambedkarnagar, Ambedkar Nagar, Uttar Pradesh	""	India	true	false	99	99	99	99	Green Agro	Mohali, Punjab, Phase 7 Industrial Area, Sas Nagar Mohali, Mohali, D- 91
S1-910100149	S3-953027042	Shyam & Co	Shyam Co (Center)	Hapur, Nan, S/O Hukum Chand Sharma Hapur, Uttar Pradesh, Ghaziabad	""	India	true	false	99	99	99	99	Shyam Impex Pvt Ltd	Kavi Mahammad Iqbal Road, Ps Ekbalpore, Ashutosh Apartment, 4Th Floor, Kolkata, West Bengal, Kolkata, Howrah, 68
S1-603223594	S3-406833366	Optimal Soulpower Inc	Optimal Slholower Inc	5985 62nd Avenue, Johnston, IA	""	US	false	false	99	99	99	99	Optimal Tower LLC	1318 Olives Chapel Road, Apex, NC
S1-335127117	S2-491157097	Frontier Analytics	FRONTIER ANALITIS	766 Deer Run Lane, Unit 267, Oak Park, CA	""	US	false	false	99	99	99	99	Frontier Coalition	85 Griggs Street, Christiansburg Town, VA
S1-814138227	S3-858028669	Red Sree Care Pvt Ltd	Red-Sree Care Pvt Ltd	Ii Floor, 29, Dr.Muniappa Road, Kilpauk, Madras, Chennai, Tamil Nadu	""	India	true	false	99	99	99	99	Red Care Private Limited	No.501, Life Is Beautiful 76, 30Th Cross, Jayanagar 4Th Block, Bangalore, Karnataka
S1-256384673	S3-287091178	Best Electronics Holdings	Gildwex	Eugene, OR, 1037 Berntzen Road	1037 Bernzten Rd, Eugeene, Oregon	US	false	false	99	99	99	99	Craft & Hernandez Inc	1037 300, Bountiful, UT
S1-333664849	S3-934710559	Urban Massage Inc	Urban-Massage-Inc	1119 100, Washington, IN	""	US	true	false	99	99	99	99	Urban Massage	5334 Lowell Road, Pomfret, NY
S1-75089391	S3-83061204	Prime Products Private Limited	பிரைம் புராடக்ட்ஸ் பிரைவேட் லிமிடெட்	4Th Floor, Old No. 9A, New No. 15A, Ram Pratap Apartments, Poes Garden, Chennai, Tamil Nadu	#D/4Th Floor, Chennai, TN	India	true	false	12	99	99	99	Prime Products Private Limited	15B, Armenian Street 4Th Floor, Room No.401, Kolkata, Howrah, West Bengal
S1-127506388	S2-503520934	Nkg Solutions Pvt Ltd	Nyládova	Plot No 77, Naraina, Hapur, Ghaziabad, Uttar Pradesh	DOOR NO 17, NARAINA, HAPUR, GHAZIABAD, उत्तर प्रदेश	India	false	false	99	99	99	99	Sai Properties Limited	No.17M, Temple Roadjayalakshmipuram Mysore, Karnataka
S1-444678466	S3-125709936	Optex LLC	Optex.Com	1342 Lexington Drive, Winona Lake, IN	""	US	true	false	7	99	99	99	Optex	10456 Bentbrooke Drive, Lakeland, TN
S1-25137478	S2-968608271	Arm International School	Arm International	85, Saini Enclave Delhi, Delhi	""	India	false	false	12	99	99	99	International Agro LLP	A-3/4 First Flooracharyaniketan Mayur Vihar Phase I, Delhi, East Delhi, Delhi
S1-500224932	S2-270115612	Lantern	LANTERN  INC Enterprises	4415 Buentello Drive, Katy, TX	""	US	true	false	99	99	99	99	Lantern LP	39556 Co Hwy 34, Perham, MN
S1-917351577	S3-534847646	Star Properties Pvt Ltd	Star Pvt Ltd Center	Office No. 9, Floor-Grd, 5, Municipal Chawl, Ganppatrao Kadam Marg, Nehru Nagar, Lower Parel, Delisle Road, Mumbai, Maharashtra	Office No. B3/9, Mumbai, महाराष्ट्र	India	false	false	99	99	99	99	Star Services Pvt Ltd	H.No. 2-5-71, Near Head Post Office Bodhan, Telangana
S1-881540752	S2-373859064	Universal Systems Private Limited	యూనివర్సల్ సిస్టమ్స్ ప్రైవేట్ లిమిటెడ్	F-No.S-1, 6-3-903/A/4, Shirdi Apts, Raj Bhavan Road, Nampally, Somajiguda, Hyderabad, Telangana	F-NO.S-01, HYDERABAD, Andhra Pradesh	India	true	false	5	99	99	99	Universal Systems Private Limited	36, 2 Nd Floor Pocket-1, Jasola, New Delhi, South Delhi, Delhi
S1-421946706	S3-125950252	Indo Food Private Limited	Indo Food Prviite Limited	Palakad Mainroad P.K.Puthur, Coimbatore, No.667, Tamil Nadu, Coimbatore	""	India	false	false	16	99	99	99	Indo Food Private Limited	Door No. 27/585D, Kuthiravattomparamba Kottooli, Parayanchery, Kozhikode, Kerala
S1-611008532	S2-61492261	EWU Enterprises Limited	>> Brixzeph	South Delhi, Delhi, New Delhi, Gali No. 6A Sangam Vihar, E-8	Delhi, E-8/6, NEW DELHI, SOUTH DELHI	India	false	false	8	99	99	99	Agra Constructions Private Limited	6/8 Chnnambukara Streetchennai-08 Chennai-08, Chennai, Tamil Nadu, Chennai-08
S1-579494468	S2-748477274	Supreme Care Private Limited	SUPREME CÁRE PRIVATE LIMITED	1311 Ap, Ff Housing Board, Sec-9, Gurgaon, Haryana	""	India	true	false	6	99	99	99	Supreme Care Pvt Ltd	D 41 Gharondh Apartment, Shreshtha Vihar, East Delhi, Delhi
S1-380910654	S2-881942450	New Builders Private Limited	New Builders Private  (Limited)	M D House, 11, Daryaganj, New Delhi, Delhi	""	India	true	false	99	99	99	99	New Builders Private Limited	Gut No. 379, Parbhani Ring Road, Manwath, Manwath, Parbhani, Maharashtra
S1-670441521	S3-825359900	EDE Constructions Corp	EDE Corp Constructions	No:11 And 12, K No 232/ Jnanakshi Layout Opp Jnanakshi School, Rajarajeshwari Naga, Bangalore, Karnataka	""	India	true	false	8	99	99	99	EDE Constructions Ltd	North Delhi, Delhi, New Delhi, House No 26, Sector 9 Village Rajapur, Rohini
S1-536749176	S3-693098179	Blue Animal Hospital	Blue Animal Hspital	73 Marley Road, Elkton, MD	""	US	false	false	6	99	99	99	Blue Animal Hospital	1910 15th Avenue, Altoona, PA
S1-160741468	S2-209204509	Mountain Fund	Mountain  Fund	228 Mt Harmony Church Road, Lawndale, NC	""	US	true	false	99	99	99	99	Mountain Fund	1023 Hampton Street, Atlanta, GA
S1-565747211	S3-599186575	Digital Ventures	Digital [Ventures]	Sco 52, Lower Ground Floor, Sector-7, Huda Market, Kurukshetra, Haryana	""	India	true	false	99	99	99	99	Digital Ventures	Vista Pixel, Ff-501, 5Th Floor, Unit No-09A, Byatarayanapura, Bellary Main Road, Bangalore, Bangalore North, Bangalore, Karnataka
S1-197705567	S3-849962550	Anand It	Aedc It	203, Floor 2, Geetanjali, West Dadar Chs Ltd, Ranade Road, Dadar (W), Mumbai, Mumbai, Maharashtra	00203, Mumbai, महाराष्ट्र	India	false	false	7	99	99	99	As It Limited	203, First Floor, 45-A Amar Plaza Hasan Pur Main Road I.P Extn, Delhi
S1-953189414	S2-293023967	Pune Systems Corporation	Center Pune Corporation	Flat No. 606, Bldg. C, Akashdeep, S.No. 14, Dhayari, Pune, Maharashtra	#605, PUNE, Maharashtra	India	true	false	99	99	99	99	Pune Services Private Limited	Gokul Row House-10, Vishal Nagar, S. No. 25/1, Pimple Nilakh, Pune, Maharashtra
S1-289115560	S3-163614571	New Delhi Services Private Limited	New Delhi Services Prgvdaet Limited	B-1, G/F M N B-1 G/F Press Enclave Malviya Nagar Extn, New Delhi, Delhi	No. 346 B-1, New Delhi, Malviya Nagar, DL	India	false	false	99	99	99	99	New Delhi Services Private Limited	E I-346, Jj Colony Madangir, New Delhi, South Delhi, Delhi
S1-294394170	S3-777095921	Prestige Technologies Ltd	M/s Prestige Technolgnes Ltd	28-3-556, Ward No 28, Sharada Nagar, Anantapur, Ananthapur, Andhra Pradesh	""	India	false	false	8	99	99	99	Prestige Technologies LLP	Plot No. 48, Sricity Barugudem, Khammam Rural, Barugudem, Khammam, Telangana
S1-178906804	S3-782453310	Solutions Progressive Chit Pvt Ltd	Drexcira	House No. 441, Gali No. 17A, Budh Vihar, Near Baba Chowk, Mandoli, East Delhi, Delhi	House No. 441, Mandoli, East Delhi, DL	India	false	false	99	99	99	99	Delhi Business Private Limited	Kh. No.-543, Vill.Mandoli, Shahdara (Nr. Bank Of Baroda), Delhi, East Delhi, Delhi
S1-536289714	S2-29923837	Shree Memorial Trust LLP	Smt Shree Memorial Trust	Room No.1, Flat No.H-124, Tower H Spaze Privy, Sohana Road, Sector 72, Gurgaon, Haryana	""	India	true	false	12	99	99	99	Shree Memorial Trust Ltd	225, Azmathulla Manzil, 4Th Crs, Sai Enclave, Arekere Bpl Gate, Bannerghatta, Rd, Bangalore, Karnataka
S1-49542930	S3-92356597	Maa Infrastructure Private Limited	Maa Private Limited Center	Abimt Complex, First Floor, Shree Luxmi Car, Shringar Wali Gali, Opp Jain School, Dha, Ruhera, Haryana, Rewari, Haryana	Abimt Complxe, Rewari, Gurgaon, HR	India	false	false	99	99	99	99	Maa Enterprises Private Limited	63, Rmz Gateway, 2Nd Floor, 100Ft Road, Koramangala 4Th B, Bangalore, Karnataka
S1-916483822	S3-712381014	Sai Trading Private Limited	Sai Private Limited Partners	Plot No. 65, Ground Floor, Pocket-1 Jasola, New Delhi, South Delhi, Delhi	""	India	true	false	99	99	99	99	Sai & Co	Tamil Nadu, Erode, No.13 Rs Towers Balasubrayalu Street Near Aanoor Theatre
S1-268485161	S3-825490222	Kolkata India Private Limited	-- Ko1kata India	2Nd Floor, Flat No. 2A 138, Bidhan Sarani, Kolkata, Kolkata, Howrah, West Bengal	2Nd Floor, <NULL>, Calcutta, WB	India	true	false	14	99	99	99	Kolkata India Private Limited	26 Burtolla Street 2Nd Floor, Kolkata, Calcutta, West Bengal
S1-860084938	S3-521945955	Urban Power Private Limited	Dr Urban Prívate Limited Services	No 15, Ground Floor Sry Layout 2Nd Phase, Mylasandra Dinne, Begur Koppa, Bangalore, Karnataka	No 015, Bangalore, KA	India	false	false	12	99	99	99	Urban Industries Pvt Ltd	C15, Rajdanga Navapally, Kolkata, Kolkata, Howrah, West Bengal
S1-641343094	S3-335140621	Ace Builders LLP	-- Ace Builders	302, Surya Lake View Apartment Vikalp Khand, Gomti Nagar, Lucknow, Uttar Pradesh	02, Lucknow, उत्तर प्रदेश	India	true	false	99	99	99	99	Ace Builders Private Limited	Mge-2 Tw-02/07 B, M3M Golf Estate Gurgaon, Bhondsi, Gurgaon, Haryana
S1-129697102	S2-559013606	Seven Power Private Limited	Seven Power Private Ltd	Block No A5 Flat No 6Labony Estate Salt Lake, Kolkata, North 24 Parganas, West Bengal	""	India	true	false	18	99	99	99	Seven Power Private Limited	C/O Sunita Aurora, W/O K. K. Aurora S-4 Laisure Vally, Huda Market, Gurugram, Gurgaon, Haryana
S1-637274996	S3-620871891	Sree Systems Private Limited	Sree Sree Symitems-Private Limited	Hno-1215, Flat 309, 3 Flr, Nitya Vihar, Purna Village, Bhiwandi, Thane, Maharashtra	""	India	false	false	99	99	99	99	Si Systems Private Limited	E-248 Sumel-11 Indian Textile Plaza, Nr. Namaste Circle, Shahibaug, Ahmadabad City, Ahmedabad, Gujarat
S1-632587891	S3-888363248	Historical Network	HISTORICAL NETWORK Enterprises	210 Lakefront Drive, Huntsville, AL	""	US	true	false	99	99	99	99	Historical Network, Inc	MN, Montevideo, 2252 391st Avenue
S1-763252480	S3-108533057	Commission on Public Works	Commission On Public Works & Co	528 Drury Lane, Austin, TX	""	US	true	false	99	99	99	99	Commission on Public Works	AZ, 3619 Monterosa Street, Phoenix, Unit 108
S1-131541797	S3-557588316	Great Bombay Investment Private Limited	Great Botny Investment Private Limited Limited	Bangalore, Ground Floor, 3Rd Cross, Kadirappa Road, Cox Town, Bangalore North, No.46, Karnataka	""	India	false	false	10	99	99	99	Great Investment	Flat 6081/3, Sector D-6 Vasant Kunj, New Delhi, South West Delhi, Delhi
S1-890423481	S3-257558949	Little Tattoo	Little  Tattoo Enterprises	5449 Peacock Street, Houston, TX	""	US	true	false	99	99	99	99	Little Tattoo P.C.	TN, Sevierville, 3440 Whaley Road
S1-680722267	S3-214399427	Kritin Infra Private Limited	KI	7/8, Gr Floor, Plot No.13, Cawasji Patel Road, Horniman Circle, Mumbai, Maharashtra	7/8, Gr Floor, Plot No.13, Cawasji Patel Road, Horniman Circle, Mumbai, Maharashtra	India	false	true	9	99	99	99	KI Technologies Private Limited	H-2039/40, 1St Floor Surat Textile Market, Ring Road, Surat, Gujarat
S1-488531559	S2-183454583	Hari Builders Private Limited	Hari Builders Private Ltd	5-16, Near Grampanchayat, Lalgadi, Malapert, Rangareddy, K.V.Rangareddy, Telangana	""	India	true	false	16	99	99	99	Hari Builders Private Limited	C/O - Guljhari Lal, Ward No - 7, Bissau, Jhunjhunu, Jhujhunu, Rajasthan
S1-79418839	S3-15132842	Bombay Industries Limited	Shri Bombay (Industries)	2E/6, Delhi, 2Nd Floor Jhandewalan Extension, Delhi	""	India	true	false	99	99	99	99	Bombay Industries Private Limited	Arth Vishwas S No. 26/3456 Fpno. 353, Koregaon Park, Pune, Ofp S-6, Maharashtra, Pune
S1-372026888	S3-428676838	All Power Private Limited	Sri All Power Private	2-14-160, Line 9/10, Syamala Nagar, Guntur, Andhra Pradesh	""	India	true	false	99	99	99	99	All Power Limited	H..No-30, Nehru Gali A, 2 Block West Sant Nagar, Burari, Delhi, West Delhi, Delhi
S1-724116381	S2-542666675	Hecker Pegasus LLC	Hecker LLC Services	147 Summit Street, Unit 6, Peabody, MA	""	US	false	false	99	99	99	99	Hecker & Brott	21907 25th Avenue, Bothell, WA
S1-530404947	S2-271340741	EC Barclays, Inc	EC Inc Services	1504 Cambridge Heights Place, Concord, NC	""	US	false	false	99	99	99	99	EC Nmp L.L.C.	1065 Great Meadow Drive, Allen, TX
S1-595378992	S3-208023350	Continental Holdings Group	Continental Holdings Inc	6936 Gourd Branch Road, Lucama, NC	""	US	true	false	12	99	99	99	Continental Holdings Corp	7805 E River Road, Unit Apartment 105, Fridley, MN
S1-493137910	S3-999002691	Behavioral Health Center, Inc	Behavioral Health Center, Inc Inc	San Bernardino, 1366 Poplar Street, CA	""	US	true	false	99	99	99	99	Behavioral Health Center Inc	1278 Hinkeyville, Atalissa, IA
S1-720173537	S3-269330884	Big Cleaning Service Inc.	Big Cleaning-Service Inc	314 19th Street, Merced, CA	""	US	true	false	99	99	99	99	Big Cleaning Service L.L.C.	9262 Lazzini Cove, Cordova, TN
S1-514244023	S2-608684138	Bodhi & Sons LLP	Smt Bodhi & Sofesh  LLP	C/O Krishna Shrivastava, Randheercolony, Morar, Gird, Gwalior, Madhya Pradesh	""	India	false	false	7	99	99	99	Bodhi & Sons Private Limited	Sunshine Height, P L Kale Guruji Margdadar, Mumbai, D-9, Maharashtra
S1-737939765	S3-33348134	Laxmi Business LLP	Laxmi Busiess LLP	3Rd Floor, A.V.M. Towers, Beside Siva Parvathi Theatre, Opp: Kphb, Kukatpally, Hyderabad, Telangana	3Rd- Floor, Medchal - Malkajgiri, Hyderabad, TG	India	false	false	99	99	99	99	Laxmi Business Limited	Flat No 302, Sri Sai Arcade, Manikonda, Hyderabad, Telangana
S1-188210778	S3-34727895	Classic Foundation Limited	Classic  Limited Center	Hno 14, Mnwa, Sastha Nagar, Akathethara Po, Palakkad, Kerala	Hno 14, Palakkad, KL	India	false	false	5	99	99	99	Classic Business Private Limited	Office No. 15, 3Rd Floor, Dawa Bazar 13-14 Rnt Marg, Indore, Madhya Pradesh
S1-351893858	S3-239424944	Corner Cleaning Service	Corner Sérvice Cleaning	113 Gilman Street, Unit APT 3, Portland, ME	""	US	true	false	99	99	99	99	Corner Cleaning Service	304 Magnolia Street, Rhodhiss, NC
S1-365025906	S3-785395330	One Ventures Pvt Ltd	One Véntures Pvt Ltd	Door No. 6-3-652, Flat No. 7B, Dhruvatara Apts, Somajiguda, Hyderabad, Telangana	""	India	true	false	99	99	99	99	One Ventures Private Limited	2423 East Streetchetna Apartment, Pune, Maharashtra
S1-992532644	S2-830880796	Gulf Coalition LP	Gulf Cohllni LP	Clovis, NM, 17 Buffalo Road	""	US	false	false	99	99	99	99	Gulf Cohen Inc	8852 Chaps Avenue, Keller, TX
S1-226528134	S2-474921490	Metropolitan Animal Hospital	METROPOLITAN ANIMAL-HOSPITAL	2321 1/2 Nestlewood Drive, Austin, TX	""	US	true	false	99	99	99	99	Metropolitan Animal Hospital	31 Childs Homestead Road, Orleans, MA
S1-440022471	S3-114375723	Hotel Constructions Private Limited	Yumaevodrex	10, Sir Hariram Goenka Street, Kolkata, Howrah, West Bengal	H.no 99 10, Calcutta, Kolkata, WB	India	false	false	99	99	99	99	Ghaziabad Surveyors Private Limited	10-D/99, Vasundhara, Ghaziabad, Uttar Pradesh
S1-890363172	S3-413808392	Sunil Synthetics	Sunil (Ssthetics)	14/1, C/O - Umiya Motor Weigh Bridge, Gota Cross Road, S G Highway, Gota, Ahmedabad, Gujarat	Plot 111 14/1, NULL, Gandhi Nagar, Ahmedabad, GJ	India	false	false	7	99	99	99	Shripal Aesthetics Limited	5/1, Shop No.1, First Floor R.S.Pillai Street, Tindivanam, Villupuram, Tamil Nadu
S1-143806986	S3-181636296	Mahape And Sawali Navi Mumbai Enterprises Pvt. Ltd.	Fayeyumajax	Gala No. 53, Ground Flr, Plot No. R-798, Hasti Industrial Premises Co-Op Society, Ltd., Mahape And Sawali Navi Mumbai, Thane, Maharashtra	##53, Mahape And Sawali Navi Mumbai, Thane, MH	India	false	false	11	99	99	99	NK Singh Private Limited	Plot No Pap-A23, Mahape Midc, Village Mahape, Vashi Navi Mumbai, Thane, Maharashtra
S1-521791055	S2-239812283	Galaxy It Pvt Ltd	GALAXY IT	Stno10Ramparkbhbalajihall, Nrdholakiyaschoolmavdi, Rajkot, Gujarat	""	India	true	false	99	99	99	99	Galaxy It Pvt Ltd	496 Phoolsagar Sahinaka Road Garha, Jabalpur, Madhya Pradesh
S1-479180588	S3-266029918	Hari Tech Pvt Ltd	Hari Tech  Pvt Ltd	C-217, 215 Atrium, Kanakia, Andheri-Kurla Road, Chakala, Andheri (East), Mumbai, Maharashtra	C-17, Mumbai, MH	India	true	false	99	99	99	99	Hari Tech LLP	Thekkekara House Vagamon Post, Elappara Panchayath, Building No.17/198, Kerala, Idukki
S1-608735123	S2-314710299	Sree Tech Private Limited	श्री टेक प्राइवेट लिमिटेड	Cgu083, Dlf Capital Green, 15, Shivaji Marg, New Delhi, West Delhi, Delhi	CGU85, DHARUHERA, Delhi	India	true	false	99	99	99	99	Tech Tech Pvt Ltd	No 45/46, Vijayavihar Jalahallieast, Karnataka, Bangalore
S1-972632476	S3-799059336	Dynamic Consultants Private Limited	Shri Dynamic Consultants Limited Center	Plot No Khasra No 385/4, Kaila Siddharth Vihar, Ghaziabad, Uttar Pradesh	""	India	true	false	13	99	99	99	Dynamic Consultants Ltd	Plot No. 329 Nu-4, Bhattnagar, St. Joseph Road, Behind Iffco Colony, Gandhidham, Kachchh, Gujarat
S1-430786530	S3-478679799	Classic Software Private Limited	Classic Software Limited Center	250, Type Iii, Ug Floor, B, Chattarpur, Phase - 2, South West Delhi, Delhi	25, South West Delhi, DL	India	true	false	12	99	99	99	Classic Software	251/252, Market Block, Tirthankar Nagar, Delhi, North West Delhi, Delhi
S1-421735440	S2-241244627	Cornerstone Biracilik Inc	CORNERSTONE INC SERVICES	333 Partridge Court, Clarksville, TN	""	US	false	false	99	99	99	99	Cornerstone Inc	5920 Rozanna Street, Joshua, TX
S1-572531698	S2-831767700	Bailey Select Golden	BAILEY  SELECT	201 Iowa River Landing Pl, Unit 107, Coralville, IA	""	US	false	false	99	99	99	99	Bailey Asia	527 Grant Street, Troy, OH
S1-640116959	S2-470188397	Sterling Health Technologies LLC	Verahalo	5677 St Rte 5, Cortland, OH	ST RTE 5, JOHNSTON TWP, OH	US	false	false	6	99	99	99	Hoover Strategic Black, LLC	7382 St Rte 5, Kinsman, OH
S1-847007571	S2-690711186	Innovative Enterprises Pvt Ltd	Innovative-Enterprises Pvt Ltd.	Sitani Niwas, Lamtibahal, Brajarajnagar, Jharsuguda, Orissa	""	India	true	false	13	99	99	99	Innovative Enterprises	C-130, Sector-61 Gautam Budh Nagar, Noida, Gautam Buddha Nagar, Uttar Pradesh
S1-997721703	S2-65056063	Colonial Quality Xsolla	Colonial Quality	21 Birch Street, Westwood, MA	""	US	false	false	8	99	99	99	Colonial Quality Berto	N95W5872 Essex Court, City Of Cedarburg, WI
S1-713079051	S2-147687500	Seven Management Private Limited	Seven Management Private Ltd Enterprises	Tc 25/2419 Kalpalayam Lanesree Gandhari Nagar Puthenchanthai P O M G Road, Trivandrum, Kerala	""	India	true	false	5	99	99	99	Seven Management Private Limited	Gurgaon, Haryana, Gurgaon, House No.317 Ward 14 Gurgaon Haryana
S1-874357492	S2-47342129	Human Rights Fellowship P.C.	Human Rights Enterprises	6324 30th Avenue, Seattle, WA	""	US	false	false	99	99	99	99	Human Rights Center PC	6535 Lantern Court, Charlotte, NC
S1-511255259	S3-962578413	First It Limited	Smt First Limited It	Global Hub-West Wing, First Floor, No. 1/F52-D, Morais City, Tiruchirappalli, Tamil Nadu	""	India	true	false	10	99	99	99	First It	302, Sagar Shrot Chs, Versova Link Road, Andheri (W)., Mumbai, Mumbai City, Maharashtra
S1-774418222	S2-151849568	Sweet Deli	Sweet Deli Inc.	3814 Blairwood Street, High Point, NC	""	US	true	false	99	99	99	99	Sweet Deli	5141 Thompson Road, Salina, KS
S1-219371777	S3-734165754	Ram Exports Private Limited	Ram Exports Private Ltd	No 90A/42A, Door No F2, Lakshmi Nagar 4Th Street, Madipakkam, Chennai, Tamil Nadu	""	India	true	false	5	99	99	99	Ram Exports Private Limited	Plot No 15, Anmagal Hayath Nagar, Hayathnagar, K.V.Rangareddy, Telangana
S1-511370978	S3-429508697	North Health LLC	North  LLC Service	TX, 3804 Dana Drive, Fort Worth	""	US	false	false	99	99	99	99	North Coca Inc	SC, 527 Nellie Road, Walhalla
S1-256096631	S3-135404495	Al Construction Private Limited	Private A1 Construction Ltd	P-1, Amikunj Soicety, Near Old Memnagar Post Office Memnagar, Ahmedabad, Gujarat	P-1, Ahmadabad, Ahmedabad, ગુજરાત	India	false	false	99	99	99	99	Al Construction Private Limited	194/1, Ground Floor, Near Surya Bakery Circle, Mysore, Karnataka
S1-268677943	S3-178959886	Howard Estate	Howard Howard Edoste	401 Gallia Street, Oak Hill, OH	""	US	false	false	5	99	99	99	Howard Corporation	450 Massachusetts Avenue, Unit 629, Washington, DC
S1-789140693	S2-391353163	Universal Consulting Private Limited	यूनिवर्सल कंसल्टिंग प्राइवेट लिमिटेड	Flat No 10, Palms 2, Royal Palms Aarey Colony, Mayur Nagar, Goregaon East, Mumbai City, Maharashtra	70, MUMBAI CITY, Maharashtra	India	true	false	6	99	99	99	Universal Consulting Private Limited	45B/B Canal South Road Kolkata, Kolkata, Howrah, West Bengal
S1-643148230	S2-208837946	Value Merchants, LLC	Value Mercabtns, [LLC]	6435 Old Salem Road, Unit Unit 103, Millersburg, OR	""	US	false	false	9	99	99	99	Value Consumer LLC	17 Box Street, Unit Unit 5, Pulaski, NY
S1-775826366	S2-290906845	Aditya Solutions Limited	ADITYA SOLUTIONS LTD	Room No.8, 1St Floor, Om Sainath Vijay Nagar Bldg Rhb Road, Opp.Kutchi Diary, Mulund West, Mumbai, Mumbai City, Maharashtra	""	India	true	false	8	99	99	99	Aditya Solutions Pvt Ltd	Plot No 70/4126 Jaydev Vihar, Bhubaneswar, Khordha, Orissa
S1-407052015	S2-866982529	Good Solutions Private Limited	Good Solutions Prívate [Limited]	Aurangabad, Maharashtra, T No-613, Aurangabad, Mhada Murtijapur, Ch. Sambhajinagar	""	India	true	false	99	99	99	99	Good Solutions Private Limited	No.36/B, Katha No 627/1-1, Gf, 1St Shop, Kiadb Main Road, 2Nd Phase Peenya, Bengaluru, Bangalore, Karnataka
S1-661031426	S3-275286949	Great Trust	great trust & Co	7358 Skagit View Drive, Concrete, WA	""	US	true	false	99	99	99	99	Great Trust	116 1307, Fl 0, Bridgeport, TX
S1-511353361	S2-743155842	Super Best Infotech Private Limited	Fáyexylo	41, 2Nd Floor, Merchant Chambers, Vitthaldas Thackarsey Marg, New Marine Lines, Churc, Hgate, Mumbai, Mumbai City, Maharashtra	41, MUMBAI, MUMBAI CITY, Maharashtra	India	false	false	99	99	99	99	New Delhi Clover Private Limited	D-41Defence Colony, New Delhi, South Delhi, Delhi
S1-670151210	S3-136033386	Aditendra Care Ltd	AC	Calcutta, 8B Royd St1St Flr, West Bengal, Kolkata	8B Royd St1St Flr, Kolkata, Calcutta, West Bengal	India	false	false	9	99	99	99	Al Enterprises Private Limited	23A Royd Street1St Floor, Kolkata, Calcutta, West Bengal
S1-682286699	S3-298340001	Shiva Infrastructure Private Limited	Shiva Infrastructure Private (Limited)	Subh Keval Ap. Flat No305, Tithal Road, Valsad, Gujarat	""	India	true	false	99	99	99	99	Shiva Infrastructure Private Limited	103 Parshwa Towersopp- Rajpat Club Sarkhej Gandhinagar Highway, Ahmedabad, Gujarat
S1-681853279	S3-275551138	Bharat Services Private Limited	bharatservices.com	2, Sai Darshan Chawl, Doke Copd, Kailas Ngr, Sant Kabir Marg, Dahisar(Eas, T)., Mumbai, Mumbai City, Maharashtra	2, Mumbai, Mumbai City, MH	India	false	false	10	99	99	99	Bharat Services Private Limited	205, 2Nd Flr, Jolly Bhavan No- 1, 10 New Marine Lines, Mumbai, Mumbai City, Maharashtra
S1-458608915	S2-361630429	Black Hospitality Private Limited	Black Hospitality Private Limited	23A Netaji Subhas Road Roomno 9 2Nd Floor Ps Hare Street, Kolkata, Calcutta, West Bengal	""	India	true	false	99	99	99	99	Black Hospitality Private Limited	46, Strand Road, Kolkata, Howrah, West Bengal
S1-495776180	S2-220761425	Internal Medicine Group	Internal Medicine  Group Foundation	TX, 3136 Creek Meadow Drive, Anna	""	US	false	false	99	99	99	99	Internal Medicine Group	1001 55th Street, Vienna, WV
S1-576901679	S2-623849969	Allied Initiative LLC	Allied Initiative Llc	14577 Hansberry Road, Rockton, IL	""	US	true	false	7	99	99	99	Allied Initiative	43 Switzerland Road, Lewiston, ME
S1-515004615	S2-382876259	Jackson, Carter & Sharp Wheeler	Jackson, Carter Carter &	1 Stratford Court, Bridgeport, WV	""	US	false	false	99	99	99	99	Jackson and Carter LLC	972 Parsons Avenue, Fl 2, Columbus, OH
S1-117329916	S3-507528426	Udhayam Iron Private Limited	Tavoavi	202, R No. 201, 2Nd Floor Amrut Kunj, Anjaria Wadi, M G Road, Ghatkopar (East), Mumbai, Mumbai City, Maharashtra	202, Mumbai City, Mumbai, महाराष्ट्र	India	false	false	99	99	99	99	Mukti Machinery Ltd	D- 202, Shreenath Chs Ltd Shiv Vallabh Road, Dahisar East, Mumbai, Mumbai City, Maharashtra
S1-430886537	S3-129496252	Southern Media Private Limited	Southern Media Private Limited Trading	Survey No. 3/2 Burudgaon Road, Ahmednagar, Maharashtra	""	India	true	false	99	99	99	99	Southern Media Pvt Ltd	C/O Rajendra Bhagat Vill-Goriar Tola-Bijay Lal Ganj, Block-Rupauli, Purnia, Bihar
S1-924313394	S2-390077550	Arihant Global Pvt Ltd	अरिहंत ग्लोबल प्रा. लि.	House No. 28, 2Nd Floor, Blk-C, Pkt-9, Sec-7, Rohini City, Delhi, North West, Delhi	NORTH WEST, HOUSE NO. 78, Delhi	India	true	false	99	99	99	99	Arihant Global LLP	113, Ii Floor, Infantry Road, Bangalore, Karnataka
S1-951256659	S3-515978032	Brightiq Catering LLC	Brightiq LLC Service	3541 Pillsbury Avenue, Minneapolis, MN	""	US	false	false	11	99	99	99	Brightiq Esports LLC	1321 Nobel Street, Alcoa, TN
S1-874949629	S2-584990356	FP Travel	FP Service	Cts 234 Fp, A-Wing Saidarshan Soc Flat No. 1, Parvati, Pune, Pune, Maharashtra	""	India	false	false	99	99	99	99	Fp Trading Private Limited	1Floor Near Awadhbus St., Kamta Chinhat Gopal Tower, Lucknow, Uttar Pradesh
S1-588393241	S2-200766179	Classic Freight Services	Classic Services Partners	14608 Mustang Drive, Homer Glen, IL	""	US	false	false	99	99	99	99	Classic Briacell	Unit APT A, Anchorage, 3523 Peterkin Avenue, AK
S1-535617009	S3-121804889	Ram Tech LLP	Ram Tech LLP	Wz- 3/3 Ugc, Ring Road Opp Pillar No 7, New Delhi, South West Delhi, Delhi	""	India	true	false	12	99	99	99	Ram Tech Limited	Krishna, Vijayawada, 1St Floor Chiluku Durgaaih Street, Suryaaraopet, K, Rishna, Andhra Pradesh, 29 8 37/1
S1-911555630	S2-590435287	Seven Builders Private Limited	Seven  Builders Private	364, Hanuman Nagar, Nagpur, Maharashtra	""	India	true	false	99	99	99	99	Seven Builders LLP	1, R.N. Mukherjee Road, Mazanine Floor, Room No 12, Kolkata, Howrah, West Bengal
S1-277677676	S2-95422662	St.clarisville Health Patriot League LLC	Fluxtavo	177 Marietta Street, St.clarisville, OH	177 MARIETTA SAINT, ST CLAIRSVILLE, OH	US	false	false	99	99	99	99	Platinum Mozayyx Group	177 Main Street, Saint Clairsville, OH
S1-871421321	S3-990910639	Anand Financial Pvt Ltd	Anand Pvt Ltd Services	Plot No. 179, Block-B, Sree Towers, Kavuri Hills, Shaikpet, Hyderabad, Telangana	Dnor No 179, Hyderabad, Andhra Pradesh	India	false	false	15	99	99	99	Anand Services Private Limited	17B/4B/1 Karamat Ki Calld, Allahabad, Uttar Pradesh
S1-859043879	S2-725230009	Alpha It Private Limited	ஆல்ஃபா ஐடி பிரைவேட் லிமிடெட்	Plot No.49, Chinnasamy Nagar, Periya Mathur, Chennai, Tamil Nadu	397, THIRUVALLUR, CHENNAI, Tamil Nadu	India	true	false	8	99	99	99	Alpha It Private Limited	Flat No. G-1, Kavithalaya Apartments No.21, Iind Main Road, Rajalakshmi Nagar, Velachery, Chennai, Tamil Nadu
S1-267297799	S2-700740719	Maid Book Store Clinic	Maid 8ook Store	4999 Kingshill Drive, Unit A106, Columbus, OH	""	US	false	false	99	99	99	99	Maid Book Store, Inc	20 Culver Road, Unit Apartment 1, Buffalo, NY
S1-432133222	S2-76160677	WB Oils Private Limited	WB Oflis Private Limited	A-65A, Floor -6, Plot -224, A Wing, Mittal Court, Jamnalal Bajaj Marg, Nariman, Mumbai, Mumbai City, Maharashtra	""	India	false	false	99	99	99	99	WB Foods Private Limited	401 Ashok Road, Near Kings Bakery, Ganguly Bagan, Kolkata, Kolkata, Howrah, West Bengal
S1-130377250	S2-515094379	Apex Healthcare Private Limited	Apex  Private Limited Service	Ajay Kumar Singh, Ward 17, Pattapur Dumri, Begusarai, Bihar	""	India	false	false	99	99	99	99	Apex Services Private Limited	#26/59, Flat No. D1, Ambalipura (V), Bengaluru, Bangalore, Karnataka
S1-595873896	S2-400508049	Colonial Academy	Colonial Acamdey	1864 Horace Avenue, Abington Township, PA	""	US	false	false	5	99	99	99	Colonial Academy P.C.	3682 Kingsway Drive, Crown Point, IN
S1-301021012	S2-336023979	Abhinav Enterprises Private Limited	ZEPHONYX	Plot No-1064/1435, Nigamananda Nagar Lane-3, Canal Road, Bomikhal, Bhubaneswar, Khordha, Orissa	PLOT NO-1064/1435, BHUBANESWAR, Odisha	India	false	false	99	99	99	99	Rsk Ai Pvt Ltd	H.No.1064, Urban Estate, Phase-2, Jalandhar, Punjab
S1-541400546	S3-657566433	Premier & Co	Phrbgr +  Co	#1048, 20Th Main Road 5Th Block, Rajajinagar, Bangalore, Karnataka	No 048, Bangalore, KA	India	false	false	99	99	99	99	Ss Builders Private Limited	Fk-48Shastri Nagar, New Delhi, North Delhi, Delhi
S1-560379397	S3-650305795	Green Shiv Infra Private Limited	Green Sdfvr Infra Private Limited	Bangalore, Byandahalli, Near Janapriya Township, Nla & Bgsouth, No.78/4, Karnataka	""	India	false	false	99	99	99	99	Green Infra	G-1, Rajasthan, 92, Gurunanak Pura Raja Park, Jaipur
S1-540381834	S2-433829030	Prairie League	PRAIRIE LIAAU	OH, Maineville, 5844 Cedarwood Court	""	US	false	false	99	99	99	99	Prairie Innovative	2630 Tinas Terrace Drive, Houston, TX
S1-79583318	S3-672488983	Premier It Limited	Premier It	Shop No. 18, 4Th Floor, 192, Gada House, Opp. Bank Of India, Zav, Eri Bazar, Mumbai, Mumbai City, Maharashtra	""	India	true	false	99	99	99	99	Premier It Private Limited	Shop No-1, F.F, Samruddhi, Nr. Girish Cold Drink, Off Cg Road, Beside Vallabha Dinning Hall, Navrangpura, Ahmadabad City, Ahmedabad, Gujarat
S1-227203886	S2-103085663	Shahi Infradev Limited	Shahi Limited Service	Flat No 702, Bldg No 3, Siddhachal Phase 8, Thane, Maharashtra	""	India	false	false	99	99	99	99	Shahi & Co	F.No.004, P.N.11, Yogeshwari Apt Bhidewadi, Kansai Vibhag, Ambarnaththane, Maharashtra, Thane
S1-788756706	S2-844872573	Sree Trust	Sree Tbrrut	301, Kiran Shankar Roy Road 2Nd Floor, Kolkata, Howrah, West Bengal	""	India	false	false	99	99	99	99	Shree Trust	165 Vijay Nagar, Sector-B, Nilmatha Cantt, Lucknow, Uttar Pradesh
S1-665766364	S2-109525554	Sai Business Private Limited	Sai Business Limited Center	T.V Tower Rcb-49, Bh Colony Patna, Sampatchak, Patna, Bihar	""	India	true	false	99	99	99	99	Sai Solutions Pvt Ltd	365 Lig Ii Indira Nagar, Ujjain, Madhya Pradesh
S1-547317256	S2-329762684	Bas Voyages Private Limited	privatevoyages.com	Gr/35, 36, 37, And 38, Cosmos Square, Nr.Mc Donalds, Global City, Virar West, Thane, Maharashtra	GR/34, THANE, VASAI, Maharashtra	India	false	false	99	99	99	99	Silver Developers Pvt Ltd	Shop No.8, Gr Flr, Sargam, Vasai Palghar Vasai Virar, Vasai, Thane, Maharashtra
S1-414474788	S2-189851199	Al Estate Private Limited	Al Estate Private	3 Muthurangham Streetavathar Corner Erode, Erode, Tamil Nadu, Tamilnadu	""	India	true	false	11	99	99	99	Al Estate Pvt Ltd	91/1, 2Nd Floor, Above Canara Bank, Pipeline Road Jc Nagar, Kuruburahalli, Bangalore, Karnataka
S1-728582093	S3-532281551	Indo Construction Limited	Indo Construction (Limited)	Plot No.2, Printing Press Complex, Near Wazirpur Dtc Depot, Ring Road, New Delhi, North Delhi, Delhi	Plot No.#2, New Delhi, North Delhi, DL	India	true	false	10	99	99	99	Indo Construction Pvt Ltd	D2/204, Citadle Enclave B. T. Kawade Road, Mundhwa, Ghorpadi, Pune, Maharashtra
S1-954945309	S2-753264339	United Construction Pvt Ltd	UNITED C0NSTRUCTION PVT LTD	No. 11 2Nd, Floor, Divya Commercial Complex, No. 37, Mumbai, Maharashtra	""	India	true	false	9	99	99	99	United Construction Private Limited	Rajkot, Gondal, Gujarat, E-31 Kailash Complex Near Bus Stand Road
S1-356686077	S3-410595541	East Ventures Pvt Ltd	East Vntures Pvt [Ltd]	Hd054, Wework, Cherry Hills, Egl, Challaghatta Village, Bangalore North, Bangalore, Karnataka	""	India	false	false	10	99	99	99	East Ventures Pvt Ltd	New Delhi, South Delhi, C-46/Ig East Azad Nagarkrishna Nagar, Delhi
S1-884429046	S2-367589176	Gorman Preparatory Academy	Kelowexxylo	417 8th Avenue, Ashland, KS	8TH AVE, ASHLAND CDP, KS	US	false	false	99	99	99	99	Knoxville Law Group PLLC	3129 Ashland Avenue, Knoxville, TN
S1-298294056	S2-870309963	Sanraj Retails Limited	Arcbelo	H. No. 168/11, Aggarwal Market Old Bus Stand Road, Punjabi Chowk, Narwana, Jind, Haryana	DOOR NO 168/11, NARWANA, JIND, Haryana	India	false	false	9	99	99	99	Vision Technologies Private Limited	Haryana, Narwana, Jind, Krishna Gali, Jind, Narwana
S1-32509901	S2-431808701	Primary Care Center LLC	Primary Care-Cntebr LLC	3410 Forest Village Drive, Kingwood, TX	""	US	false	false	99	99	99	99	Primary Care Center Inc	16024 254th Street, WA, Covington
S1-784443017	S2-813887236	Roo Silver Rail Inc	KELOCIRA	822 Higgins Road, Elk Grove Village, IL	822 HIGGINS ROAD, ELK GROVE VILLAGE, IL	US	false	true	7	99	99	99	Renewables Inc	822 Higgins Road, Elk Grove Village, IL
S1-344253114	S3-838884640	Vision Health Inc	Vision Hea1th Inc #3151	34 Admiral Park, Rochester, NY	""	US	true	false	99	99	99	99	Vision Health Inc	13328 Nyssa Street, Glenpool, OK
S1-997565790	S2-859521386	Onyx	Onyx	207 Jay Street, Ithaca, NY	""	US	true	false	99	99	99	99	Onyx Inc	2361 Millvale Court, Cincinnati, OH
S1-205085979	S3-398308826	Global Enterprises Corp	Global Enterprises Trading	Gala No.7, Shiddhivinayak Resi, B-Wing, Majgaon Road, Ratnagiri, Maharashtra	""	India	false	false	99	99	99	99	Global Trading Private Limited	Fl No.102, Bldg No.5, Shree Complex, Ph-Ii Adharwadi, Jail Road, Kalyan West, Thane, Maharashtra
S1-289113800	S3-167010764	Shiv Consulting Private Limited	Smt Shiv [Consulting]	9 Delite Apartment, 2 Carter Road, Bandra West, Mumbai, Bandra Suburban, Maharashtra	""	India	true	false	99	99	99	99	Shiv Consulting Private Limited	Flatno8 3Floor Idbi Staff, Quaterridgeroad Idgahhill, Huzur, Bhopal, Madhya Pradesh
S1-642237154	S3-486247012	Classic Intelligence Studios LLC	Classic Studios LLC [Services]	690 Lawrence Street, Unit Apartment 5, Eugene, OR	""	US	false	false	99	99	99	99	Classic Studios	3745 Summersville Lane, Keller, TX
S1-39162770	S3-918770295	Premier Marketing Pvt Ltd	Premier Mcirkeoimg Pvt Ltd	Anugraha Manohar Garde, Jai Bhawani Road Nashik Road Camp, Nashik, Maharashtra	""	India	false	false	99	99	99	99	Premier Marketing	Fl 3 Mominpad, Sunita Patil Complex, Panvel, Raigarh(Mh), Maharashtra, Plot N 804
S1-853744907	S3-387385381	Anm Foods Private Limited	Anm Fbs Private Límited	W-17 Second Floor, Okhla Industrial Area, Pha, Se-Ii, New Delhi, Delhi	Hn 8-22 W-17 Second Floor, New Delhi, DL	India	false	false	5	99	99	99	Emco Fund Private Limited	22, Ground Floor 8 Camac Street, Kolkata, Kolkata, Howrah, West Bengal
S1-651379662	S2-539405920	Interstate Federation	Interstate Federation	19511 Cisco Court, Cypress, TX	""	US	true	false	10	99	99	99	Interstate Federation	9115 23rd Avenue, Maxbass, ND
S1-589597846	S3-781709955	High Estate LLP	High Ebsate LLP	Office No. 2, Unit 24, Ground Floor, Mit Olympus, C.T.S. Number 12, Lane E, Koregaon Park, Pune, Maharashtra	""	India	false	false	99	99	99	99	High Estate Limited	Kakkanad, Door No 6/858 M ( New No 4/461) 2Nd Floor, Kerala, Ernakulam, Valamkottil Towers, Thrikkakara
S1-582542358	S3-441980606	South Technology Private Limited	Dr South Technology  Private Limited	Plot No 153 First Floor, Pkt B Sec 2 Bawana Dsidc, Delhi, North West Delhi, Delhi	#53 Fisrt Floor, Delhi, North West Delhi, DL	India	true	false	7	99	99	99	South Technology	1A, 2Nd Floor, Raikva 3A, Ram Mohan Mullick Garden Lane, Kolkata, Kolkata, Howrah, West Bengal
S1-636617547	S3-563624012	Aditya Food Private Limited	Aditya Food  Private Limited Enterprises	#7, 10Th Main, Jeevan Bheema Nagar Main Road, Off Indiranagar 80Ft Road, Bangalore, Karnataka	""	India	true	false	99	99	99	99	Aditya Food Private Limited	Plot No. E 30/31, Sumeet Plaza, Shop No. 38, M/Yard, Pune, Pune, Maharashtra
S1-747235586	S3-124927150	Compass L.L.C.	Compass L.L.C. Enterprises	6103 Downingtown Drive, Fort Wayne, IN	""	US	true	false	99	99	99	99	Compass Enterprises, LLC	4964 Kessler Drive, Frisco, TX
S1-765348038	S3-629332454	Harbor Foundation LP	HARBOR FOUNDATION LP	324 Biddle Street, Greeneville, TN	""	US	true	false	8	99	99	99	Harbor Foundation	1101 Juniper Street, Unit 809, Atlanta, GA
S1-827172283	S2-581627424	Hari Vision Investments Pvt Ltd	HARI VISION INVESTMENTS PVT	Surat, Gujarat, H.No.2886/B-1-2-3Rd Floor, Surat, Off-3/A-B, The Financial Supermarket Tower, Salabatpura	""	India	true	false	5	99	99	99	Vision Investments Limited	Topsia, 23, South 24 Parganas, West Bengal, Vivekananda Park, Laskarhat, Amrabati
S1-578799270	S3-150930515	Ess Cargo Pvt Ltd	ESS Cargo PVT LTD	1-1-198, Nassem Colony Vinayak Nagar, Nizamabad, Telangana	""	India	true	false	6	99	99	99	Ess Cargo Pvt Ltd	5Th Flr 5C, Wing A & B, Technopolis Knowledge Park, Mahakali Caves Road, Nr Udyog Bhavan Cha, Kala, Andheri East, Mumbai City, Maharashtra
S1-656474000	S2-983645562	ET Investments Private Limited	etinvestments.com	Sector 10A, Gurgaon, Haryana, H No.600 Ground Floor, Gurgaon	GROURD FLOOR, GURUGRAM, Haryana	India	false	false	99	99	99	99	Shree Investments Private Limited	419 420 C Wing Atrium 215 Andheri Kurla Road Chakala Andheri East, Mumbai, Maharashtra
S1-741835468	S3-859023664	Krishna Services	kservices.com	Nashik, Maharashtra, Plot No.804/A/7, Near Hotelprakash Mumbai Agra Road, 1	Plot 234 1, Nashik, महाराष्ट्र	India	false	false	99	99	99	99	Ka Services Private Limited	D 37/1 Ttc Industrial Area, Turbhe Midc, Navi Mumbai, Maharashtra
S1-982373051	S3-190260221	New Delhi Ventures Private Limited	Wexxylozeph	314, Ground Floor Ambika Vihar, Near Global Hospital, Pasc, Him Vihar, New Delhi, West Delhi, Delhi	314, New Delhi, Guru Harkishan Nagar, DL	India	false	false	99	99	99	99	Creative Institute Limited	M-21 Basement, Guru Harkishan Nagar, New Delhi, West Delhi, Delhi
S1-257248664	S2-147687929	Al Services	al services	House No 20 Kh No 264/228, Ground Floor, North, North Delhi, Delhi	""	India	true	false	99	99	99	99	Al Services	F. No. - 306, Haque Complex Golakpur, Law College Road, Patna, Bihar
S1-179944147	S3-757747772	Allied National Hartford	Allied Hartford Services	Aledo, TX, 912 Mcclendon Wa Road	""	US	false	false	8	99	99	99	Allied Hartford Inc	6310 Jackson Avenue, Hammond, IN
S1-123237862	S3-113698495	Northwind Inc.	Northwind lnc.	WI, 1660 Michigan Street, City Of Oshkosh	6660 Michigan St, Ohskosh, Wisconsin	US	false	false	7	99	99	99	Northwind PC	5185 Bronson Drive, Lewiston, NY
S1-207804952	S3-599882414	UR Click Private Limited	UC	Plot No-17, T-01, Kachchh, W/12-B, Gujarat, Gandhidham	W/12-B, Plot No-17, T-01, Gandhidham, Kachchh, Gujarat	India	false	false	99	99	99	99	Uc & Co	Door No 101, Anjaneyaswamy Temple B Narayanapura, Doorauani Nagar, Bangalore, Karnataka
S1-899510810	S3-236885661	Golden Power Limited	Dr Golden Limited Service	Nazrul Islam Sarani Madhyamgram, Kolkata, West Bengal, Purba Udayrajpur, Kolkata, Howrah	""	India	false	false	99	99	99	99	Golden Services Private Limited	C/O Veena Devi Anatpura, Bhomiya Ji Ki Dhani Chomu, Jaipur, Rajasthan
S1-405235613	S3-670890529	Green Software Private Limited	softwareprivate.com	Maharashtra, Sagar Vihar 23 A G Khan Road, Worli, 7, Mumbai	7, Mumbai, MH	India	false	false	99	99	99	99	Sree Software Private Limited	36/7, Hind Road, New Santoshpur, Santoshpu, Kolkata, Kolkata, Howrah, West Bengal
S1-161960015	S3-311889194	Jai Care Private Limited	Jai Care Prívate Limited	B-1, Shaleen Enclave, Plot No P-2 Jyoti Nagar, Sehkar Marg, Lal Khoti Scheme, Jaipur, Rajasthan	""	India	true	false	11	99	99	99	Jai Care Private Limited	9A, Ivory, Emaar Emerald Hills, Sec-65, Golf Course Extension Road, Urban Estate, Gurgaon, Haryana
S1-850346930	S2-658028542	Urban Enterprises Private Limited	Urban Enterprises Enterprises Privote Limited	Maharashtra, Pune, Sr. No. 42/44, Pune, Ghar No. 12, Shilanand Society, Somnath Nagar, Wadgaon Sheri	""	India	false	false	99	99	99	99	Urban Enterprises Private Limited	Plot No.44, Apparel Export Park, Autonagar, Gajuwaka, Vishakhapatnam, Andhra Pradesh
S1-899237250	S3-589708837	Uptown Bakery	Uptown Bakery LLC	385 Upper Jefferson Lane, Fl 1 STORY, Hawesville, KY	""	US	true	false	99	99	99	99	Uptown Bakery	13955 C 277, Unit C, Quemado, TX
S1-131330233	S3-369604900	Hari Engineering Private Limited	hari engineering private limited	48/4 Enay Sarani Joka, Parganas South, West Bengal, Kolkata	""	India	true	false	7	99	99	99	Hari Engineering Limited	C/O Guru Kashi University, Sardulgarh Road, Talwandi Sabo, Bathinda, Punjab
S1-967404560	S2-765166841	Bay Center	Bay Center	219 6th Street, Mulberry, KS	""	US	true	false	99	99	99	99	Bay Center	AL, Elkmont, 22116 Railroad Lane
S1-302084217	S3-127847344	Family Partners	Family Partners Inc Enterprises	2210 Grace Street, Unit 407, Lombard, IL	""	US	true	false	99	99	99	99	Family Partners, Inc	2466 Zepher Avenue, Flagstaff, AZ
S1-557151827	S3-264765289	Blue Developers Private Limited	Blue Private Limited-Center	Np/Vii/96, Sai Bhavan, Neduvathoor, Kottarakkara, Kollam, Kerala	Np/vii/96, Kollam, KL	India	false	false	5	99	99	99	Blue Business Private Limited	2029, 26Th F Cross, Opp; Ragi Gudda Temple, Jayanagar, 9Th Block ., Bangalore, Karnataka
S1-181361354	S3-505858633	Great Infrastructure Limited	Great-Infrastructure Ltd	Old No.340, New No.501, M.K.N.Road, Saidapet, Kanchipuram, Tamil Nadu	""	India	true	false	7	99	99	99	Great Infrastructure Private Limited	Sln Homes, Cheryala X Road, Cheryala, Hyderabad, Hyd, Telangana, P.No.113
S1-491011853	S3-516792316	Sree Charitable Trust	Sree Charitable-Trust Ltd	C/1/5/B, Kumbhnath Co.Op. Housing Society Limited Near Ghodasar Tolnaka, Maninagar, Ahmedabad, Gujarat	Block F-277 C/1/5/b, Ahmedabad, GJ	India	true	false	5	99	99	99	Sree Charitable Trust	7-1-636/2, First Floor, Plot No.2 Model Colony, Erragadda, Hyderabad, Kurnool, Andhra Pradesh
S1-226076075	S2-523022901	Harbor Trust	HARBOR  TRUST Enterprises	WA, Issaquah, 628 Front Street	""	US	true	false	99	99	99	99	Harbor Trust	8624 Stoneridge Lane, Fl 0, KS, Wichita
S1-423819451	S2-241473460	First Consultancy Limited	First  C0nsultancy Limited	Flat No 805 8Th Floor Indra Prakash Building 21 Barakhamba Road, Delhi, Central Delhi, Delhi	""	India	true	false	15	99	99	99	First Consultancy Private Limited	Jyotivrukshaplot No 7/5 Ghat Road, Nagpur, Maharashtra
S1-216548920	S3-665267559	Lucknow Solutions Private Limited	Lucknow Solutions Privthhrae Limited	Lucknow, Dream Green City Dadupur Banthra, Plot No 14, Uttar Pradesh, Lucknow	""	India	false	false	8	99	99	99	Lucknow Solutions Pvt. Ltd.	A-904, Uttar Pradesh, Green Berry Signature, Lucknow
S1-206393971	S2-42586790	Cure Seafood Inc	SOLARC	475 200, Payson, UT	UT, 200, PAYSON	US	false	false	8	99	99	99	Bay Program	280 200, Unit 200, Bountiful, UT
S1-521153949	S3-454191136	West Forex Private Limited	wfprivate.com	C/O Bshunseeiya, H. No-72, Keval Chhapara, Padrauna, Kushinagar, Uttar Pradesh	Plot 137 C/o Bshunseeiya, Kushinagar, Padrauna, UP	India	false	false	5	99	99	99	Super Foods Private Limited	C/O Mathiya, Gurwalia, Padrauna, Kushinagar, Uttar Pradesh
S1-421667509	S3-503553343	Lumitree & Co	LC	36/88 Krishnasamy Street, Erode, Tamil Nadu	36/88 Krishnasamy Street, Erode, Tamil Nadu	India	false	true	6	99	99	99	LC Services Ltd	Flat No442, Block-A5, Raghavendra Panchajanya Apts Prashanth Nagar, Miyapur, Hyderabad, Telangana
S1-535621066	S2-811521230	SA Consultants Pvt Ltd	Pvt SA Collanst Ltd	Flat-E-3/5, 5Th Floor Highland Residency, Chandrasekhapur, Bhubaneswar, Khordha, Orissa	FLAT-E-3/5, BHUBANESWAR, KHORDHA, Odisha	India	false	false	10	99	99	99	Palace College Private Limited	N/5-506, Jayadev Vihar Nayapalli, Bhubaneswar, Khordha, Orissa
S1-421398323	S3-301437296	Blue Committee Inc	BLUE Committee INC	400 Arnold Drive, Morganton, NC	""	US	true	false	99	99	99	99	Blue Committee	2609 Hillsman Street, Fairfax County, VA
S1-703432493	S3-499910191	Shiv Healthcare	Shiv-Services	D-135 Govindpuram, Ghaziabad, Uttar Pradesh	""	India	false	false	99	99	99	99	Shiv Services Private Limited	1444, Naskarhat Road, Block-I, Tagore Park, Kolkata, Kolkata, Howrah, West Bengal
S1-324170315	S3-908349802	Womens Health Partners LLC	Womens Health Partners & Co	413 Center Street, Eden, NC	""	US	true	false	99	99	99	99	Womens Health Partners	3399 Mintz Road, Roseboro, NC
S1-829105936	S2-989666429	Deex Enterprises LLC	Deex LLC Partners	1112 Sherrard Street, Burnet, TX	""	US	true	false	99	99	99	99	Deex Inc.	502 Berry Drive, Hobbs, NM
S1-89082289	S2-20846436	Shree Jain Producer Private Limited	SHREE JAIN PRODUCER PRIVATE LIMITED	Shop No -3 Plot No 32 Kh.No-144 Ground Floor Village Kanjhawla, Delhi, New Delhi, Delhi	""	India	true	false	99	99	99	99	Jain Producer Limited	Orissa, At/Po-Patrapada, Plot No-527, Khordha, Bhubaneswar
S1-120372352	S3-883784087	Veg Group of Companies	Veg-Group	H No 49, Lotus Villa, Sector-1, Noida Extension, Bishrakh, Gautam Buddha Nagar, Uttar Pradesh	""	India	false	false	5	99	99	99	Avi Veg Private Limited	New Delhi, Aggarwal Tower, Plot No-3, Lsc, Cu Block, Pitampura, 315, New Delhi, Delhi
S1-130400674	S3-720134240	Hotel Power Private Limited	Hotel Power प्राइवेट लिमिटेड	A-1/136A, Lawrence Road, Keshav Puram, Delhi, North West, Delhi	""	India	true	false	99	99	99	99	Hotel Power	#491, 2Nd Cross, 1St A Main, Rr Layout, Nagadevanahalli, Bangalore, Karnataka
S1-838823220	S2-912284258	High Software Private Limited	High സോഫ്റ്റ്‌വെയർ പ്രൈവറ്റ് ലിമിറ്റഡ്	29/956 C, Ig Road, Puthiyara, Kottooli P 0, Kozhikode, Kerala	""	India	true	false	99	99	99	99	High Software Private Limited	No.6, Jambagavalli Street, Vaithisvarankoil-609 117 Tamilnadu, Tamilnadu, Tamil Nadu
S1-930560647	S2-600958749	Big Tavern	Big Távern Enterprises	Mangum, 1800 Oklahoma Avenue, OK	""	US	true	false	99	99	99	99	Big Tavern	15 Holster Back Court, Clayton, NC
S1-262025205	S2-282613361	Superior Genomic Innovations LLC	Superior Goerc Innovations LLC	Nashville, TN, 2706 Combs Drive	""	US	false	false	7	99	99	99	Superior Innovations LLC	7549 Tt, Town Of Lanark, WI
S1-777689478	S3-830868331	United Tech Pvt Ltd	United Tech Pvt Ltd	201, O&P Block, Aggarwal, Chambers, Dilshad Garden, East Delhi, Delhi	""	India	true	false	99	99	99	99	United Tech Private Limited	100 Vaishalipitampura, Delhi
S1-311518370	S3-516615976	Stellar Prakash Private Limited	Stellar Pskh Private Limited	103, Partap Bhawan, Bahadur Shah Zafar Marg, New Delhi, Central Delhi, Delhi	""	India	false	false	99	99	99	99	Stellar Trading Private Limited	Room No.8- Rolta Incubation Centre Manit, Bhopal, Madhya Pradesh
S1-520644023	S3-235335133	Nepeansea Road Vision Private Limited	Vantageyuma	302, Kshitij, 30Th Floor, 47, Nepeansea Road, Mumbai, Maharashtra	302, Mumbai (SUBURBAN), Nepeansea Road, महाराष्ट्र	India	false	false	11	99	99	99	Pallavi Builders Private Limited	302, Kshitij, 30Th Floor, 47, Nepeansea Road, Mumbai, Mumbai City, Maharashtra
S1-918058571	S2-376558015	Pediatric Partners	PEDIATRIC PARTNERS-ASSOCIATION	11816 435, Adair, OK	""	US	false	false	99	99	99	99	Pediatric Partners, Inc	1101 Planters Street, Rocky Mount, NC
S1-336134454	S3-408479438	Ms Chits Private Limited	Fluxkor	62, Main Chauraha Etawah Road, Sirsaganj, Firozabad, Uttar Pradesh	62, Firozabad, Sirsaganj, UP	India	false	false	99	99	99	99	Electro Solutions Limited	4-Dullifirozabad Firozabad, Uttar Pradesh, Firozabad, Uttar Pradesh
S1-562315276	S3-233402456	Modern Energy Private Limited	Modern Energy Private  Limited Enterprises	E-432, Ground Floor, Kh.No.293/1, New Ashok Nagar, Delhi, West Delhi, Delhi	""	India	true	false	12	99	99	99	Modern Energy Private Limited	63/2, Ghsiyari Mandi, Behind Globus, Mall Road, Bara Chauraha, Kanpur Nagar, Uttar Pradesh
S1-116028143	S2-929448565	Great Investment Pvt Ltd	Sri Great Investment Pvt Ltd.	A 39, Jhilimil Industrial Area, East Delhi, Delhi	""	India	true	false	99	99	99	99	Great Investment Limited	Mukundapuram, Thrissur, 4/83A, Kerala, Thrikkur, Mukundapuram
