s1	rid
S1-550329996	S2-849565658
S1-173472679	S2-834353592
S1-853308226	S2-924143713
S1-54774479	S2-185148108
S1-244347459	S2-650270939
S1-543759994	S2-963300188
S1-101860051	S2-743951385
S1-789442592	S2-602902836
S1-437422331	S2-233641858
S1-66875557	S2-470247895
S1-908741711	S2-146607525
S1-541987395	S2-336358047
S1-313898850	S2-53431024
S1-10726659	S2-983824538
S1-972058206	S2-336205787
S1-726168324	S2-601243626
S1-386609814	S2-119760832
S1-343012621	S2-252043167
S1-711570846	S2-691463540
S1-675611941	S2-536442318
S1-515129501	S2-505812513
S1-799508259	S2-749949012
S1-425717508	S2-437307977
S1-496658189	S2-971601521
S1-391085024	S2-712343515
S1-198305426	S2-618912706
S1-472338787	S2-687211858
S1-586004017	S2-570140380
S1-767089149	S2-151493351
S1-795502617	S2-902823911
S1-588104402	S2-936401051
S1-369477564	S2-863089527
S1-538163501	S2-832458802
S1-911202654	S2-347330149
S1-328186	S2-751389924
S1-714649889	S2-592335494
S1-165638415	S2-93581811
S1-920374518	S2-69965969
S1-256408866	S2-596461831
S1-44297692	S2-590993253
S1-986971513	S2-944341318
S1-231471443	S2-907395422
S1-942696801	S2-77180081
S1-903521783	S2-735277576
S1-176263907	S2-224632354
S1-341503346	S2-705702448
S1-77451137	S2-69452276
S1-1236282	S2-874451827
S1-8823167	S2-248864759
S1-341585060	S2-113370885
S1-944744784	S2-612014769
S1-587673636	S2-542530776
S1-571474932	S2-756557381
S1-849428966	S2-449231675
S1-643886424	S2-502169508
S1-89742924	S2-65615772
S1-797301626	S2-145582255
S1-948645567	S2-87963492
S1-4889769	S2-463914306
S1-290897224	S2-231050538
S1-749305974	S2-227533280
S1-926151723	S2-98126301
S1-658485227	S2-189179119
S1-629117017	S2-939504093
S1-391012694	S2-443859588
S1-579949465	S2-464283137
S1-673225991	S2-57529012
S1-874710795	S2-900162975
S1-161891977	S2-431631215
S1-756911826	S2-713198548
S1-752951561	S2-221980761
S1-30385180	S2-792060456
S1-132651583	S2-961175859
S1-398530615	S2-879698135
S1-224030363	S2-836478616
S1-305997562	S2-919385363
S1-559697248	S2-32461760
S1-422507376	S2-439786382
S1-739310497	S2-723776927
S1-652839557	S2-819785558
S1-224270372	S2-327707129
S1-270894294	S2-10421156
S1-522652779	S2-397355880
S1-56550941	S2-329319612
S1-997362407	S2-262002021
S1-587783038	S2-298928383
S1-805319803	S2-134516401
S1-482298129	S2-573098903
S1-11176454	S2-655253964
S1-317978416	S2-415621734
S1-348300299	S2-611346583
S1-813137951	S2-161623480
S1-113257861	S2-471006670
S1-590734890	S2-122377884
S1-512082223	S2-207318112
S1-546303370	S2-721152536
S1-513310689	S2-683144310
S1-427377973	S2-59151486
S1-397549985	S2-498831733
S1-907900306	S2-418707888
S1-408253391	S2-665366924
S1-722875748	S2-802742742
S1-866829726	S2-960394867
S1-529726495	S2-50711429
S1-145655191	S2-840052410
S1-74566961	S2-538340635
S1-301532519	S2-141113117
S1-960312771	S2-25413167
S1-124888105	S2-169696992
S1-176404057	S2-416019318
S1-233943442	S2-569755649
S1-850377361	S2-824483035
S1-246097188	S2-812728839
S1-616081123	S2-160961809
S1-418009754	S2-985518154
S1-653606645	S2-125594002
S1-890602415	S2-336278868
S1-334089052	S2-403997604
S1-122132618	S2-692545568
S1-911286468	S2-407711962
S1-531408764	S2-876550689
S1-833953912	S2-606407594
S1-518228661	S2-399437656
S1-534409584	S2-967375215
S1-632808353	S2-599492124
S1-569246754	S2-421976297
S1-988760305	S2-708548922
S1-660223833	S2-130330906
S1-707769029	S2-740507150
S1-254563398	S2-615673730
S1-451715588	S2-895107375
S1-636587139	S2-912003021
S1-534396021	S2-628844398
S1-331400320	S2-449300964
S1-966827743	S2-861983754
S1-670577770	S2-488240465
S1-912576916	S2-570493783
S1-184878952	S2-104795969
S1-134064359	S2-412302177
S1-803322062	S2-194823250
S1-137170622	S2-342140361
S1-406524195	S2-639447201
S1-912093123	S2-133800658
S1-714080321	S2-243810345
S1-785447287	S2-788265765
S1-5877935	S2-117249269
S1-731808790	S2-952182753
S1-822097885	S2-472615209
S1-250565909	S2-309450437
S1-709416337	S2-111314839
S1-988117802	S2-978414679
S1-762716793	S2-735728307
S1-498890599	S2-730532792
S1-108492185	S2-65559916
S1-960139170	S2-411363251
S1-995568607	S2-465360751
S1-626424012	S2-931310127
S1-603650636	S2-756818332
S1-377664851	S2-976125358
S1-959044759	S2-229886513
S1-581277026	S2-308452204
S1-362504734	S2-868104670
S1-64818394	S2-222523449
S1-554443019	S2-666948426
S1-233511631	S2-158743325
S1-676267011	S2-819350622
S1-819895430	S2-778545891
S1-695515972	S2-889409233
S1-279891803	S2-458814892
S1-653249461	S2-916263150
S1-355685172	S2-463135251
S1-529096576	S2-514745028
S1-973844202	S2-816182611
S1-318261999	S2-216573377
S1-761339309	S2-570467205
S1-353595069	S2-980911970
S1-557450204	S2-886714734
S1-108727454	S2-835213096
S1-867792922	S2-717557049
S1-449969479	S2-625640647
S1-46136302	S2-254866994
S1-503109914	S2-83812900
S1-477454525	S2-969659293
S1-907111735	S2-84666592
S1-751155132	S2-158630653
S1-77611409	S2-375599078
S1-384041799	S2-861812147
S1-964192045	S2-968169853
S1-588953292	S2-462460193
S1-901243283	S2-292120778
S1-4916824	S2-237490893
S1-478386002	S2-70906796
S1-390748788	S2-146727345
S1-457356038	S2-777289831
S1-197128938	S2-305970952
S1-15805225	S2-910020771
S1-895222028	S2-824340117
S1-133556718	S2-87404666
S1-292915793	S2-832079965
S1-217540927	S2-80368872
S1-573770036	S2-786434382
S1-403954193	S2-100014935
S1-761113808	S2-565147999
S1-318557746	S2-924782473
S1-732318701	S2-389995412
S1-379763417	S2-552136756
S1-515129501	S2-866932540
S1-723570447	S2-764599177
S1-78445090	S2-209830682
S1-791416881	S2-515634476
S1-939411523	S2-6920118
S1-931665511	S2-253495663
S1-427729757	S2-289521833
S1-903608282	S2-381126669
S1-808870249	S2-956614151
S1-495507059	S2-96395256
S1-934642579	S2-206960100
S1-974489426	S2-823031082
S1-863849980	S2-771814460
S1-182983016	S2-958552707
S1-122567555	S2-677699520
S1-457201756	S2-949536508
S1-324444792	S2-23575681
S1-30781698	S2-475465105
S1-331503894	S2-384515038
S1-639794363	S2-280695805
S1-921153889	S2-314563829
S1-402238338	S2-479418539
S1-458611774	S2-195035295
S1-854341878	S2-716874890
S1-301012530	S2-455325205
S1-592000359	S2-56594466
S1-177380392	S2-572080449
S1-66505411	S2-857396903
S1-971351851	S2-531225631
S1-513942281	S2-225096268
S1-314919751	S2-630673875
S1-493042502	S2-201992661
S1-381611997	S2-907993753
S1-295618734	S2-923768849
S1-240353633	S2-601117416
S1-238532321	S2-572681521
S1-100555926	S2-545487063
S1-749577321	S2-229421453
S1-415873177	S2-890651142
S1-365096927	S2-322562376
S1-339012924	S2-897309345
S1-436101127	S2-476288004
S1-479007478	S2-222868060
S1-136366940	S2-932650830
S1-746309974	S2-72331871
S1-927579904	S2-627621191
S1-181813784	S2-579122010
S1-539435140	S2-141751219
S1-281428533	S2-45282269
S1-330480372	S2-135463243
S1-246788734	S2-316661333
S1-265740265	S2-74546349
S1-324521218	S2-448472091
S1-307739112	S2-229134076
S1-921409161	S2-630077272
S1-548431424	S2-79557341
S1-296020062	S2-846927101
S1-440252476	S2-602157130
S1-734448772	S2-485234501
S1-460197987	S2-980631995
S1-255618790	S2-444261376
S1-316400370	S2-298833866
S1-459468546	S2-540370049
S1-822624204	S2-809601139
S1-577067576	S2-861044088
S1-166409239	S2-559574701
S1-158758943	S2-322182578
S1-274864192	S2-44254398
S1-915789186	S2-82464266
S1-201490881	S2-270159987
S1-665434430	S2-851371609
S1-449965550	S2-630865514
S1-811374756	S2-887702847
S1-10628063	S2-589649496
S1-871607114	S2-507265974
S1-177898172	S2-702956320
S1-80376902	S2-645693953
S1-128007325	S2-510361608
S1-847233860	S2-469710212
S1-817940306	S2-749517144
S1-816936897	S2-389848504
S1-635611750	S2-332438239
S1-75005545	S2-858005056
S1-84131192	S2-616999175
S1-651420698	S2-517844622
S1-2378977	S2-29341104
S1-752130265	S2-664824363
S1-544776577	S2-632204167
S1-772444099	S2-144917063
S1-605649531	S2-421527369
S1-306250477	S2-630044160
S1-846232530	S2-304272181
S1-962035462	S2-368925121
S1-798422088	S2-377640900
S1-909353503	S2-934718018
S1-987636590	S2-427878905
S1-616005870	S2-5700461
S1-972561848	S2-722566392
S1-518535475	S2-14832974
S1-55163292	S2-964059077
S1-772152899	S2-560766312
S1-332296439	S2-248326664
S1-270996532	S2-891416896
S1-841188843	S2-547172526
S1-712325731	S2-945133108
S1-491625786	S2-860864417
S1-290263046	S2-51991191
S1-634341662	S2-742788238
S1-525822765	S2-790733788
S1-850468101	S2-156232432
S1-20266603	S2-72366806
S1-951328871	S2-35946827
S1-167042854	S2-357262980
S1-841798687	S2-123239575
S1-511984876	S2-591149581
S1-38093282	S2-702989508
S1-378177735	S2-849983291
S1-358691515	S2-486935747
S1-240303050	S2-359517093
S1-562984086	S2-634685139
S1-53667009	S2-33121290
S1-588346658	S2-6356504
S1-949571578	S2-259457269
S1-712719847	S2-160563879
S1-378991918	S2-775054500
S1-777498736	S2-477405502
S1-720818195	S2-528485902
S1-946261562	S2-419321170
S1-846232530	S2-49741056
S1-675029932	S2-665364686
S1-608080933	S2-217990707
S1-529634561	S2-713112511
S1-293833600	S2-879973310
S1-95942768	S2-347169168
S1-458158857	S2-339531972
S1-169826889	S2-376234558
S1-993496955	S2-7192158
S1-772828169	S2-278635592
S1-470231116	S2-719813745
S1-56268004	S2-917146083
S1-186473303	S2-98603580
S1-363087907	S2-902113622
S1-383398865	S2-14981908
S1-967330833	S2-160761135
S1-952931083	S2-519982768
S1-289827355	S2-771018444
S1-655541574	S2-759350000
S1-503758667	S2-142871291
S1-503094355	S2-509580242
S1-340331555	S2-227508327
S1-151876151	S2-461010072
S1-456258801	S2-583123751
S1-217029144	S2-61824014
S1-877231031	S2-930980150
S1-352249595	S2-620708251
S1-690723247	S2-400957226
S1-461965540	S2-595374428
S1-564878909	S2-914826896
S1-974318304	S2-165275568
S1-575403560	S2-6928897
S1-608424312	S2-42501955
S1-98177348	S2-446471488
S1-582102388	S2-940887810
S1-419770547	S2-102760
S1-892698250	S2-30266181
S1-118712004	S2-343556964
S1-935387151	S2-859490085
S1-186316937	S2-560462747
S1-278417217	S2-428665860
S1-365257103	S2-920010040
S1-110625814	S2-602907102
S1-56317970	S2-88657286
S1-307363741	S2-346560004
S1-46359878	S2-655862480
S1-253571595	S2-105275950
S1-691798200	S2-769141836
S1-588089791	S2-329866313
S1-331093770	S2-386542977
S1-676062426	S2-629649219
S1-351530036	S2-458533587
S1-985202964	S2-55867472
S1-272545975	S2-454900046
S1-175861576	S2-365478542
S1-436661024	S2-494949410
S1-337144806	S2-155633699
S1-732795116	S2-607914124
S1-124348135	S2-196744322
S1-479123104	S2-914450834
S1-405956210	S2-599842456
S1-406681894	S2-616493702
S1-580984341	S2-167417690
S1-976878820	S2-6658650
S1-629802947	S2-982269056
S1-24178746	S2-91800093
S1-977576562	S2-504393922
S1-521556756	S2-339263908
S1-25247321	S2-660034291
S1-173853859	S2-680312642
S1-268514173	S2-508193305
S1-713208238	S2-825957189
S1-977583063	S2-506905511
S1-845385794	S2-54870119
S1-487251945	S2-348926808
S1-13703470	S2-110360169
S1-838097500	S2-617016046
S1-291876776	S2-187720567
S1-470083802	S2-961018125
S1-238080343	S2-566916844
S1-91144219	S2-717386562
S1-14782953	S2-43388204
S1-709485413	S2-891057230
S1-984322635	S2-551916503
S1-805471291	S2-5113503
S1-485493328	S2-278387856
S1-901294524	S2-59468027
S1-330568903	S2-632834147
S1-732154309	S2-665087131
S1-1953297	S2-319983532
S1-70643226	S2-25723397
S1-785723181	S2-729509592
S1-428438084	S2-428735604
S1-839979528	S2-172805619
S1-497359775	S2-271816824
S1-480187423	S2-876700630
S1-246132146	S2-52461599
S1-646983234	S2-258349745
S1-461765217	S2-388762809
S1-527403559	S2-974511289
S1-894452407	S2-144805251
S1-550316818	S2-27555432
S1-148031977	S2-145000409
S1-774848388	S2-941369569
S1-959219600	S2-919045259
S1-966501618	S2-939320946
S1-950502649	S2-20280761
S1-732378812	S2-398461206
S1-125378330	S2-81022895
S1-885265402	S2-915095655
S1-725003681	S2-775256689
S1-585541371	S2-658149434
S1-799336967	S2-443105174
S1-588228596	S2-969286406
S1-884538207	S2-931354072
S1-688809729	S2-18746337
S1-989888169	S2-778955326
S1-456682162	S2-262980567
S1-110104341	S2-709352359
S1-930884894	S2-306509179
S1-909574335	S2-791163462
S1-833166579	S2-135374773
S1-569276116	S2-215449790
S1-587078930	S2-38221955
S1-336887167	S2-297244737
S1-530217794	S2-390961764
S1-909977999	S2-974209782
S1-999182887	S2-85113215
S1-620626249	S2-223780959
S1-848667385	S2-934075270
S1-7572946	S2-194099658
S1-281898711	S2-775091139
S1-636102581	S2-80193882
S1-555314141	S2-633282408
S1-968324639	S2-138705032
S1-86615161	S2-358952075
S1-992639391	S2-119175047
S1-229370041	S2-916394088
S1-184769453	S2-767813024
S1-583725087	S2-722792097
S1-854091722	S2-709285232
S1-314009449	S2-330793902
S1-248386727	S2-43603972
S1-828989930	S2-947545123
S1-461345306	S2-384220432
S1-92659153	S2-116762392
S1-103535542	S2-793097419
S1-881755665	S2-91700368
S1-915997489	S2-502113271
S1-683349376	S2-107561518
S1-832227924	S2-621730422
S1-590052077	S2-969812813
S1-713605733	S2-48299723
S1-179705165	S2-32518379
S1-411823674	S2-132559179
S1-575674667	S2-627011482
S1-226077384	S2-516617767
S1-162970536	S2-528975630
S1-872813735	S2-919824290
S1-764466432	S2-467234741
S1-347551869	S2-975455922
S1-44187653	S2-579273870
S1-459154745	S2-858539801
S1-98177348	S2-957121196
S1-217531679	S2-395690566
S1-461503771	S2-829139565
S1-890325194	S2-610865002
S1-841296867	S2-269048408
S1-883982056	S2-409323305
S1-847433042	S2-765501067
S1-385536880	S2-935567409
S1-413366999	S2-746208007
S1-866849321	S2-298351356
S1-803948598	S2-218970627
S1-451868603	S2-215941673
S1-775828574	S2-410301707
S1-281843784	S2-4995835
S1-718278619	S2-145259794
S1-920140417	S2-430398467
S1-106435524	S2-524706341
S1-973729088	S2-677612023
S1-783434687	S2-703924455
S1-524905546	S2-142248954
S1-239675001	S2-811059645
S1-696792552	S2-752702212
S1-863293142	S2-252354348
S1-560339769	S2-862328371
S1-778246499	S2-620283336
S1-738184039	S2-920075304
S1-689867467	S2-754921211
S1-825918172	S2-313292384
S1-19471543	S2-868210494
S1-651511891	S2-168556685
S1-177256006	S2-912564971
S1-418948378	S2-270188479
S1-170317928	S2-477339576
S1-208413558	S2-306567236
S1-720082902	S2-581200923
S1-277762652	S2-387705975
S1-303407252	S2-603290244
S1-874891856	S2-914185636
S1-849995516	S2-172102161
S1-174414799	S2-959148313
S1-153645458	S2-709209286
S1-820208022	S2-445530322
S1-895201302	S2-926018946
S1-664956420	S2-813356470
S1-414722418	S2-903585311
S1-508647691	S2-551171428
S1-350429004	S2-794332730
S1-751920015	S2-464713128
S1-537094898	S2-628180792
S1-148793216	S2-144822818
S1-890327222	S2-948020271
S1-326811583	S2-158405679
S1-519482618	S2-458016637
S1-189569444	S2-545109522
S1-957996022	S2-56866507
S1-862911385	S2-658839320
S1-82597937	S2-371527103
S1-797934872	S2-564507824
S1-961211985	S2-986230659
S1-419058377	S2-979273562
S1-517640773	S2-904381507
S1-259611490	S2-79504715
S1-520576511	S2-235521285
S1-83712362	S2-190217104
S1-996714867	S2-213456267
S1-816642780	S2-171749150
S1-665727438	S2-322375767
S1-388246792	S2-513762598
S1-227472553	S2-676819838
S1-685238760	S2-177129329
S1-338088904	S2-761087654
S1-807380208	S2-491982704
S1-379260306	S2-788675430
S1-117477544	S2-131251329
S1-500969262	S2-71488729
S1-36310723	S2-791910436
S1-672263677	S2-270001357
S1-227182741	S2-346534633
S1-126583743	S2-157654219
S1-968495301	S2-980054782
S1-998560620	S2-760320344
S1-863494187	S2-917743760
S1-883331836	S2-44671929
S1-69413687	S2-112903844
S1-551150587	S2-53141768
S1-559754757	S2-530222807
S1-554481437	S2-604129987
S1-703118167	S2-794862341
S1-208149989	S2-521511545
S1-868034549	S2-299210157
S1-866434668	S2-950895920
S1-859028476	S2-979466936
S1-755906401	S2-611772846
S1-549231850	S2-111629814
S1-293903183	S2-150447134
S1-86368819	S2-125140240
S1-463988410	S2-999257514
S1-226110219	S2-888947445
S1-419864237	S2-533100121
S1-387103770	S2-787479321
S1-502353253	S2-943421922
S1-626845913	S2-252728479
S1-921494506	S2-813673599
S1-329421197	S2-946731482
S1-412652686	S2-641356102
S1-213534743	S2-475631913
S1-74599354	S2-565649404
S1-634665997	S2-582078696
S1-109185914	S2-45097865
S1-668347219	S2-2869144
S1-552783578	S2-33151888
S1-938396179	S2-345740437
S1-777415187	S2-388746895
S1-713528099	S2-481817095
S1-932705758	S2-421368696
S1-796088350	S2-756303823
S1-571550721	S2-370587768
S1-466263091	S2-230046374
S1-936807548	S2-82595278
S1-19838559	S2-14473467
S1-13413893	S2-565534480
S1-26085832	S2-795845366
S1-774561723	S2-637041405
S1-734746132	S2-338525520
S1-377985092	S2-820376251
S1-475007094	S2-634497270
S1-879166395	S2-363936040
S1-349689976	S2-507038877
S1-552783578	S2-130262577
S1-605724829	S2-382056011
S1-244749783	S2-475541721
S1-877486317	S2-852961012
S1-175691907	S2-591608596
S1-451272613	S2-924382014
S1-694930678	S2-638603810
S1-362121506	S2-688655950
S1-716053494	S2-111529676
S1-50497135	S2-865205626
S1-170124786	S2-302321635
S1-182504384	S2-226619024
S1-527329546	S2-333050410
S1-358332784	S2-882374589
S1-634029045	S2-905244795
S1-489281546	S2-623508007
S1-73485046	S2-316128012
S1-512024286	S2-463828012
S1-576761860	S2-25893927
S1-112435953	S2-976308338
S1-185498176	S2-323897469
S1-650270662	S2-222861870
S1-136410407	S2-828174393
S1-633356182	S2-719220723
S1-731582280	S2-60905958
S1-900411535	S2-650079919
S1-416413919	S2-740638497
S1-467405452	S2-291390112
S1-493688441	S2-774523002
S1-553330268	S2-105389153
S1-950588823	S2-485415500
S1-281249913	S2-783729810
S1-453052020	S2-456959206
S1-381840724	S2-912698507
S1-863089406	S2-840558689
S1-468263820	S2-757559318
S1-8108341	S2-269505821
S1-88923579	S2-594490803
S1-889490988	S2-782694433
S1-700250092	S2-98823571
S1-340020803	S2-62843124
S1-232863327	S2-42691251
S1-582959416	S2-267770963
S1-610111853	S2-466836443
S1-944336418	S2-484438622
S1-397818557	S2-511248879
S1-178647211	S2-314674300
S1-934607751	S2-97269476
S1-743680485	S2-692669985
S1-447373528	S2-427609859
S1-541827180	S2-117574189
S1-379135237	S2-269965161
S1-615039612	S2-448907166
S1-132171820	S2-356889476
S1-813995615	S2-639897511
S1-734593656	S2-875404167
S1-110403222	S2-741590062
S1-421194147	S2-964509398
S1-690050930	S2-976866541
S1-137052159	S2-964676034
S1-996269246	S2-966967724
S1-707247601	S2-302119650
S1-893297491	S2-466017556
S1-926433223	S2-550120604
S1-212328129	S2-701379485
S1-199168069	S2-46601594
S1-533039493	S2-257263181
S1-868217986	S2-256705960
S1-607720503	S2-82832173
S1-500730776	S2-521062141
S1-726982109	S2-773114329
S1-399187720	S2-243950421
S1-319177710	S2-768119769
S1-337075363	S2-882213988
S1-22395550	S2-862434309
S1-711303044	S2-760768948
S1-268072183	S2-224437542
S1-314679331	S2-617752748
S1-594744747	S2-907687581
S1-115167092	S2-947622206
S1-394475192	S2-135882503
S1-229703746	S2-488760596
S1-598011084	S2-923328883
S1-632389859	S2-178819997
S1-481748186	S2-69197913
S1-201649763	S2-337151179
S1-978197806	S2-352841884
S1-804909913	S2-871890873
S1-793454690	S2-575305516
S1-659375293	S2-331128842
S1-425165797	S2-128002559
S1-887268666	S2-395299818
S1-978720772	S2-481441084
S1-123822328	S2-789041221
S1-839017792	S2-751726237
S1-919412880	S2-344782770
S1-110852392	S2-411312629
S1-478244320	S2-759759023
S1-122695239	S2-772482877
S1-866984882	S2-936040698
S1-820978786	S2-59404355
S1-607334222	S2-202264171
S1-373112860	S2-715809478
S1-20329965	S2-92958715
S1-572694606	S2-668643650
S1-773083023	S2-272636799
S1-83954091	S2-431949188
S1-346205468	S2-210356514
S1-946375621	S2-586038606
S1-975358435	S2-824142577
S1-40320501	S2-906688035
S1-810539049	S2-995382790
S1-745688676	S2-358323548
S1-553073553	S2-412128165
S1-126452274	S2-990247047
S1-90590707	S2-118934265
S1-132430186	S2-616089462
S1-249137261	S2-821150777
S1-376242910	S2-318061232
S1-919174045	S2-396807646
S1-412281432	S2-16942560
S1-213549973	S2-218356995
S1-778390649	S2-477076148
S1-595161493	S2-801847967
S1-89769765	S2-235869675
S1-117211403	S2-121749745
S1-161487995	S2-496028446
S1-525961347	S2-705143241
S1-321465298	S2-73992591
S1-236626007	S2-909595187
S1-10790835	S2-44739736
S1-661444776	S2-345715995
S1-729349827	S2-378250611
S1-165133679	S2-102148492
S1-23418077	S2-563377903
S1-879617492	S2-639610225
S1-95604111	S2-67147401
S1-89637806	S2-26097188
S1-241720996	S2-158670237
S1-795420286	S2-945197313
S1-62505991	S2-518278192
S1-986104706	S2-158888173
S1-953115366	S2-903765514
S1-913894515	S2-668730197
S1-509937237	S2-166466870
S1-843019530	S2-918751803
S1-458978137	S2-734769530
S1-421906442	S2-714304281
S1-891580088	S2-536277177
S1-570425731	S2-663713531
S1-749399785	S2-551764016
S1-721261633	S2-924422291
S1-749160352	S2-386205458
S1-353052727	S2-729126479
S1-128533076	S2-973022960
S1-434818980	S2-774499436
S1-373065276	S2-714212378
S1-648120274	S2-436310791
S1-766566377	S2-996176182
S1-320179929	S2-938317355
S1-744999817	S2-88701887
S1-968521657	S2-165676699
S1-942237703	S2-648381587
S1-742032987	S2-503472897
S1-971156999	S2-257058198
S1-847986243	S2-153895387
S1-377860031	S2-94435631
S1-461950457	S2-756475156
S1-724309818	S2-134149486
S1-43625425	S2-796684774
S1-627530568	S2-393334439
S1-861127874	S2-495362635
S1-336331106	S2-795020848
S1-155974309	S2-641188658
S1-524351771	S2-914324688
S1-187652878	S2-29219623
S1-9200518	S2-813531690
S1-587645120	S2-347686993
S1-843849403	S2-266877403
S1-865213506	S2-48182394
S1-652151537	S2-180933342
S1-133318321	S2-185213697
S1-867362706	S2-495656822
S1-411266353	S2-760652477
S1-653764899	S2-375108670
S1-893437604	S2-932740820
S1-41736609	S2-458335789
S1-222550619	S2-229674240
S1-432461098	S2-806247742
S1-501358548	S2-679851847
S1-894631379	S2-572640446
S1-550328353	S2-475929107
S1-461184380	S2-169018729
S1-550878924	S2-538528070
S1-544439594	S2-200522122
S1-96345800	S2-636449112
S1-761268485	S2-318178939
S1-927833996	S2-702406123
S1-641978714	S2-321210976
S1-548657008	S2-617004199
S1-22160401	S2-201213378
S1-961045481	S2-731538991
S1-94089380	S2-302229688
S1-429912878	S2-317377850
S1-18106743	S2-506337441
S1-417882641	S2-820742223
S1-550310607	S2-154790413
S1-865405563	S2-764865840
S1-763111961	S2-497998058
S1-984270550	S2-450524166
S1-771158006	S2-537350317
S1-973729327	S2-955628582
S1-473145731	S2-70011381
S1-562733178	S2-523242203
S1-969352496	S2-327456037
S1-147854232	S2-153783584
S1-743941375	S2-529763931
S1-553569977	S2-998209238
S1-491130203	S2-78684131
S1-60570528	S2-14271949
S1-783699968	S2-35575163
S1-899782579	S2-465341505
S1-120402400	S2-997873777
S1-659321039	S2-856420729
S1-863159767	S2-406793802
S1-435347482	S2-6337322
S1-113155859	S2-951325839
S1-488757107	S2-988483925
S1-787084160	S2-955188750
S1-914470053	S2-116564930
S1-936521167	S2-375301633
S1-594458375	S2-300747532
S1-877619180	S2-269169416
S1-556095702	S2-476146902
S1-475671413	S2-454057831
S1-88690588	S2-800990596
S1-444737352	S2-224767297
S1-485555956	S2-92773665
S1-188740410	S2-83505293
S1-533139244	S2-517433540
S1-861480244	S2-168277424
S1-176612721	S2-725629685
S1-82889419	S2-812653918
S1-333055721	S2-736650150
S1-188933725	S2-739003244
S1-739079216	S2-246587621
S1-338670860	S2-19528492
S1-690916453	S2-982951916
S1-886234739	S2-649664185
S1-862656133	S2-542393604
S1-903330943	S2-787679618
S1-781873822	S2-78839194
S1-883124736	S2-943264672
S1-636795516	S2-320423611
S1-646823187	S2-812875848
S1-935654314	S2-294301134
S1-246511778	S2-41026488
S1-99564461	S2-36824904
S1-122652367	S2-45908203
S1-389108699	S2-111554297
S1-145961056	S2-885876165
S1-834241764	S2-779565857
S1-946924732	S2-97092604
S1-989313720	S2-462212965
S1-667797250	S2-168495527
S1-543956679	S2-384559435
S1-99865654	S2-487713354
S1-293192838	S2-815363305
S1-472102922	S2-792356021
S1-912741319	S2-784762569
S1-285868170	S2-438538150
S1-109528256	S2-433728495
S1-745735904	S2-882554757
S1-946080326	S2-1320778
S1-926812476	S2-925662182
S1-523127074	S2-267313811
S1-336969349	S2-287625566
S1-431477635	S2-737135018
S1-276323985	S2-725538063
S1-724628638	S2-893899156
S1-580608104	S2-899775665
S1-573202630	S2-715008187
S1-618888155	S2-446224015
S1-9978830	S2-560046947
S1-333818470	S2-547063879
S1-908120858	S2-35237932
S1-427791706	S2-727278264
S1-591402817	S2-194616038
S1-141470942	S2-533332528
S1-236525590	S2-494173787
S1-842899589	S2-256366896
S1-835057992	S2-784816261
S1-238312949	S2-93273859
S1-609811217	S2-168865140
S1-354569136	S2-529252487
S1-886234739	S2-783354820
S1-917453542	S2-185873880
S1-113344773	S2-322193181
S1-598046538	S2-808683380
S1-563897840	S2-651222098
S1-537045487	S2-739862023
S1-461070808	S2-352304040
S1-806907860	S2-425163867
S1-297885051	S2-480533826
S1-305046031	S2-939925282
S1-610406618	S2-807047968
S1-168352708	S2-69715612
S1-278903803	S2-872030071
S1-725616114	S2-987877155
S1-673436863	S2-109686302
S1-841009835	S2-789548528
S1-748431612	S2-45076362
S1-383576030	S2-579775468
S1-613658837	S2-276312532
S1-728060019	S2-586089383
S1-566124118	S2-957498893
S1-720665050	S2-955301909
S1-310056396	S2-640824524
S1-238338926	S2-806859957
S1-528851776	S2-507441051
S1-498730139	S2-246442077
S1-964885539	S2-601726878
S1-287350298	S2-503580355
S1-272791559	S2-780695130
S1-614932236	S2-799877712
S1-131784020	S2-749202377
S1-7705725	S2-831612760
S1-501217322	S2-961189733
S1-757065160	S2-909916911
S1-939865499	S2-910111499
S1-168193831	S2-393924634
S1-272403288	S2-813122084
S1-250172251	S2-283983336
S1-186072710	S2-292546686
S1-582623876	S2-694685389
S1-231369410	S2-496600522
S1-101640726	S2-57061718
S1-772678990	S2-692419653
S1-852524704	S2-72965179
S1-768317849	S2-41759375
S1-457685594	S2-176066855
S1-600051391	S2-800352492
S1-828463643	S2-237730203
S1-587339414	S2-555926159
S1-504791668	S2-3820846
S1-813578294	S2-253091576
S1-647641945	S2-650684999
S1-926124862	S2-988943034
S1-580078030	S2-682686783
S1-217458950	S2-578466288
S1-986777102	S2-458222576
S1-361252573	S2-155916562
S1-810851825	S2-82089737
S1-263530842	S2-309971822
S1-886364708	S2-349377718
S1-420682829	S2-64006488
S1-120006220	S2-284145957
S1-234434834	S2-442880128
S1-124038093	S2-229418172
S1-210148542	S2-764923085
S1-426010372	S2-966769575
S1-857351911	S2-759908932
S1-772996805	S2-186914000
S1-958552869	S2-725797379
S1-689065192	S2-330029690
S1-564683716	S2-100835657
S1-620560006	S2-285777704
S1-465957824	S2-965951253
S1-899916290	S2-435767202
S1-957920642	S2-790501681
S1-260124442	S2-490772914
S1-665382447	S2-160689103
S1-867973508	S2-926117862
S1-128912484	S2-189121585
S1-547535005	S2-794271292
S1-684682438	S2-50585035
S1-31626540	S2-578696557
S1-962126207	S2-371035506
S1-783362832	S2-81215964
S1-468404590	S2-370024758
S1-903210489	S2-952613021
S1-185550575	S2-833400690
S1-732986234	S2-421844638
S1-950735434	S2-903227102
S1-803384571	S2-33256387
S1-417838670	S2-960910456
S1-541614936	S2-650667877
S1-201164797	S2-821401730
S1-341808925	S2-699140999
S1-663269350	S2-695832964
S1-901328213	S2-728524905
S1-882470102	S2-728950506
S1-39816240	S2-420075909
S1-971217007	S2-863489738
S1-268533879	S2-273218601
S1-684015833	S2-715217522
S1-280528783	S2-920016310
S1-867683406	S2-65122767
S1-796764494	S2-937683114
S1-278583236	S2-6302412
S1-957859049	S2-921166613
S1-844472051	S2-167207136
S1-77209285	S2-619851359
S1-180412111	S2-87358003
S1-958724291	S2-554725942
S1-789249476	S2-688872251
S1-861396485	S2-127320514
S1-820208022	S2-683479179
S1-426360914	S2-638759750
S1-182504384	S2-891205782
S1-639308362	S2-20747568
S1-820582186	S2-405199558
S1-185471734	S2-353359039
S1-283951485	S2-861947135
S1-504866903	S2-106631472
S1-715008760	S2-642967899
S1-161959635	S2-231486166
S1-180655434	S2-963045232
S1-547675441	S2-246687468
S1-251445488	S2-8886675
S1-31242107	S2-937680455
S1-511636854	S2-590893998
S1-655889175	S2-239124297
S1-724056856	S2-845731739
S1-866408151	S2-588837292
S1-86143549	S2-405390906
S1-200409426	S2-182299945
S1-26525880	S2-865895611
S1-543270750	S2-716685685
S1-609540440	S2-459870437
S1-486693232	S2-330077361
S1-345665966	S2-881368398
S1-345895220	S2-19565434
S1-78884376	S2-819895138
S1-872508047	S2-903268285
S1-100786649	S2-107051879
S1-478062095	S2-666466709
S1-720462745	S2-389144961
S1-395910694	S2-236132826
S1-618768305	S2-250490043
S1-591683187	S2-811123960
S1-805983879	S2-72345677
S1-770973091	S2-613663683
S1-286177322	S2-789385072
S1-729408780	S2-914204034
S1-770093536	S2-155639524
S1-495294701	S2-825149969
S1-311612396	S2-78922553
S1-776414903	S2-296644539
S1-787613354	S2-829563500
S1-520840653	S2-868770381
S1-288529104	S2-360223638
S1-834428668	S2-352974705
S1-957069845	S2-573421950
S1-167975332	S2-627284587
S1-617083035	S2-810278210
S1-542860519	S2-539114380
S1-702585440	S2-547303549
S1-875267333	S2-632415464
S1-360395735	S2-612452873
S1-759237362	S2-566025708
S1-747266488	S2-130755887
S1-111695284	S2-807753781
S1-417882641	S2-970458385
S1-808437924	S2-657386739
S1-682367392	S2-452626928
S1-859313972	S2-470985651
S1-138427799	S2-191258227
S1-204584947	S2-81057371
S1-414757637	S2-246772810
S1-390635374	S2-669912181
S1-889000496	S2-684479840
S1-511969156	S2-33456033
S1-227412198	S2-989987698
S1-889562353	S2-425034117
S1-340492859	S2-461610073
S1-411031562	S2-903127740
S1-246255159	S2-32874929
S1-822859962	S2-985435367
S1-340412298	S2-718937126
S1-126053298	S2-493757066
S1-365282247	S2-532187679
S1-684079977	S2-71346500
S1-826026698	S2-220422330
S1-187339582	S2-45333183
S1-792463470	S2-979845133
S1-397747977	S2-304149163
S1-680303343	S2-336408294
S1-377571650	S2-999409703
S1-862393076	S2-231400287
S1-257745227	S2-129781314
S1-332975184	S2-748542677
S1-988625778	S2-897935120
S1-431245965	S2-217860586
S1-299366025	S2-266654095
S1-345745900	S2-576604768
S1-472046942	S2-255972269
S1-278642850	S2-87694753
S1-944058930	S2-592487918
S1-206855315	S2-386908809
S1-793656686	S2-828716762
S1-623326422	S2-866853507
S1-168104413	S2-716688937
S1-827208247	S2-867825539
S1-559037680	S2-517254499
S1-124051768	S2-187088679
S1-743268342	S2-326591232
S1-24578003	S2-990421817
S1-812796972	S2-311856044
S1-95468322	S2-595344511
S1-48134598	S2-138435764
S1-62288320	S2-651723138
S1-732364353	S2-904498331
S1-52276371	S2-450269025
S1-669230135	S2-599030905
S1-560284437	S2-299437108
S1-420214350	S2-127835802
S1-670859601	S2-263539713
S1-355413744	S2-29369403
S1-254335192	S2-460802352
S1-714161281	S2-106874917
S1-664682951	S2-781980120
S1-664548756	S2-188619381
S1-832496758	S2-561071313
S1-21476874	S2-342452731
S1-981957075	S2-522727021
S1-537373136	S2-366642588
S1-925493365	S2-602493529
S1-564305895	S2-71057970
S1-710544714	S2-816565908
S1-870253407	S2-757915865
S1-471181529	S2-655701065
S1-942501324	S2-663078523
S1-63382851	S2-381084230
S1-324704727	S2-4097610
S1-211143828	S2-719516945
S1-429309943	S2-620085114
S1-998242368	S2-294866563
S1-391187159	S2-865906887
S1-399261507	S2-186032617
S1-332715669	S2-655969693
S1-654572775	S2-545333017
S1-878997497	S2-205807234
S1-448013134	S2-448627269
S1-240283253	S2-931705540
S1-837356383	S2-870057090
S1-642162774	S2-933015258
S1-62754106	S2-260085113
S1-955210847	S2-751380617
S1-954197394	S2-509040201
S1-426469726	S2-266005159
S1-117180138	S2-668803265
S1-71422742	S2-541321735
S1-659756925	S2-542773866
S1-980809047	S2-547919147
S1-684462193	S2-372292207
S1-404057485	S2-216134897
S1-329116442	S2-816149319
S1-44246200	S2-189281226
S1-368214204	S2-437227327
S1-936521167	S2-679006024
S1-305716996	S2-252199843
S1-371705089	S2-536139543
S1-110033424	S2-205490085
S1-86930490	S2-857711060
S1-650875013	S2-956657199
S1-436474433	S2-238661101
S1-850481374	S2-153941321
S1-648969021	S2-193953665
S1-408725305	S2-820763824
S1-895340719	S2-736435627
S1-100110328	S2-907226439
S1-581367736	S2-618504692
S1-365366757	S2-338961033
S1-712874980	S2-528306448
S1-527733309	S2-351445817
S1-474396087	S2-657436284
S1-475673603	S2-43995470
S1-111922981	S2-792595242
S1-750317094	S2-193770068
S1-144338936	S2-360464851
S1-643909632	S2-765579297
S1-581228435	S2-621673424
S1-406577095	S2-220791056
S1-392473952	S2-86043392
S1-328833833	S2-416316
S1-731072708	S2-159572729
S1-338604251	S2-693197760
S1-977527518	S2-172844548
S1-651220584	S2-163560259
S1-779771367	S2-374281476
S1-728195272	S2-527429252
S1-273687295	S2-50477643
S1-203514084	S2-21424560
S1-673263173	S2-283291630
S1-479336412	S2-112298969
S1-859530813	S2-548089479
S1-640480830	S2-676534863
S1-130452011	S2-290548394
S1-840130461	S2-624299441
S1-311729411	S2-350440251
S1-668657613	S2-506342572
S1-113295560	S2-455782644
S1-628161056	S2-332864132
S1-556531355	S2-2016654
S1-31284319	S2-599151308
S1-516854043	S2-913444571
S1-266240568	S2-15874465
S1-303531284	S2-245934871
S1-800869573	S2-2892898
S1-688845346	S2-487076938
S1-77861943	S2-915497043
S1-71728837	S2-770884136
S1-734025831	S2-730385363
S1-287533645	S2-495504379
S1-23170070	S2-371652417
S1-539050513	S2-722772139
S1-703609117	S2-283676308
S1-624124310	S2-451416975
S1-257397078	S2-129145601
S1-292204922	S2-808968960
S1-260017383	S2-456107606
S1-197195940	S2-574320896
S1-182689990	S2-217392842
S1-955980286	S2-529598963
S1-203282169	S2-973185601
S1-782500940	S2-251281277
S1-559139536	S2-763093117
S1-705032772	S2-377753801
S1-595299032	S2-183744859
S1-347058548	S2-10223294
S1-667308469	S2-258853676
S1-685859887	S2-436437714
S1-836286196	S2-78231996
S1-528661693	S2-52652482
S1-654144203	S2-231366438
S1-322551345	S2-1539115
S1-153153183	S2-932829396
S1-71928569	S2-736346712
S1-405818222	S2-873620229
S1-995810646	S2-304754440
S1-364347643	S2-509339448
S1-666120917	S2-597905011
S1-192845899	S2-650428717
S1-578842626	S2-212012392
S1-819750126	S2-975683029
S1-240008093	S2-760763837
S1-146535006	S2-131589646
S1-975591819	S2-622510005
S1-846011824	S2-86932051
S1-13685549	S2-504675073
S1-864152037	S2-608822629
S1-800761397	S2-558105706
S1-111627396	S2-270438623
S1-266240568	S2-141635539
S1-8893557	S2-342258730
S1-127837265	S2-796425476
S1-585709160	S2-678631834
S1-856982038	S2-110287016
S1-771051527	S2-733773905
S1-977601641	S2-282190197
S1-382243623	S2-891828507
S1-588685122	S2-452268811
S1-874123458	S2-896182770
S1-544033864	S2-995949123
S1-306056878	S2-475019531
S1-256832636	S2-874303943
S1-875298816	S2-138769806
S1-206043199	S2-706987295
S1-186985074	S2-528685497
S1-178811682	S2-516669821
S1-531286020	S2-718094880
S1-782023711	S2-511762997
S1-703284903	S2-523283146
S1-110784837	S2-50550896
S1-448449857	S2-411118320
S1-991482042	S2-863587623
S1-503284017	S2-233582000
S1-445651102	S2-344277148
S1-566658836	S2-320153641
S1-189794174	S2-689979400
S1-745535627	S2-964549657
S1-675580513	S2-694450727
S1-666098306	S2-403283980
S1-467344228	S2-972550054
S1-550153793	S2-563203693
S1-857649063	S2-184144875
S1-811493864	S2-280714514
S1-158449278	S2-82350208
S1-989699126	S2-320002820
S1-457560886	S2-647483336
S1-415230677	S2-69821373
S1-68897232	S2-397173614
S1-486411262	S2-35101948
S1-211253157	S2-975825500
S1-939773826	S2-392891721
S1-293796312	S2-946216193
S1-596718367	S2-777355801
S1-639780252	S2-521124103
S1-929863634	S2-586656690
S1-13087837	S2-416270690
S1-925971041	S2-7283552
S1-667439846	S2-8949728
S1-204390791	S2-926951078
S1-887495356	S2-966914338
S1-372710791	S2-205028682
S1-204239129	S2-360404607
S1-354774761	S2-753530163
S1-808924680	S2-867351466
S1-223942703	S2-141632415
S1-469509459	S2-648604957
S1-407498686	S2-128465543
S1-381325521	S2-269672775
S1-509043646	S2-202917070
S1-909243270	S2-891407905
S1-888435548	S2-65322243
S1-694759387	S2-177222975
S1-542089833	S2-112014842
S1-773269062	S2-190615947
S1-425721953	S2-38838198
S1-181972695	S2-994121400
S1-546218228	S2-493695465
S1-707681808	S2-733758855
S1-56745051	S2-345829015
S1-694233187	S2-906684394
S1-719934870	S2-109595318
S1-733451829	S2-153617261
S1-251421020	S2-823685510
S1-163087944	S2-343929868
S1-466098907	S2-111761633
S1-887359870	S2-303046410
S1-48527415	S2-774781624
S1-665536252	S2-21070957
S1-956958125	S2-723123305
S1-638217267	S2-70317506
S1-433732434	S2-337597738
S1-637220386	S2-615936860
S1-988133543	S2-991856057
S1-946158489	S2-619945044
S1-408629582	S2-31911162
S1-439593639	S2-534204625
S1-957064209	S2-221767523
S1-862824015	S2-134806568
S1-431495642	S2-473140655
S1-599394561	S2-744638035
S1-762172469	S2-236446063
S1-414776382	S2-181026174
S1-505079881	S2-216633159
S1-441221868	S2-479028926
S1-110852392	S2-365645590
S1-18986655	S2-66994327
S1-897644469	S2-770467747
S1-537528338	S2-727385929
S1-401742587	S2-836707658
S1-311106677	S2-443621622
S1-376284648	S2-970147442
S1-65654715	S2-396479266
S1-132515408	S2-741454619
S1-644412773	S2-279910339
S1-325912360	S2-196307326
S1-371134636	S2-151697604
S1-288945379	S2-46844334
S1-903790420	S2-822219379
S1-55107606	S2-958770869
S1-970019526	S2-243492610
S1-87088402	S2-598201709
S1-640670770	S2-928672161
S1-182049402	S2-137209406
S1-563462103	S2-363463679
S1-755363605	S2-452271255
S1-503998710	S2-646568402
S1-30940677	S2-905525364
S1-824167272	S2-981236721
S1-941437190	S2-118462642
S1-320937244	S2-688387733
S1-654742993	S2-566837469
S1-452390778	S2-563524999
S1-639466025	S2-147552490
S1-524426318	S2-852628704
S1-786261854	S2-202649229
S1-714434115	S2-681984312
S1-685220668	S2-510339752
S1-781410336	S2-936577008
S1-589286163	S2-554941954
S1-426598152	S2-518663151
S1-768098123	S2-228524769
S1-119684578	S2-619609918
S1-836429853	S2-214610489
S1-750064180	S2-494646548
S1-283746921	S2-829823845
S1-806032435	S2-638825769
S1-54041809	S2-882586689
S1-652282021	S2-285556554
S1-747710999	S2-993412399
S1-1905298	S2-876034786
S1-618704406	S2-7071025
S1-57887743	S2-374338418
S1-816868967	S2-636243061
S1-228576318	S2-536802734
S1-411591208	S2-448702416
S1-456205166	S2-601555829
S1-216537145	S2-296020790
S1-335628875	S2-176561829
S1-392795953	S2-301200829
S1-140955180	S2-385050496
S1-865238448	S2-384256024
S1-107843916	S2-902710495
S1-571526503	S2-69524504
S1-246588082	S2-570446685
S1-757104456	S2-381934008
S1-826225382	S2-201619083
S1-64338018	S2-970921559
S1-947998410	S2-258751827
S1-649755917	S2-213735309
S1-992532644	S2-830880796
S1-768162109	S2-33198165
S1-852607881	S2-132184803
S1-121677807	S2-610205018
S1-270027581	S2-870302266
S1-188168630	S2-110850835
S1-292671943	S2-32342167
S1-911184765	S2-229948108
S1-984885486	S2-980890040
S1-575553002	S2-843663445
S1-651007983	S2-481959587
S1-655132714	S2-440828976
S1-211705076	S2-71657780
S1-965416836	S2-14285798
S1-528962474	S2-996221027
S1-713916650	S2-632161218
S1-614599363	S2-731269179
S1-640233844	S2-957687613
S1-690055678	S2-15822991
S1-755765385	S2-104589178
S1-105584499	S2-947028181
S1-883340279	S2-131210869
S1-897205047	S2-260206915
S1-449093001	S2-123292668
S1-638318016	S2-746663013
S1-411849044	S2-526876100
S1-228148420	S2-854041286
S1-462647223	S2-720028208
S1-213232831	S2-360521252
S1-372327063	S2-433616543
S1-872872156	S2-690160845
S1-911763171	S2-367985137
S1-163908516	S2-332385487
S1-652928381	S2-852375035
S1-744722166	S2-942154212
S1-682812124	S2-662600657
S1-553292684	S2-196215137
S1-635054108	S2-252990031
S1-433217338	S2-545544792
S1-258755098	S2-334273869
S1-696596570	S2-104590910
S1-634542236	S2-270258092
S1-155274946	S2-421370078
S1-523931588	S2-347350477
S1-613331467	S2-228517154
S1-489135257	S2-770408253
S1-825343929	S2-798887336
S1-551757332	S2-752650208
S1-549208343	S2-702063645
S1-644584592	S2-236660414
S1-811448726	S2-5615831
S1-187060190	S2-490094083
S1-338918232	S2-109350979
S1-309972530	S2-128664835
S1-555318227	S2-951836072
S1-335127117	S2-491157097
S1-918665765	S2-481118402
S1-62347243	S2-248212007
S1-237040478	S2-840729966
S1-846895244	S2-522522370
S1-401982329	S2-224323262
S1-377568816	S2-739437237
S1-880540801	S2-554780873
S1-909978239	S2-379723264
S1-394822365	S2-557507488
S1-991485164	S2-936365699
S1-237040478	S2-116264099
S1-627968740	S2-162477682
S1-258897125	S2-819639109
S1-727012549	S2-130225948
S1-190019889	S2-255061909
S1-235081728	S2-863964474
S1-419235241	S2-331102815
S1-786175757	S2-766358944
S1-12550753	S2-346591063
S1-967745450	S2-653582786
S1-77448748	S2-735921538
S1-469236596	S2-946951696
S1-624787254	S2-962068892
S1-616509877	S2-258127769
S1-860658464	S2-772757211
S1-918030482	S2-828459558
S1-175359629	S2-728941168
S1-842536851	S2-676868889
S1-771489237	S2-349561354
S1-141847113	S2-972274933
S1-527711	S2-513986670
S1-158547499	S2-845499294
S1-581095765	S2-21645757
S1-166767616	S2-360985360
S1-495214059	S2-638852320
S1-724982856	S2-344270855
S1-601703189	S2-374171641
S1-799356134	S2-343214762
S1-711552040	S2-798632673
S1-914408641	S2-701762797
S1-607516027	S2-818223411
S1-555780901	S2-768515000
S1-774271501	S2-620036508
S1-271658466	S2-29973226
S1-788234394	S2-997454161
S1-390118844	S2-992571509
S1-230727677	S2-715030737
S1-402605743	S2-256129285
S1-321489300	S2-845985862
S1-21914144	S2-707288949
S1-159142299	S2-846153256
S1-308821083	S2-430890601
S1-164206709	S2-246489226
S1-269583380	S2-459223582
S1-896668382	S2-628519978
S1-708165924	S2-834874750
S1-383251326	S2-599004456
S1-313837973	S2-809390559
S1-211547513	S2-575710892
S1-75631414	S2-767482611
S1-39507728	S2-421582972
S1-490603732	S2-901958760
S1-932476307	S2-473460113
S1-582488583	S2-112698751
S1-438547552	S2-968025940
S1-316329886	S2-727801364
S1-301663328	S2-329477674
S1-223603183	S2-151338119
S1-244419617	S2-344408251
S1-778689504	S2-493075238
S1-613613601	S2-624958302
S1-287216381	S2-554548015
S1-875550691	S2-918117767
S1-748818776	S2-759255320
S1-517430763	S2-308800103
S1-945353456	S2-725096258
S1-203152338	S2-577872371
S1-676029912	S2-206071196
S1-553387507	S2-926724289
S1-784573589	S2-745277047
S1-925931476	S2-873693829
S1-855009304	S2-838508462
S1-575581309	S2-68960857
S1-476376528	S2-367243471
S1-717710727	S2-561736586
S1-479209079	S2-322604885
S1-397081545	S2-368418225
S1-40470834	S2-224460268
S1-360745305	S2-957839993
S1-307289700	S2-805815160
S1-773083023	S2-155670899
S1-470452174	S2-290912634
S1-102330867	S2-900431654
S1-415362863	S2-763285456
S1-860859285	S2-913969086
S1-514318401	S2-139461289
S1-999731408	S2-154971918
S1-612947687	S2-206431290
S1-517130347	S2-895626309
S1-424654664	S2-748048829
S1-67955226	S2-167227091
S1-473145731	S2-250412083
S1-423048267	S2-325543655
S1-862706434	S2-348567661
S1-651670961	S2-568627577
S1-65983522	S2-520456094
S1-288711465	S2-591783219
S1-771399262	S2-122987223
S1-4663491	S2-920713021
S1-863117767	S2-370318554
S1-703338408	S2-835441297
S1-81603297	S2-433834332
S1-126174585	S2-559522446
S1-982431738	S2-172949541
S1-723460455	S2-159543913
S1-197816882	S2-736585370
S1-222531159	S2-241116628
S1-171751265	S2-928403091
S1-753023808	S2-528595310
S1-809367891	S2-842266590
S1-89022266	S2-675206946
S1-93284876	S2-527053386
S1-290578653	S2-100787282
S1-305953310	S2-862277045
S1-565047132	S2-155807981
S1-259332525	S2-386145460
S1-722948096	S2-893252717
S1-79419673	S2-765834057
S1-529240837	S2-623937085
S1-327338526	S2-279636736
S1-58263257	S2-874658298
S1-184018374	S2-492277145
S1-887024197	S2-537568429
S1-22170119	S2-304691491
S1-931070007	S2-343590818
S1-991518623	S2-226727404
S1-13700074	S2-893450456
S1-14510248	S2-846316289
S1-965265571	S2-336790929
S1-261389460	S2-558141970
S1-42866437	S2-814016926
S1-756247045	S2-121443969
S1-816867873	S2-896986427
S1-115290235	S2-135668656
S1-649096392	S2-851991527
S1-389815951	S2-678613343
S1-101547582	S2-416651350
S1-803568627	S2-827936810
S1-608702060	S2-753844481
S1-345631130	S2-124682129
S1-150056272	S2-137347843
S1-409443769	S2-531907103
S1-931737970	S2-390838114
S1-49158320	S2-632472550
S1-698532553	S2-109815586
S1-619236537	S2-904168146
S1-398993142	S2-623358962
S1-837467405	S2-399333338
S1-180666791	S2-861545669
S1-242675438	S2-225550281
S1-997465198	S2-903078553
S1-410094264	S2-746951369
S1-166338671	S2-231821372
S1-975238206	S2-233659160
S1-631585271	S2-669393530
S1-796231207	S2-675169571
S1-738271339	S2-508722209
S1-258755098	S2-714693300
S1-275095864	S2-721602154
S1-879459306	S2-686044120
S1-283378110	S2-153674926
S1-802002917	S2-785590864
S1-380743266	S2-679324126
S1-203827017	S2-631106859
S1-126030171	S2-360420015
S1-496513125	S2-786738482
S1-516437517	S2-772499825
S1-117204444	S2-49224005
S1-367836895	S2-962371600
S1-909291234	S2-43919045
S1-494922005	S2-38238032
S1-77841104	S2-553695351
S1-58622125	S2-361576318
S1-898615911	S2-750156245
S1-65755556	S2-795178244
S1-100457921	S2-5611497
S1-253934739	S2-484740919
S1-868003637	S2-473003950
S1-878244571	S2-688518934
S1-313495505	S2-224362287
S1-746507795	S2-878847290
S1-88496901	S2-270119797
S1-33765748	S2-66022028
S1-468883926	S2-814632964
S1-566315307	S2-383044138
S1-440666746	S2-730097104
S1-938187406	S2-718004224
S1-503618095	S2-148145969
S1-160689230	S2-738692475
S1-614487512	S2-294965970
S1-28873221	S2-639492344
S1-607969156	S2-558248173
S1-820032070	S2-234822957
S1-699042145	S2-642237956
S1-725891523	S2-653864215
S1-569981221	S2-559247878
S1-516648097	S2-271201987
S1-465206894	S2-896023095
S1-463487143	S2-219413151
S1-771609823	S2-522417167
S1-180931193	S2-221620356
S1-730704350	S2-709629981
S1-889178772	S2-671061629
S1-172923307	S2-358693950
S1-768437446	S2-280280105
S1-793091470	S2-991544466
S1-597856617	S2-679659833
S1-434485304	S2-729808499
S1-917926871	S2-886295444
S1-137266342	S2-384219236
S1-614085017	S2-816927573
S1-794892151	S2-165153188
S1-153338489	S2-143858103
S1-374902496	S2-886417179
S1-33722779	S2-511409474
S1-277641693	S2-675942062
S1-956502804	S2-16195955
S1-131003470	S2-44433794
S1-759099954	S2-997520562
S1-803613976	S2-282842828
S1-671533681	S2-791988570
S1-956668952	S2-322100370
S1-940155459	S2-800555922
S1-761976835	S2-77907400
S1-937360664	S2-420178095
S1-418907925	S2-620948945
S1-850652311	S2-922734322
S1-544367443	S2-928076866
S1-748094638	S2-727905315
S1-737345155	S2-190502163
S1-518331342	S2-7207998
S1-115862517	S2-735405858
S1-219183677	S2-11211938
S1-439914990	S2-961696493
S1-149529306	S2-88159261
S1-809602814	S2-67366503
S1-672074860	S2-620860230
S1-913000201	S2-843273485
S1-325424220	S2-840952192
S1-312815948	S2-447564932
S1-41140225	S2-122024524
S1-428308140	S2-470835093
S1-716992703	S2-377940689
S1-470639762	S2-962623590
S1-499495280	S2-937085502
S1-601493421	S2-798818932
S1-901090900	S2-910344592
S1-261233301	S2-92788299
S1-616553146	S2-850362114
S1-811473019	S2-490706677
S1-899530786	S2-627788925
S1-139367666	S2-861272141
S1-633011018	S2-454934705
S1-220448874	S2-819511216
S1-23445576	S2-874182404
S1-459043501	S2-804309340
S1-733787652	S2-211300536
S1-678833285	S2-539886562
S1-111909300	S2-650072544
S1-467745736	S2-672777381
S1-818107455	S2-155805543
S1-32092912	S2-780337776
S1-18170133	S2-432060653
S1-555302198	S2-907465233
S1-431835920	S2-752617450
S1-168620840	S2-131802206
S1-267036953	S2-703048954
S1-257397078	S2-349655384
S1-335533963	S2-493330939
S1-915601797	S2-489069905
S1-157601774	S2-745304339
S1-834936491	S2-125086919
S1-61325103	S2-764987263
S1-259561414	S2-42757500
S1-689440797	S2-180487013
S1-457479575	S2-5967192
S1-536081241	S2-411301100
S1-971649303	S2-144904186
S1-127364410	S2-325807018
S1-719191788	S2-771729582
S1-919105059	S2-811628019
S1-824872174	S2-997762473
S1-727131089	S2-310143521
S1-40168811	S2-622162784
S1-669491792	S2-538321663
S1-317137199	S2-703228391
S1-325277129	S2-844533988
S1-802850751	S2-750167362
S1-871536033	S2-58172006
S1-404475421	S2-829021114
S1-69640541	S2-832597595
S1-410266088	S2-432857949
S1-19902322	S2-724482439
S1-236985763	S2-165227814
S1-536636027	S2-931713255
S1-423311048	S2-223329742
S1-77289828	S2-933783939
S1-795362879	S2-777198906
S1-274875056	S2-73519077
S1-115117916	S2-639714727
S1-713042208	S2-982748843
S1-796746860	S2-848911609
S1-718783298	S2-497300049
S1-629411207	S2-839679863
S1-918417551	S2-952358927
S1-752755804	S2-557263602
S1-189649133	S2-130513931
S1-810432224	S2-795935705
S1-835940050	S2-95921961
S1-985062488	S2-977344420
S1-984675116	S2-960934346
S1-634632306	S2-966443409
S1-493843122	S2-845573650
S1-353617931	S2-725781699
S1-851435195	S2-200831901
S1-412948182	S2-755089099
S1-555966627	S2-548160555
S1-765287957	S2-536946131
S1-731843631	S2-216742831
S1-499893677	S2-68425278
S1-530769608	S2-585587758
S1-123642135	S2-375032707
S1-299622719	S2-27825770
S1-801852017	S2-355423309
S1-235450411	S2-838284780
S1-970634468	S2-571796685
S1-150152250	S2-439380288
S1-289413751	S2-92081311
S1-99083372	S2-662199786
S1-725567514	S2-26112389
S1-624190069	S2-455474851
S1-359558530	S2-555640077
S1-616745138	S2-413020317
S1-194714171	S2-975423966
S1-421290846	S2-602726282
S1-508789467	S2-599286896
S1-505265379	S2-867350045
S1-767597780	S2-417005592
S1-5405318	S2-818454433
S1-149424676	S2-442277161
S1-630661074	S2-909104730
S1-802351603	S2-383184812
S1-131151351	S2-217902125
S1-954945309	S2-753264339
S1-580609339	S2-267643212
S1-176487871	S2-560932649
S1-230449673	S2-732619181
S1-193307975	S2-805518466
S1-130520055	S2-842152891
S1-170838551	S2-781026065
S1-517689960	S2-955908227
S1-203690405	S2-927182175
S1-638607257	S2-443327476
S1-137981171	S2-702935818
S1-270596404	S2-729014246
S1-831784662	S2-367722340
S1-791259418	S2-363952562
S1-447769647	S2-212028937
S1-3666299	S2-841263043
S1-278373463	S2-36835640
S1-123594643	S2-770627536
S1-758577091	S2-572452042
S1-644317714	S2-805569718
S1-978723417	S2-296826233
S1-692069664	S2-3089011
S1-803590345	S2-719870548
S1-419655749	S2-773222732
S1-941330235	S2-424345950
S1-520190812	S2-679734475
S1-880886854	S2-268512797
S1-472402587	S2-484821681
S1-260412100	S2-976981586
S1-148449537	S2-170196827
S1-654394806	S2-810577191
S1-761308525	S2-627250884
S1-541744739	S2-428404670
S1-320130945	S2-383767344
S1-442498753	S2-984234372
S1-58781274	S2-941108746
S1-276662150	S2-219900831
S1-236799390	S2-657901921
S1-270319062	S2-953424724
S1-255106416	S2-170763568
S1-603646330	S2-146713819
S1-650825366	S2-704505258
S1-76200625	S2-711059284
S1-105611042	S2-514469215
S1-741476537	S2-321904358
S1-738699125	S2-830667050
S1-594136471	S2-532210484
S1-750091652	S2-529373688
S1-548349501	S2-548927921
S1-99789171	S2-450967100
S1-413830230	S2-215360650
S1-724517001	S2-544843434
S1-297537194	S2-978843426
S1-478466480	S2-832465684
S1-279312134	S2-568804321
S1-246000051	S2-496733663
S1-838918655	S2-378579762
S1-469623247	S2-891315426
S1-592180430	S2-716641180
S1-786562468	S2-596767089
S1-291011628	S2-460310252
S1-492423721	S2-781449524
S1-590690022	S2-120787811
S1-690401700	S2-517682539
S1-630662004	S2-517010044
S1-828220552	S2-171462702
S1-993289107	S2-736673704
S1-303320100	S2-800013066
S1-35778118	S2-845466135
S1-67182475	S2-754921229
S1-718181807	S2-173367412
S1-224064165	S2-669596292
S1-178939058	S2-531007579
S1-666982628	S2-686512584
S1-752685037	S2-263080464
S1-346223661	S2-578785120
S1-310360465	S2-798245410
S1-73402265	S2-445613407
S1-644074806	S2-196907520
S1-227567596	S2-148979074
S1-226077516	S2-41853015
S1-356983985	S2-108264354
S1-729005872	S2-412271132
S1-925928905	S2-281503591
S1-970606765	S2-707911559
S1-286265722	S2-732888523
S1-154129575	S2-354253109
S1-494477461	S2-715982196
S1-550662061	S2-289470126
S1-958204649	S2-719791441
S1-647831508	S2-548729257
S1-508258267	S2-659567820
S1-206820832	S2-719621313
S1-444597138	S2-803082119
S1-854035771	S2-137142592
S1-668609987	S2-963593763
S1-118541793	S2-307595290
S1-563693539	S2-736858789
S1-364849874	S2-224973623
S1-119058338	S2-191889098
S1-28155758	S2-181587415
S1-114875345	S2-15355940
S1-629153035	S2-22695186
S1-75270080	S2-776616910
S1-509962937	S2-45749636
S1-704993612	S2-912116631
S1-471335330	S2-506126704
S1-717283090	S2-61132318
S1-327323626	S2-593251738
S1-700424774	S2-997424348
S1-97416517	S2-94839700
S1-81321607	S2-889355726
S1-523119513	S2-101312137
S1-847910996	S2-734668248
S1-525970796	S2-318943995
S1-985549316	S2-666689627
S1-60133868	S2-343142412
S1-143557683	S2-775086390
S1-903903285	S2-891560084
S1-418849995	S2-398526970
S1-3276806	S2-403572422
S1-824809072	S2-105690861
S1-289496598	S2-151961677
S1-859624649	S2-644021259
S1-583072279	S2-266923974
S1-112019765	S2-133005595
S1-285985188	S2-830596468
S1-251079231	S2-449649978
S1-859039730	S2-886717283
S1-161077392	S2-476772412
S1-804292169	S2-108481359
S1-687754378	S2-116606818
S1-700650607	S2-44592096
S1-246334631	S2-878988901
S1-754988004	S2-37186178
S1-764096170	S2-295931621
S1-883752213	S2-876809204
S1-786220388	S2-505136479
S1-894525506	S2-25985115
S1-57919642	S2-436883009
S1-341255680	S2-971600108
S1-257409599	S2-700993080
S1-262038700	S2-961279965
S1-711991508	S2-549030531
S1-434886817	S2-650711231
S1-284733790	S2-410569146
S1-278259421	S2-96789822
S1-627033293	S2-615392040
S1-422299996	S2-459349371
S1-855186101	S2-511412735
S1-44658239	S2-89092464
S1-6047009	S2-42987770
S1-761155621	S2-392640067
S1-86204119	S2-669453080
S1-515132535	S2-406983286
S1-59205618	S2-65812334
S1-48213060	S2-850791104
S1-99930619	S2-541488645
S1-301894316	S2-46685172
S1-490712594	S2-360517325
S1-786762641	S2-655077951
S1-389852494	S2-598917465
S1-992249914	S2-32661481
S1-899201723	S2-320081435
S1-251505782	S2-993596369
S1-794921989	S2-739331981
S1-681751980	S2-843429707
S1-34723533	S2-512825581
S1-852634121	S2-834813793
S1-575358827	S2-534955838
S1-460146464	S2-658885763
S1-650500604	S2-737714898
S1-696955193	S2-508491699
S1-772860639	S2-506630969
S1-428129517	S2-385981968
S1-255731910	S2-141954149
S1-236634475	S2-756554883
S1-945301349	S2-526711860
S1-630521162	S2-195159095
S1-438369096	S2-137598434
S1-192757075	S2-139020075
S1-173257198	S2-668247735
S1-530872271	S2-976524344
S1-648091121	S2-334600908
S1-605341462	S2-891814996
S1-105238420	S2-340146101
S1-165217244	S2-408105065
S1-987375825	S2-320468831
S1-835706190	S2-559752169
S1-563631781	S2-133287463
S1-580294179	S2-919890073
S1-800723014	S2-979161004
S1-311783031	S2-122773520
S1-286734300	S2-537866508
S1-688154752	S2-399744577
S1-755448841	S2-444045502
S1-511278556	S2-963671926
S1-646879954	S2-818898224
S1-942154290	S2-252172624
S1-747068573	S2-531650988
S1-117969166	S2-355607692
S1-982929493	S2-270290905
S1-372676426	S2-231967817
S1-637974831	S2-942568027
S1-651564965	S2-759145471
S1-417177131	S2-361344291
S1-899974765	S2-32245906
S1-854918452	S2-342129654
S1-459369005	S2-490326999
S1-349154342	S2-690146199
S1-185288616	S2-176847986
S1-509362390	S2-85972788
S1-627258136	S2-808418105
S1-313725033	S2-64080519
S1-227049696	S2-839390462
S1-130744899	S2-995174730
S1-311458822	S2-408435621
S1-941527241	S2-463917820
S1-303765519	S2-45331580
S1-310466634	S2-805980788
S1-702780204	S2-460218868
S1-775694766	S2-933267880
S1-231963768	S2-741576104
S1-514632442	S2-602259732
S1-811457616	S2-375682542
S1-451319068	S2-684669522
S1-752592381	S2-20555526
S1-978272989	S2-993422260
S1-60817715	S2-345876794
S1-816119385	S2-487872178
S1-682401878	S2-812584094
S1-183040809	S2-246267812
S1-50906069	S2-208710369
S1-908615319	S2-585856223
S1-109730585	S2-718217103
S1-636532822	S2-157038361
S1-604827213	S2-334326442
S1-696705105	S2-84991630
S1-448165542	S2-468041653
S1-110182787	S2-411941751
S1-255194283	S2-779595736
S1-64578808	S2-705363882
S1-925622277	S2-935460675
S1-110385207	S2-373689031
S1-735563106	S2-13597726
S1-9620559	S2-429089906
S1-280885703	S2-147931898
S1-568915122	S2-542786090
S1-649527345	S2-854546452
S1-952052661	S2-15962613
S1-225151597	S2-213756076
S1-999278723	S2-431702078
S1-805765855	S2-483848214
S1-215428805	S2-953821772
S1-891725616	S2-44153365
S1-599217710	S2-467730333
S1-351546080	S2-492848043
S1-797455695	S2-876443685
S1-976227639	S2-83792061
S1-45539898	S2-502975387
S1-64578808	S2-462132827
S1-117634752	S2-662987066
S1-384597491	S2-72842677
S1-888947920	S2-839165994
S1-684772187	S2-554954748
S1-728198279	S2-125588030
S1-575878771	S2-494406603
S1-222115740	S2-274577105
S1-659868176	S2-525820016
S1-2803875	S2-974353527
S1-301846780	S2-236581424
S1-822263592	S2-600498405
S1-47450902	S2-355364745
S1-250904191	S2-340559939
S1-273067101	S2-455214761
S1-269934292	S2-70087632
S1-484823667	S2-924684126
S1-908145917	S2-655006884
S1-336339315	S2-775072585
S1-165133679	S2-482893908
S1-542392151	S2-924001954
S1-888019431	S2-722925078
S1-491271498	S2-523722284
S1-670638081	S2-583469882
S1-603846581	S2-525479417
S1-274420224	S2-9546077
S1-245626961	S2-227348618
S1-472005152	S2-790666086
S1-247118582	S2-116337773
S1-687450197	S2-846773645
S1-891300261	S2-82724580
S1-35780522	S2-607022227
S1-199675343	S2-91801941
S1-735434670	S2-494021119
S1-468747286	S2-154462517
S1-784492550	S2-196562658
S1-847629446	S2-791177051
S1-582327794	S2-645641789
S1-507823355	S2-208513718
S1-134825852	S2-696631591
S1-940969611	S2-688298507
S1-860711554	S2-847314173
S1-276167766	S2-468517319
S1-944366619	S2-835081899
S1-673305886	S2-188977851
S1-253213305	S2-790905795
S1-430253098	S2-391447049
S1-988264003	S2-411288560
S1-865540514	S2-542717582
S1-685841453	S2-514701195
S1-372737692	S2-218110997
S1-805586283	S2-249622138
S1-289553411	S2-914782508
S1-63140407	S2-990477412
S1-341011881	S2-150131662
S1-813006555	S2-614846077
S1-693991825	S2-233432566
S1-805055673	S2-510354576
S1-832809894	S2-517737342
S1-787971369	S2-640473090
S1-760917690	S2-368030895
S1-102624913	S2-214182763
S1-853859418	S2-588281198
S1-820164384	S2-468966331
S1-575042916	S2-531248583
S1-879325383	S2-275521406
S1-507087441	S2-942893700
S1-566742921	S2-440910884
S1-289789709	S2-806843385
S1-397919963	S2-681074340
S1-385210727	S2-951460325
S1-540674078	S2-10709052
S1-714742968	S2-622250781
S1-162018731	S2-790025542
S1-311088499	S2-691279261
S1-313433137	S2-25783874
S1-128226709	S2-639650617
S1-847587076	S2-684193010
S1-72486842	S2-616324467
S1-258261077	S2-822402877
S1-499366089	S2-662990342
S1-324768313	S2-818572379
S1-672459735	S2-499886940
S1-39522619	S2-145255384
S1-692042360	S2-348884105
S1-749202796	S2-551196011
S1-805339129	S2-778884807
S1-140645885	S2-974086532
S1-663346217	S2-75809343
S1-728544789	S2-227819244
S1-136167647	S2-47090946
S1-695267558	S2-255497411
S1-13995321	S2-1543079
S1-149438022	S2-97832489
S1-677611672	S2-178437621
S1-324328074	S2-856425577
S1-629295374	S2-924654043
S1-276644814	S2-660285678
S1-260772475	S2-726289313
S1-112299011	S2-71090845
S1-924527097	S2-204863695
S1-549476583	S2-479337568
S1-111954601	S2-144437261
S1-419686606	S2-115310090
S1-623958725	S2-427136795
S1-208423392	S2-226027981
S1-356225740	S2-357441855
S1-275507427	S2-228144253
S1-315153182	S2-347194915
S1-617963282	S2-743547877
S1-802341266	S2-481492612
S1-135116892	S2-426162814
S1-13605328	S2-314209735
S1-331003599	S2-759393987
S1-224562748	S2-720424874
S1-292156081	S2-57650942
S1-95329659	S2-150171530
S1-662114172	S2-17253366
S1-700841286	S2-161900501
S1-69773522	S2-327910224
S1-183568543	S2-973098941
S1-285787444	S2-654024183
S1-589290317	S2-428208529
S1-196662760	S2-935060998
S1-127992655	S2-57573153
S1-345397191	S2-862388810
S1-255897213	S2-12308182
S1-117308570	S2-555003821
S1-302183621	S2-348024251
S1-311364670	S2-396226755
S1-9666989	S2-595657676
S1-794136489	S2-945771534
S1-305523857	S2-654607866
S1-612124722	S2-384884591
S1-146463299	S2-264760711
S1-353131618	S2-985809038
S1-320208775	S2-4462532
S1-347248355	S2-182265587
S1-86523829	S2-679649460
S1-398067436	S2-871021605
S1-164057799	S2-796116096
S1-811674061	S2-441384879
S1-346945899	S2-155176611
S1-817072650	S2-303067334
S1-148236818	S2-639937673
S1-113979156	S2-571777752
S1-941662017	S2-631255806
S1-64278540	S2-806222973
S1-427010689	S2-564154190
S1-154791096	S2-621022141
S1-918153480	S2-829410629
S1-978265188	S2-703709786
S1-143382865	S2-39952401
S1-683358823	S2-606195216
S1-848092608	S2-370980468
S1-68374533	S2-683599655
S1-755085698	S2-199057624
S1-789865088	S2-724606514
S1-725627911	S2-209252507
S1-953189414	S2-293023967
S1-965814291	S2-724617632
S1-737676275	S2-532578390
S1-647160922	S2-658742064
S1-445971817	S2-574444696
S1-272937044	S2-718068780
S1-254617151	S2-201643918
S1-341622728	S2-196208945
S1-261321141	S2-161837449
S1-420298538	S2-693700784
S1-333157073	S2-28462814
S1-190809351	S2-114546646
S1-938929377	S2-417631457
S1-341071965	S2-51265360
S1-403647501	S2-587228563
S1-305836346	S2-244730539
S1-584373243	S2-435918732
S1-341671476	S2-274840185
S1-738591311	S2-702087186
S1-779464543	S2-470403876
S1-250628518	S2-187109387
S1-252448053	S2-406533572
S1-695955741	S2-10996417
S1-670039527	S2-873193461
S1-944437512	S2-902025210
S1-375110301	S2-476124588
S1-22229127	S2-114535190
S1-315839231	S2-138862078
S1-697726704	S2-255998875
S1-873497131	S2-915621308
S1-707563619	S2-353603527
S1-684011160	S2-332516967
S1-312593185	S2-386630656
S1-600061538	S2-237816782
S1-655611317	S2-574222669
S1-552113049	S2-756549509
S1-960425020	S2-476962159
S1-300609894	S2-302177789
S1-966030594	S2-624601370
S1-72497660	S2-924421166
S1-266168600	S2-611303255
S1-491926937	S2-700572794
S1-785593109	S2-5152450
S1-449458655	S2-259101080
S1-385103625	S2-459731581
S1-549563902	S2-280056040
S1-130754147	S2-869024219
S1-576499034	S2-250364845
S1-108883437	S2-548447764
S1-618142021	S2-601457437
S1-522474081	S2-122537236
S1-270804015	S2-526766242
S1-773355812	S2-164749452
S1-629482694	S2-361963715
S1-738709662	S2-375923192
S1-124167005	S2-51640639
S1-438989748	S2-633411872
S1-359357907	S2-621236702
S1-507868749	S2-502836651
S1-195162035	S2-839353707
S1-718403216	S2-221640975
S1-467796476	S2-276005983
S1-843958241	S2-559507064
S1-868600182	S2-783680592
S1-411220070	S2-119252194
S1-47859793	S2-893277040
S1-338840619	S2-711927056
S1-709355029	S2-271165638
S1-4975431	S2-721672483
S1-404066317	S2-674127937
S1-731655031	S2-686476196
S1-938334935	S2-515473449
S1-847125684	S2-104978391
S1-602185963	S2-259612078
S1-208759026	S2-557483359
S1-525006433	S2-29229019
S1-842224608	S2-568790248
S1-752219142	S2-516351941
S1-5058047	S2-706198900
S1-174292771	S2-659758069
S1-499992585	S2-194104245
S1-155189005	S2-655587355
S1-982979160	S2-128851151
S1-63507314	S2-702516965
S1-364072434	S2-694435185
S1-177144224	S2-701112664
S1-93174937	S2-254235984
S1-484106750	S2-862025241
S1-177640265	S2-814944990
S1-75274423	S2-602072943
S1-9653344	S2-589248166
S1-672881335	S2-928779091
S1-580020243	S2-124525089
S1-784173559	S2-263761810
S1-748901885	S2-410939909
S1-559054648	S2-438185829
S1-624795686	S2-911833704
S1-701153005	S2-692910335
S1-909787864	S2-537376478
S1-50077824	S2-117415310
S1-835163159	S2-477827710
S1-999402621	S2-866523235
S1-417635715	S2-406010798
S1-26062177	S2-858600733
S1-889198502	S2-94105717
S1-866252927	S2-961608738
S1-31413311	S2-754399721
S1-408773447	S2-446981866
S1-937803810	S2-315554146
S1-80112932	S2-390238124
S1-686320485	S2-324632596
S1-411514676	S2-695738208
S1-322695693	S2-604133863
S1-773111548	S2-887495525
S1-640612589	S2-163293776
S1-561474258	S2-575182001
S1-330787137	S2-470872469
S1-208792683	S2-285859232
S1-5606457	S2-366281222
S1-251893687	S2-764523313
S1-930688089	S2-329187999
S1-460036974	S2-845770521
S1-945185491	S2-285889423
S1-569959415	S2-894626366
S1-18058889	S2-971308343
S1-678532126	S2-758655124
S1-413874267	S2-368563123
S1-453137081	S2-218800078
S1-650416018	S2-97847351
S1-945991570	S2-866289791
S1-776860745	S2-648102608
S1-204342193	S2-93768643
S1-153933155	S2-600350724
S1-581975316	S2-708107144
S1-313990257	S2-141903527
S1-460474941	S2-782627277
S1-554727108	S2-615991229
S1-698794026	S2-825888251
S1-828572540	S2-780644366
S1-202131939	S2-949528575
S1-566992620	S2-681771068
S1-331794155	S2-405844675
S1-57080236	S2-312789674
S1-244524392	S2-156472313
S1-329345600	S2-720363845
S1-317303484	S2-546574971
S1-659687690	S2-893412318
S1-793414593	S2-340507800
S1-920621130	S2-687295060
S1-789408528	S2-970666838
S1-853149764	S2-60113335
S1-205589899	S2-529137921
S1-900206896	S2-938125144
S1-64056073	S2-848614821
S1-50526938	S2-522428782
S1-47871527	S2-654066108
S1-607919991	S2-281989639
S1-351433940	S2-862797468
S1-800021399	S2-825135752
S1-865146928	S2-274691824
S1-554947301	S2-937269827
S1-301779621	S2-662588546
S1-371567334	S2-502973969
S1-170237242	S2-774023443
S1-960126068	S2-433145651
S1-333346812	S2-577209597
S1-847965636	S2-854547403
S1-374491996	S2-12746793
S1-256627282	S2-810095850
S1-761395998	S2-628703655
S1-480443625	S2-127882643
S1-760127819	S2-238682199
S1-68551988	S2-592492588
S1-43006943	S2-628016141
S1-362273472	S2-273149550
S1-749119592	S2-582352914
S1-740119573	S2-381343040
S1-362431711	S2-705078531
S1-232979925	S2-683176704
S1-475233560	S2-793113337
S1-603661150	S2-616237903
S1-684667377	S2-315993858
S1-465609618	S2-343382718
S1-700893114	S2-596353451
S1-703141667	S2-613064460
S1-349565924	S2-10910826
S1-335343356	S2-73738065
S1-374340535	S2-713170821
S1-507306902	S2-401720227
S1-784173559	S2-607214123
S1-346030881	S2-273417836
S1-636314670	S2-567818641
S1-256031204	S2-14166234
S1-856896940	S2-364231883
S1-578097749	S2-392757721
S1-187200941	S2-23624966
S1-273327263	S2-204382400
S1-736337677	S2-67257347
S1-222178533	S2-590519219
S1-583761804	S2-153806312
S1-741476537	S2-284006984
S1-459142175	S2-233584206
S1-581423452	S2-595416313
S1-626825071	S2-782713474
S1-821929574	S2-8902565
S1-894426730	S2-130287712
S1-291265507	S2-100273215
S1-399483295	S2-190068132
S1-988206075	S2-552440453
S1-915082704	S2-178812543
S1-583278531	S2-295507469
S1-314665092	S2-692340616
S1-930582471	S2-139192822
S1-656907711	S2-995078940
S1-75380150	S2-287591442
S1-621783194	S2-560934582
S1-185605698	S2-782318474
S1-469018759	S2-103008725
S1-427455425	S2-984580686
S1-836840649	S2-602218122
S1-686045986	S2-690164373
S1-911525913	S2-333157418
S1-254721587	S2-377426974
S1-849746609	S2-625458164
S1-423016805	S2-214747279
S1-203346941	S2-891149571
S1-910958348	S2-214337888
S1-767187386	S2-689562676
S1-851500890	S2-845751866
S1-900173331	S2-280059154
S1-135248065	S2-569170628
S1-496982183	S2-376094072
S1-2982227	S2-317736419
S1-654754011	S2-876345932
S1-116998614	S2-891289068
S1-832451852	S2-395490945
S1-794959580	S2-112014363
S1-926142483	S2-178921423
S1-838632662	S2-135807527
S1-248139293	S2-642831196
S1-500111394	S2-314560428
S1-816660062	S2-115319551
S1-770307975	S2-811501248
S1-731704064	S2-559014217
S1-154246388	S2-270041387
S1-829699833	S2-519432863
S1-588089791	S2-1197566
S1-540944372	S2-564160193
S1-470237879	S2-366841396
S1-225716018	S2-508968531
S1-519116316	S2-552208723
S1-611064033	S2-821571602
S1-251953856	S2-596798538
S1-657293281	S2-115258946
S1-350483664	S2-302082866
S1-935067720	S2-396567793
S1-809445286	S2-166018936
S1-670353392	S2-882136729
S1-742658847	S2-353175769
S1-873416607	S2-7946769
S1-698016633	S2-137714064
S1-469817956	S2-746262377
S1-537887413	S2-366366070
S1-991164549	S2-143326845
S1-466861062	S2-48669963
S1-412155407	S2-313667141
S1-121688300	S2-256288646
S1-993101240	S2-806587991
S1-842871771	S2-799224537
S1-638019149	S2-273730055
S1-186581446	S2-555963610
S1-453601708	S2-850173503
S1-792200360	S2-572008602
S1-557641781	S2-403323839
S1-302357653	S2-907781806
S1-48907507	S2-393199941
S1-113812189	S2-793450600
S1-816776723	S2-149839368
S1-393034911	S2-792840524
S1-939873447	S2-491662181
S1-594787721	S2-943271554
S1-896834964	S2-326306963
S1-232616864	S2-762146080
S1-528023805	S2-785823002
S1-332315368	S2-318753318
S1-806151004	S2-28648907
S1-345963518	S2-713695653
S1-109316842	S2-998732039
S1-766747193	S2-805378081
S1-878862470	S2-560523930
S1-235425628	S2-430536433
S1-2321953	S2-680280546
S1-351536112	S2-9933850
S1-464048092	S2-645096108
S1-852779539	S2-451409677
S1-812523519	S2-93458874
S1-349365344	S2-7853144
S1-279163666	S2-448701386
S1-390118844	S2-731330993
S1-640702963	S2-753909759
S1-512941178	S2-567345956
S1-513927796	S2-387593274
S1-596111693	S2-260742329
S1-757893373	S2-529296762
S1-417502439	S2-315897540
S1-747827987	S2-817083774
S1-227963898	S2-126424043
S1-985115151	S2-203933828
S1-246627522	S2-204676412
S1-820715960	S2-182100266
S1-130916544	S2-975942956
S1-574394435	S2-746462868
S1-70775239	S2-421408200
S1-731154682	S2-294313535
S1-442329853	S2-642839489
S1-640010596	S2-228126925
S1-396028091	S2-577531710
S1-500849948	S2-794754590
S1-135194075	S2-331897303
S1-304099543	S2-510277165
S1-385980738	S2-418343982
S1-569921521	S2-579292551
S1-347381413	S2-348006176
S1-965117995	S2-472514528
S1-804765261	S2-277651320
S1-43602410	S2-710858067
S1-384109142	S2-37873344
S1-985115950	S2-487973596
S1-628220888	S2-162040889
S1-715958330	S2-199718137
S1-556031166	S2-594603387
S1-550334384	S2-256742639
S1-497942412	S2-138056857
S1-252477932	S2-392744028
S1-408852737	S2-146895153
S1-523844632	S2-519173453
S1-94408651	S2-989495199
S1-488991647	S2-430715653
S1-934999970	S2-54336980
S1-5962769	S2-346940016
S1-778532761	S2-934046353
S1-155503279	S2-822549324
S1-559427492	S2-115085628
S1-505335047	S2-901229773
S1-974239686	S2-494505885
S1-841889722	S2-168012390
S1-749730338	S2-519536034
S1-207381386	S2-694947384
S1-824215741	S2-759095772
S1-257474633	S2-607641395
S1-151067224	S2-723513670
S1-480877755	S2-63917065
S1-35831332	S2-620040847
S1-80719090	S2-237784428
S1-719623274	S2-589821830
S1-371731432	S2-900192998
S1-499053428	S2-180128761
S1-675060175	S2-254885772
S1-892339542	S2-436038232
S1-392914369	S2-685205381
S1-468068135	S2-246934814
S1-470563987	S2-188903868
S1-883583211	S2-500087348
S1-169905778	S2-247638533
S1-545556176	S2-962581580
S1-658666919	S2-940606641
S1-451464841	S2-813199294
S1-409529966	S2-640295362
S1-977254389	S2-830840470
S1-701016057	S2-472075662
S1-568588454	S2-497722897
S1-443375475	S2-160316133
S1-234310683	S2-81176331
S1-685960471	S2-164472614
S1-304277436	S2-941059764
S1-302737000	S2-559290295
S1-523096310	S2-765237598
S1-55616210	S2-122639684
S1-997714586	S2-636129303
S1-528579785	S2-578659255
S1-496821850	S2-579653118
S1-73111020	S2-671184054
S1-665879677	S2-992491948
S1-857513394	S2-757649450
S1-214156993	S2-699248610
S1-885082732	S2-210076268
S1-363525474	S2-937007981
S1-305992280	S2-65368787
S1-906172871	S2-917721156
S1-896547997	S2-257715068
S1-762211720	S2-301037704
S1-28561075	S2-354644174
S1-140848720	S2-33891581
S1-727152947	S2-641093453
S1-788800768	S2-763941237
S1-309576032	S2-163109153
S1-579949465	S2-38543523
S1-969918839	S2-97075325
S1-19354588	S2-796888343
S1-311971211	S2-617974000
S1-947859928	S2-635808759
S1-706219445	S2-226278464
S1-944333290	S2-643791218
S1-184819416	S2-85514775
S1-758508995	S2-419112320
S1-344611548	S2-932422113
S1-32907282	S2-438624754
S1-506351855	S2-717562679
S1-107396579	S2-518299960
S1-981904329	S2-893104213
S1-542334426	S2-674157762
S1-237470393	S2-556783940
S1-396473563	S2-771144910
S1-581990405	S2-522127271
S1-155222149	S2-190429674
S1-646473126	S2-636072790
S1-540353759	S2-819350694
S1-701179951	S2-884642224
S1-731905584	S2-314922655
S1-730208999	S2-316944629
S1-939128470	S2-96457263
S1-505286732	S2-712830461
S1-117941560	S2-952970794
S1-28962289	S2-779772792
S1-764766819	S2-818271622
S1-315844201	S2-819129578
S1-691900861	S2-860321386
S1-953478291	S2-355231063
S1-181962445	S2-207306777
S1-885826069	S2-769455184
S1-409262044	S2-715713346
S1-618374869	S2-893457248
S1-465516440	S2-211838659
S1-905225580	S2-584964364
S1-450804849	S2-186882874
S1-347736234	S2-521767824
S1-99447745	S2-711329658
S1-962731487	S2-44764607
S1-954320537	S2-364691599
S1-403470194	S2-621360505
S1-468090910	S2-456418319
S1-784984860	S2-701303209
S1-653823420	S2-132645097
S1-43694914	S2-967236222
S1-381985362	S2-896603512
S1-493509776	S2-687410931
S1-676664146	S2-108686395
S1-47873209	S2-139010974
S1-438986050	S2-31067109
S1-427124606	S2-377558221
S1-30787628	S2-479083284
S1-276237995	S2-415681233
S1-724046065	S2-844196108
S1-850710190	S2-519123701
S1-57249951	S2-501359056
S1-112861015	S2-817159825
S1-50909807	S2-611825498
S1-237938023	S2-938453578
S1-147126321	S2-56718383
S1-135366664	S2-231773691
S1-768974937	S2-992318040
S1-314081670	S2-151761563
S1-491922781	S2-353581791
S1-630786028	S2-17110762
S1-81236112	S2-991096722
S1-398753192	S2-974639499
S1-211747203	S2-550864525
S1-861776280	S2-130160710
S1-371160791	S2-100138172
S1-786505852	S2-210938295
S1-239792896	S2-617336447
S1-948778329	S2-774810627
S1-997182984	S2-766115065
S1-10872442	S2-281058036
S1-331148992	S2-308144862
S1-535683323	S2-550868870
S1-154969418	S2-52521712
S1-830808845	S2-74900507
S1-104563377	S2-68895769
S1-404045324	S2-991076754
S1-677612813	S2-142098339
S1-31842768	S2-995399735
S1-44525771	S2-601985428
S1-633733589	S2-250726987
S1-891281569	S2-794710070
S1-687707833	S2-204511690
S1-749827096	S2-302982605
S1-340775264	S2-652935997
S1-466775092	S2-703761577
S1-120968441	S2-817705538
S1-967246081	S2-606529737
S1-614854913	S2-950230073
S1-941511046	S2-772014881
S1-738015245	S2-310317698
S1-363188150	S2-242637236
S1-554239150	S2-715223707
S1-262353263	S2-746233843
S1-458949353	S2-729721568
S1-858704933	S2-221903993
S1-5085249	S2-124626862
S1-772552084	S2-223474685
S1-54709362	S2-742507369
S1-678764458	S2-229119744
S1-310687637	S2-756659827
S1-54596761	S2-173822995
S1-344154798	S2-829978986
S1-283999501	S2-239036752
S1-411511882	S2-135174187
S1-991311886	S2-334445837
S1-148716490	S2-358766112
S1-601075754	S2-85997588
S1-490661309	S2-814371343
S1-588317635	S2-400467467
S1-303325797	S2-881947882
S1-507821673	S2-911020820
S1-155322025	S2-253538398
S1-815291971	S2-854422775
S1-182655746	S2-740424965
S1-620354399	S2-655422022
S1-18061160	S2-810060778
S1-179526642	S2-677900640
S1-639096068	S2-435057007
S1-708276287	S2-799953023
S1-92081852	S2-673770547
S1-175447628	S2-777325928
S1-879480416	S2-982600515
S1-896219975	S2-69593283
S1-803216305	S2-651984987
S1-428931349	S2-140942318
S1-279783570	S2-926615453
S1-935747514	S2-686362817
S1-431050512	S2-513710915
S1-566674597	S2-722663870
S1-150664045	S2-200737268
S1-325089081	S2-752424508
S1-634398814	S2-834123993
S1-979558243	S2-849400293
S1-737877852	S2-966231914
S1-595315160	S2-336556182
S1-459688820	S2-70082348
S1-683188573	S2-502262728
S1-128727273	S2-952883322
S1-113304833	S2-592492034
S1-559712872	S2-900330970
S1-492297572	S2-232498848
S1-353373396	S2-184353292
S1-301846780	S2-216907030
S1-39206524	S2-915422483
S1-686933593	S2-215162760
S1-8228041	S2-871013550
S1-1365775	S2-967554729
S1-52552695	S2-39147324
S1-160131243	S2-954541439
S1-173112435	S2-147246113
S1-714679986	S2-621558122
S1-418847929	S2-890177740
S1-700387268	S2-154296579
S1-149187732	S2-169081115
S1-489469378	S2-349214144
S1-868338922	S2-540849817
S1-327432308	S2-164805683
S1-496286176	S2-208073776
S1-968808684	S2-578700215
S1-540651643	S2-506842115
S1-571524113	S2-664355824
S1-978193806	S2-394300201
S1-911751938	S2-579287995
S1-927034391	S2-130684493
S1-481435972	S2-927906856
S1-360032172	S2-493366584
S1-939896397	S2-52766372
S1-894707023	S2-277974152
S1-286524360	S2-491334683
S1-338270038	S2-20955409
S1-92802452	S2-42269304
S1-450979571	S2-833451882
S1-796972836	S2-379629943
S1-744801323	S2-361892908
S1-260489896	S2-750111888
S1-872071852	S2-176192534
S1-764693153	S2-661953972
S1-695977028	S2-145635477
S1-340717558	S2-399843118
S1-609687144	S2-305945933
S1-576819320	S2-133381577
S1-227546275	S2-150169379
S1-439355736	S2-456388405
S1-538341575	S2-39867593
S1-295014117	S2-274397483
S1-961650300	S2-384677569
S1-821202898	S2-553780996
S1-159643717	S2-454568329
S1-194062807	S2-894161965
S1-95649899	S2-754256795
S1-415868294	S2-110220993
S1-17256079	S2-256839550
S1-2514175	S2-983361923
S1-167446899	S2-757423663
S1-253090097	S2-561248160
S1-461582098	S2-27824325
S1-844824166	S2-713046983
S1-972719689	S2-888445933
S1-3188510	S2-903702166
S1-658292634	S2-287120517
S1-654648792	S2-634882554
S1-304304077	S2-85850814
S1-408964875	S2-101316415
S1-253775277	S2-559218642
S1-179141057	S2-641952546
S1-888006689	S2-344913279
S1-669169761	S2-691808151
S1-232279648	S2-509687832
S1-969093313	S2-487887463
S1-351617739	S2-521933745
S1-88044513	S2-985241338
S1-969941040	S2-901893818
S1-912861063	S2-756654397
S1-662895585	S2-528744329
S1-911279969	S2-9535459
S1-123879556	S2-878595677
S1-364922097	S2-486209919
S1-169211211	S2-732743184
S1-202618110	S2-460617602
S1-873553431	S2-440212586
S1-976558891	S2-981329854
S1-475651314	S2-10996946
S1-382987905	S2-461955694
S1-398699215	S2-434512566
S1-2331245	S2-477163960
S1-263151922	S2-717281060
S1-59221240	S2-296586862
S1-460766811	S2-240732320
S1-359930976	S2-144718055
S1-816776723	S2-403781041
S1-631579158	S2-15519055
S1-932329270	S2-858545006
S1-780459956	S2-554513268
S1-578405106	S2-367822823
S1-365501820	S2-340712025
S1-787324480	S2-357968548
S1-51446641	S2-514323645
S1-513838109	S2-609546788
S1-3045425	S2-4779253
S1-614844595	S2-99192942
S1-473491749	S2-353068674
S1-19716131	S2-836428399
S1-403520521	S2-40462739
S1-554786631	S2-903349425
S1-671390904	S2-520117517
S1-280618491	S2-902925192
S1-320707537	S2-80411126
S1-988986299	S2-289582463
S1-305890315	S2-730080024
S1-279312134	S2-704450643
S1-30251721	S2-710333509
S1-301246884	S2-240741945
S1-658075945	S2-406582364
S1-934040396	S2-836721950
S1-926734418	S2-776545668
S1-339243647	S2-455367780
S1-320624315	S2-271062347
S1-822562095	S2-669440724
S1-374120520	S2-844315289
S1-216824329	S2-516971039
S1-982073498	S2-43537794
S1-311445959	S2-960920538
S1-143509721	S2-965335558
S1-763817170	S2-135550134
S1-268442357	S2-385875188
S1-811296624	S2-601825164
S1-921872870	S2-880218518
S1-417647082	S2-953820674
S1-285634965	S2-431209232
S1-662933298	S2-139378810
S1-807953110	S2-551777538
S1-959132958	S2-255609338
S1-455296979	S2-757924169
S1-897414859	S2-460618968
S1-165514649	S2-736507675
S1-811493864	S2-294497119
S1-340882639	S2-382048162
S1-148856770	S2-405499190
S1-747698164	S2-670255021
S1-176747305	S2-207529262
S1-715738807	S2-221423440
S1-683123613	S2-299970979
S1-128492451	S2-532627618
S1-486914502	S2-267064383
S1-276356758	S2-743784290
S1-68307208	S2-980356358
S1-622215976	S2-742701605
S1-88545522	S2-33920206
S1-70554346	S2-158780462
S1-381477151	S2-600430376
S1-473683187	S2-333614933
S1-819444311	S2-685938484
S1-268919048	S2-890991199
S1-125739254	S2-317145905
S1-121226914	S2-446605511
S1-42507694	S2-483903639
S1-974104654	S2-997386347
S1-642014758	S2-909826656
S1-303510277	S2-79615558
S1-759122989	S2-360895981
S1-64449037	S2-867639353
S1-713828415	S2-512118958
S1-232139290	S2-68700478
S1-322733492	S2-119616683
S1-367007848	S2-74409173
S1-832260665	S2-202788570
S1-259987689	S2-112678246
S1-571699281	S2-501117414
S1-666355832	S2-224110518
S1-969734352	S2-196242602
S1-413281154	S2-463527045
S1-597665384	S2-557690576
S1-546826937	S2-879839721
S1-143328127	S2-862623477
S1-341389280	S2-373947749
S1-11206332	S2-548683510
S1-39206471	S2-518024269
S1-399254052	S2-249884984
S1-223767990	S2-526451473
S1-407685173	S2-652663319
S1-325113029	S2-66283406
S1-899650778	S2-255947292
S1-217250798	S2-463655155
S1-7020531	S2-543085114
S1-853900317	S2-201833746
S1-492859612	S2-218719436
S1-476159901	S2-690152387
S1-845200491	S2-763267354
S1-604894478	S2-981693828
S1-611371846	S2-198820364
S1-530988960	S2-575724872
S1-843788258	S2-833989983
S1-254862438	S2-258987530
S1-180926266	S2-292572029
S1-747241157	S2-128856297
S1-165168023	S2-184749935
S1-770521367	S2-329352252
S1-248710860	S2-195970989
S1-847181315	S2-496692693
S1-584066411	S2-897169764
S1-626961545	S2-3841914
S1-959594342	S2-830710868
S1-736429914	S2-837287636
S1-381952641	S2-105549614
S1-109086102	S2-53292833
S1-594721277	S2-861463971
S1-207757250	S2-636031613
S1-490372842	S2-774512583
S1-528261236	S2-886940953
S1-430030755	S2-687801755
S1-390041247	S2-187468155
S1-982073498	S2-22051753
S1-218125207	S2-123934922
S1-451003843	S2-829510752
S1-642050816	S2-151881180
S1-997062509	S2-602326523
S1-891372250	S2-358037062
S1-683123613	S2-828326527
S1-656567774	S2-86568462
S1-260247784	S2-544055251
S1-307690202	S2-694751941
S1-212943405	S2-446016208
S1-530669832	S2-941395660
S1-954955642	S2-992963458
S1-615445353	S2-266683275
S1-928386901	S2-136026231
S1-407180138	S2-260339055
S1-689082561	S2-858259919
S1-489635940	S2-55026957
S1-460190297	S2-102383975
S1-373568591	S2-35517597
S1-569853403	S2-735191370
S1-313704586	S2-683793687
S1-324832482	S2-574913991
S1-254721587	S2-308727397
S1-669177332	S2-417659972
S1-753424982	S2-520694758
S1-272746708	S2-873203889
S1-66110765	S2-34240373
S1-930163930	S2-48996600
S1-750998293	S2-326209323
S1-154959891	S2-442645696
S1-432370803	S2-690370694
S1-335715725	S2-373474778
S1-712844180	S2-271404467
S1-418090082	S2-108246460
S1-92508275	S2-626047546
S1-138048182	S2-968809489
S1-471084521	S2-691436333
S1-285925000	S2-359482610
S1-434472830	S2-180821667
S1-78205714	S2-443879759
S1-982932071	S2-353532279
S1-257439060	S2-780832654
S1-207150492	S2-125628782
S1-512392713	S2-997194761
S1-155288173	S2-543401304
S1-101960499	S2-842932760
S1-533857708	S2-44242460
S1-696320061	S2-347831546
S1-535726381	S2-182533111
S1-376811515	S2-480859518
S1-72715133	S2-842804710
S1-40536008	S2-374233357
S1-484098802	S2-520974588
S1-569566943	S2-884927014
S1-237692405	S2-129813087
S1-279747618	S2-839634952
S1-236963798	S2-111203101
S1-349514403	S2-542067932
S1-656268246	S2-209466543
S1-637800973	S2-243490393
S1-677315725	S2-271330565
S1-774330610	S2-470915256
S1-771276312	S2-367428006
S1-12017166	S2-237831460
S1-817881338	S2-882832743
S1-406607305	S2-903045576
S1-603909729	S2-289119667
S1-738171125	S2-190807889
S1-91433121	S2-220104395
S1-500543027	S2-713347455
S1-259912372	S2-997921192
S1-894898360	S2-779812453
S1-479767619	S2-614904522
S1-182915788	S2-253964942
S1-144336146	S2-434888706
S1-626455936	S2-27254269
S1-808703352	S2-749139116
S1-699614981	S2-812350312
S1-489096247	S2-813734025
S1-569593800	S2-183016267
S1-151245514	S2-984953203
S1-2982861	S2-37959834
S1-709223453	S2-176142719
S1-357990825	S2-623129941
S1-321727519	S2-397434243
S1-433615395	S2-175936649
S1-42300343	S2-912873465
S1-16241950	S2-262924379
S1-432432354	S2-170934326
S1-768130722	S2-129343223
S1-470617748	S2-466343792
S1-905061833	S2-856386738
S1-540551536	S2-230512440
S1-889743976	S2-97894529
S1-135479641	S2-356334233
S1-647761906	S2-899386933
S1-162624994	S2-364759882
S1-323997980	S2-144646374
S1-782306935	S2-4633021
S1-581546073	S2-201653877
S1-338233439	S2-253045816
S1-714716160	S2-635900956
S1-362478735	S2-139413484
S1-381387009	S2-99890429
S1-607048303	S2-192062284
S1-594512056	S2-886713935
S1-425021727	S2-272935061
S1-311458822	S2-287747731
S1-362609187	S2-700348551
S1-373107205	S2-511546664
S1-994701517	S2-897448511
S1-239798402	S2-64034159
S1-576455307	S2-228454756
S1-402430366	S2-104340714
S1-648604175	S2-661210276
S1-647245509	S2-402424709
S1-204183450	S2-877044910
S1-790289159	S2-946882920
S1-63613063	S2-693625553
S1-376305895	S2-688105705
S1-436022900	S2-420250275
S1-527074216	S2-972828174
S1-872102350	S2-129501101
S1-521224221	S2-616699534
S1-218883540	S2-113148282
S1-81363087	S2-592395722
S1-697170572	S2-569366054
S1-128556078	S2-755985033
S1-950968557	S2-131685010
S1-696617772	S2-493212954
S1-623197801	S2-325240340
S1-111784840	S2-972585176
S1-798564753	S2-101810649
S1-251304003	S2-900744138
S1-392901767	S2-130450154
S1-11374424	S2-760142839
S1-390041273	S2-685401968
S1-259982367	S2-722829655
S1-97461100	S2-524575381
S1-696735376	S2-558863871
S1-926827631	S2-872522693
S1-690194698	S2-551142657
S1-206880330	S2-639989883
S1-247376059	S2-152487222
S1-604329484	S2-539397212
S1-617568855	S2-727451209
S1-930151191	S2-471311572
S1-973754004	S2-628614911
S1-374273965	S2-160911741
S1-53278647	S2-536044572
S1-838452203	S2-883029693
S1-367977962	S2-920447470
S1-644319701	S2-574999902
S1-677621466	S2-593594949
S1-339846559	S2-142901666
S1-211109831	S2-575886494
S1-891234965	S2-961052636
S1-404916380	S2-307448180
S1-723486583	S2-377149772
S1-966059744	S2-296699421
S1-182037065	S2-588818729
S1-902313379	S2-265571531
S1-217867503	S2-840896461
S1-193244150	S2-655282580
S1-632392809	S2-651076627
S1-264743517	S2-991045929
S1-550523799	S2-205680161
S1-269693445	S2-410830250
S1-788554617	S2-935317366
S1-944763088	S2-709178723
S1-427712705	S2-829076791
S1-843628030	S2-20238055
S1-751159579	S2-83808176
S1-801405665	S2-89813292
S1-362974158	S2-828323594
S1-601349377	S2-921547267
S1-292323943	S2-891657711
S1-221780566	S2-358580319
S1-136292355	S2-498510187
S1-184292264	S2-35728376
S1-362867657	S2-660856250
S1-321923900	S2-874621647
S1-243583993	S2-873161348
S1-649534856	S2-579150707
S1-859773828	S2-212585697
S1-203925563	S2-719558106
S1-573464572	S2-781987959
S1-776524532	S2-695197898
S1-163793136	S2-200173562
S1-976749233	S2-503469917
S1-739640151	S2-53237646
S1-251905721	S2-619183178
S1-679082633	S2-983962866
S1-784558479	S2-651049319
S1-193606577	S2-726755469
S1-980097694	S2-203120077
S1-910453091	S2-460258036
S1-205258688	S2-111930722
S1-318259456	S2-468554402
S1-547601192	S2-719418134
S1-882689971	S2-508807565
S1-481912804	S2-149977178
S1-401261291	S2-653466285
S1-442975533	S2-946140623
S1-342831564	S2-578901619
S1-747361277	S2-252762934
S1-988467806	S2-338117428
S1-588635966	S2-100289179
S1-193348150	S2-215658306
S1-110665814	S2-993473021
S1-155629228	S2-64258742
S1-753613672	S2-448861280
S1-113661715	S2-943771466
S1-57664757	S2-74205820
S1-616528603	S2-284934472
S1-171792998	S2-886513390
S1-553345838	S2-351812050
S1-956797870	S2-479273825
S1-592318279	S2-371342819
S1-588907194	S2-167536067
S1-2509588	S2-688435272
S1-482587583	S2-214261400
S1-812916484	S2-336493781
S1-316737554	S2-98755722
S1-842899589	S2-702841873
S1-839577767	S2-685310471
S1-316539332	S2-447174730
S1-688445127	S2-603442285
S1-233647310	S2-372915158
S1-363800635	S2-592946395
S1-119077399	S2-530365928
S1-886324381	S2-385979191
S1-280296471	S2-971859927
S1-486969569	S2-328964365
S1-130734307	S2-284504445
S1-462297371	S2-902915745
S1-476199249	S2-888068457
S1-668230260	S2-20768448
S1-918122009	S2-440934528
S1-515966770	S2-798527924
S1-104397646	S2-699254713
S1-810674309	S2-670194477
S1-857899715	S2-1142505
S1-932763934	S2-444319208
S1-466236852	S2-601715319
S1-100813534	S2-116401910
S1-617194738	S2-214232324
S1-460375603	S2-333094907
S1-425099383	S2-373411982
S1-824373227	S2-848669792
S1-645471905	S2-723232172
S1-792463470	S2-126487316
S1-721645637	S2-471105138
S1-322218458	S2-442259471
S1-553971208	S2-725768934
S1-500900000	S2-384319938
S1-944070970	S2-632463817
S1-211096956	S2-993500697
S1-806605293	S2-87277703
S1-774740958	S2-756875945
S1-645518684	S2-536317439
S1-512187162	S2-37562130
S1-787536977	S2-698471831
S1-264276498	S2-71287884
S1-37181608	S2-633236529
S1-86261664	S2-890703691
S1-284158210	S2-267223767
S1-433476453	S2-750351471
S1-696650830	S2-312068844
S1-502932855	S2-341640441
S1-392881533	S2-24387914
S1-707667583	S2-104468806
S1-958124688	S2-84084117
S1-269346518	S2-289035551
S1-992049885	S2-874380744
S1-76337548	S2-869567170
S1-524422573	S2-773146975
S1-329120456	S2-206815238
S1-960743078	S2-968487263
S1-97395393	S2-639986021
S1-195111671	S2-731285921
S1-611354269	S2-481269237
S1-67775324	S2-307019504
S1-946175922	S2-176901940
S1-617358080	S2-1463320
S1-860072968	S2-183877446
S1-182219948	S2-131133037
S1-608292108	S2-281451147
S1-351116544	S2-385951207
S1-115616021	S2-446907467
S1-817240979	S2-525422848
S1-546097895	S2-273076602
S1-1727907	S2-663675272
S1-427179120	S2-212654433
S1-276173816	S2-236730022
S1-111522804	S2-311474502
S1-338530942	S2-649687277
S1-808966045	S2-414157917
S1-953453438	S2-383075478
S1-367856730	S2-346794510
S1-932736238	S2-940198151
S1-472046942	S2-750793764
S1-980901412	S2-692230845
S1-548044130	S2-220506478
S1-316102921	S2-425576076
S1-476773080	S2-63497884
S1-295685192	S2-936828118
S1-70950884	S2-637032700
S1-841609027	S2-43326088
S1-554242040	S2-345703879
S1-704925683	S2-349072053
S1-279858461	S2-114176547
S1-293322666	S2-514909921
S1-152738854	S2-732002749
S1-467934335	S2-977389348
S1-896288816	S2-191442869
S1-17358327	S2-811754344
S1-875283595	S2-793643139
S1-652164755	S2-713191919
S1-330647031	S2-597875516
S1-968005178	S2-437622203
S1-39762296	S2-152264143
S1-547134755	S2-454990661
S1-927772758	S2-99192716
S1-431516919	S2-198428975
S1-691987330	S2-491140409
S1-622047228	S2-976337265
S1-443759633	S2-364959007
S1-301536862	S2-209516699
S1-936154457	S2-733492696
S1-439109227	S2-981122273
S1-54410858	S2-102453487
S1-788653231	S2-345281525
S1-222233543	S2-778242676
S1-225044878	S2-647567700
S1-794856279	S2-341804010
S1-854918452	S2-488842573
S1-417574132	S2-924992348
S1-231734364	S2-989137450
S1-551628831	S2-937711602
S1-926208491	S2-777732619
S1-40790460	S2-129950717
S1-691847516	S2-704813519
S1-997568868	S2-963880157
S1-718098163	S2-558943400
S1-262401097	S2-98004406
S1-265864110	S2-572432980
S1-972435825	S2-755081914
S1-188150912	S2-251320733
S1-69809154	S2-828973466
S1-301197173	S2-985446883
S1-750310162	S2-111875439
S1-123052101	S2-335195581
S1-399261507	S2-331457143
S1-338205351	S2-812712962
S1-659559132	S2-740932227
S1-420926867	S2-372051403
S1-93144109	S2-779702042
S1-839263119	S2-360742493
S1-704004920	S2-158827368
S1-374010266	S2-884723050
S1-598174041	S2-514322658
S1-39626883	S2-537920789
S1-430957844	S2-99552129
S1-726257671	S2-276567830
S1-164594118	S2-622889157
S1-431735870	S2-507684606
S1-561732956	S2-106629526
S1-385194155	S2-813138040
S1-426721700	S2-364315677
S1-381549323	S2-635916378
S1-699961845	S2-523065382
S1-599310463	S2-924708653
S1-137052159	S2-509037432
S1-316855548	S2-157738202
S1-548764815	S2-49183464
S1-325670331	S2-116684762
S1-290919477	S2-222045315
S1-595971878	S2-850903364
S1-248434245	S2-186911348
S1-737136126	S2-649402754
S1-326807463	S2-185615131
S1-26897225	S2-927450768
S1-961023040	S2-419551753
S1-407342059	S2-786764670
S1-50142763	S2-959466871
S1-612852322	S2-674614771
S1-925283597	S2-67913670
S1-700816143	S2-267017557
S1-415091163	S2-193415204
S1-425891288	S2-433687661
S1-241823537	S2-379328520
S1-150074643	S2-552073964
S1-599835233	S2-791015491
S1-771511727	S2-441697522
S1-693811728	S2-797457238
S1-869436801	S2-600807447
S1-866882107	S2-266543533
S1-948257818	S2-543881047
S1-351634499	S2-146474529
S1-804955511	S2-948899731
S1-304992439	S2-171804949
S1-969578999	S2-237343264
S1-413016854	S2-400183993
S1-397515407	S2-524968696
S1-13605328	S2-657523164
S1-530456209	S2-145631597
S1-351015802	S2-993870058
S1-95597100	S2-830354475
S1-493850096	S2-157137053
S1-541230262	S2-9456600
S1-653799379	S2-950290140
S1-158566949	S2-618959171
S1-939865499	S2-794987338
S1-260874938	S2-157622662
S1-634632306	S2-47554271
S1-839071870	S2-100152724
S1-470387886	S2-543690908
S1-464853046	S2-962312452
S1-925611517	S2-817317904
S1-755607471	S2-605770329
S1-297064313	S2-158392548
S1-751160032	S2-770407247
S1-456135571	S2-549071432
S1-605442385	S2-63185936
S1-991764083	S2-872679464
S1-845440112	S2-378912199
S1-654754011	S2-177773906
S1-787227687	S2-208264858
S1-440022370	S2-685568069
S1-141570699	S2-338337009
S1-410016210	S2-194250094
S1-648425760	S2-258756817
S1-277046563	S2-371215218
S1-417995713	S2-304384146
S1-726364984	S2-50328958
S1-392851320	S2-579479208
S1-109774706	S2-122946214
S1-234472268	S2-640083993
S1-357129103	S2-575285144
S1-464274731	S2-539535597
S1-969924733	S2-845390910
S1-92750521	S2-764705573
S1-383438324	S2-881303013
S1-78728979	S2-80331096
S1-688791000	S2-672024489
S1-299080925	S2-777557336
S1-504455935	S2-866560343
S1-675578490	S2-668946618
S1-75326973	S2-56203172
S1-161290426	S2-110816347
S1-752756966	S2-511484851
S1-251946436	S2-238153389
S1-173729765	S2-88271549
S1-296020062	S2-730650230
S1-879942118	S2-406848406
S1-976382673	S2-849614676
S1-98027599	S2-186353282
S1-145886637	S2-850160353
S1-533758791	S2-589240715
S1-401729534	S2-27308620
S1-561110176	S2-486140938
S1-418474677	S2-495573268
S1-288627679	S2-398377373
S1-654463574	S2-142718588
S1-560124802	S2-397567742
S1-368720960	S2-211377651
S1-263556124	S2-928025302
S1-302844232	S2-612538795
S1-103743570	S2-588774855
S1-954872201	S2-147431990
S1-104375345	S2-836269158
S1-121719167	S2-395553610
S1-77593180	S2-141712200
S1-839479134	S2-55198570
S1-657860870	S2-416901435
S1-962646504	S2-221325895
S1-121021368	S2-193726938
S1-393766129	S2-889568751
S1-187754854	S2-705445879
S1-412335139	S2-329715311
S1-294467976	S2-458859428
S1-857828626	S2-118781212
S1-70850945	S2-896908494
S1-341674606	S2-206050162
S1-364910083	S2-13797890
S1-306084697	S2-87722026
S1-436099286	S2-764865525
S1-345182058	S2-799083125
S1-266407460	S2-919578879
S1-276569364	S2-453693150
S1-915282909	S2-146410863
S1-680242008	S2-440864772
S1-109903609	S2-651824729
S1-308832811	S2-430434644
S1-829053955	S2-436001034
S1-217061286	S2-658825633
S1-638165498	S2-372258952
S1-105101633	S2-406804537
S1-205295887	S2-836369299
S1-889728382	S2-849954874
S1-458084094	S2-221469765
S1-234573122	S2-289178989
S1-7464081	S2-580540240
S1-280759433	S2-86608349
S1-384881498	S2-687841359
S1-245905256	S2-823976825
S1-343096352	S2-156032916
S1-216145863	S2-852744267
S1-869367976	S2-910922166
S1-369532350	S2-89131942
S1-393622900	S2-58144352
S1-313346532	S2-967351170
S1-292631454	S2-20124116
S1-155424274	S2-465752752
S1-262529257	S2-913834363
S1-544834932	S2-598673099
S1-699256542	S2-179448758
S1-325277129	S2-326713735
S1-418806633	S2-746207206
S1-666528705	S2-636837662
S1-449987592	S2-809034181
S1-2712378	S2-457920704
S1-903169726	S2-386632472
S1-100346092	S2-734917263
S1-990257643	S2-746198110
S1-427952243	S2-271592895
S1-536554882	S2-249760152
S1-998960756	S2-251668771
S1-149164037	S2-15867004
S1-756971167	S2-677689651
S1-252756373	S2-345989065
S1-156448530	S2-97136606
S1-652059760	S2-177207821
S1-662422924	S2-730187722
S1-390848379	S2-227514991
S1-487225681	S2-173175653
S1-894199681	S2-425942009
S1-70757431	S2-356170438
S1-127349319	S2-946374568
S1-258178816	S2-177912958
S1-400387503	S2-61185115
S1-494974338	S2-681860019
S1-571491365	S2-328101642
S1-672289243	S2-938356045
S1-963414368	S2-959921883
S1-357160879	S2-107925396
S1-451441463	S2-544199533
S1-968524690	S2-275735911
S1-816815535	S2-257890578
S1-668475054	S2-553851128
S1-243196117	S2-506952166
S1-976277313	S2-507485885
S1-40254263	S2-209803132
S1-540581748	S2-137624766
S1-459334530	S2-439147553
S1-213368935	S2-305008139
S1-581277026	S2-656564108
S1-813456162	S2-274799328
S1-616709626	S2-630240728
S1-82946972	S2-361583329
S1-427499155	S2-830554886
S1-435551280	S2-208725347
S1-156657846	S2-234161027
S1-60626791	S2-540684690
S1-696776811	S2-461401421
S1-55833615	S2-70183123
S1-851906938	S2-357571670
S1-152571215	S2-594266284
S1-206497508	S2-983642096
S1-674328344	S2-40338542
S1-115560570	S2-350595878
S1-258305618	S2-25867882
S1-708736913	S2-964756116
S1-171659373	S2-110034098
S1-697239960	S2-132198063
S1-954845440	S2-358138733
S1-668464139	S2-21792288
S1-187901972	S2-881858400
S1-234516500	S2-561096500
S1-935232640	S2-724537037
S1-97852089	S2-818307208
S1-394463221	S2-254606858
S1-777431366	S2-835673391
S1-126234273	S2-41687922
S1-484485120	S2-900328639
S1-290273354	S2-688600379
S1-299222693	S2-515797383
S1-271233213	S2-734659348
S1-173649240	S2-910175518
S1-593652796	S2-824094108
S1-913183024	S2-562197612
S1-873713361	S2-242988354
S1-444914021	S2-77027624
S1-753531725	S2-960345223
S1-861545261	S2-830876565
S1-469447559	S2-715967724
S1-403512361	S2-618600554
S1-940287013	S2-208062150
S1-679755078	S2-743140589
S1-29287602	S2-410269839
S1-227735721	S2-401280164
S1-475500363	S2-809314052
S1-881510168	S2-95309220
S1-134634564	S2-94709773
S1-301519882	S2-785661495
S1-105597023	S2-475950085
S1-963679853	S2-787732216
S1-773741934	S2-37386004
S1-349034216	S2-530766625
S1-78624560	S2-512695016
S1-812386674	S2-597709583
S1-487308179	S2-29209497
S1-801261398	S2-322170934
S1-576092353	S2-536631030
S1-502025977	S2-243101014
S1-521939283	S2-324516571
S1-864941237	S2-762559844
S1-689494148	S2-388251086
S1-834633292	S2-264239459
S1-325064508	S2-814786508
S1-773785883	S2-774701331
S1-119874099	S2-679544008
S1-930342146	S2-551705579
S1-582001279	S2-628682415
S1-915600702	S2-20966124
S1-673646564	S2-821508000
S1-987943292	S2-660881841
S1-977207412	S2-871274006
S1-834301250	S2-328889933
S1-672916412	S2-215712283
S1-122417430	S2-572508355
S1-596282355	S2-953061943
S1-952454336	S2-993497430
S1-527436397	S2-306409966
S1-101712928	S2-312234368
S1-2982227	S2-652633921
S1-403123231	S2-372902710
S1-905024965	S2-77395099
S1-846650135	S2-527383760
S1-763591157	S2-213681004
S1-32148831	S2-516362567
S1-752627833	S2-850876108
S1-663406843	S2-620733809
S1-943951180	S2-814134962
S1-407284560	S2-252256420
S1-458101693	S2-69452923
S1-33055898	S2-425079055
S1-945983278	S2-441882336
S1-161786353	S2-372396491
S1-89830765	S2-135020348
S1-768337890	S2-961757742
S1-260068049	S2-219308509
S1-817271586	S2-607745334
S1-736098193	S2-474722696
S1-296179393	S2-932099388
S1-934004643	S2-421506298
S1-517683305	S2-870253909
S1-677665203	S2-626401517
S1-22817004	S2-277538456
S1-456421458	S2-998612169
S1-428887027	S2-176058647
S1-103070679	S2-17475547
S1-827473783	S2-94157531
S1-383440184	S2-490663548
S1-6882632	S2-483481019
S1-447961554	S2-501342614
S1-133394685	S2-988975060
S1-415941140	S2-525533298
S1-741593526	S2-431048359
S1-228186947	S2-580735391
S1-741298432	S2-34617403
S1-653170694	S2-279060685
S1-68897232	S2-329339206
S1-377455319	S2-636373098
S1-902881804	S2-17667617
S1-595299032	S2-323974541
S1-383874101	S2-878831942
S1-594282975	S2-955864937
S1-81631243	S2-257722732
S1-351808893	S2-999770464
S1-77827227	S2-887334928
S1-58177309	S2-12745807
S1-324026064	S2-142276086
S1-922309988	S2-803947778
S1-194445312	S2-71800307
S1-724272101	S2-913078640
S1-162866019	S2-307187540
S1-270293020	S2-336292518
S1-887795251	S2-312942173
S1-613889047	S2-805338252
S1-872757696	S2-923339942
S1-112773724	S2-285073989
S1-870945617	S2-112111983
S1-168916215	S2-372190442
S1-325119527	S2-44249093
S1-164752637	S2-491841587
S1-810654792	S2-816711030
S1-198028674	S2-160967168
S1-987147820	S2-219049788
S1-235511351	S2-500095178
S1-579397401	S2-306690960
S1-701057333	S2-686126496
S1-847664356	S2-574821966
S1-893252437	S2-697090581
S1-160622083	S2-23158938
S1-851617957	S2-753034688
S1-172712530	S2-72718087
S1-760028022	S2-237710683
S1-167270808	S2-27719064
S1-347928285	S2-6369766
S1-33328129	S2-390991435
S1-364388393	S2-501717184
S1-66272824	S2-499629075
S1-136105380	S2-877110062
S1-652214252	S2-647960329
S1-391555237	S2-936427421
S1-916685190	S2-327909541
S1-552418011	S2-500123911
S1-27856193	S2-650947371
S1-927554386	S2-574103497
S1-358599648	S2-451182748
S1-946774848	S2-792537050
S1-826174526	S2-57247477
S1-970910957	S2-851071920
S1-628468739	S2-978223227
S1-851078063	S2-258972956
S1-945793348	S2-842952621
S1-715563002	S2-446702695
S1-447573357	S2-149589329
S1-71752626	S2-591816721
S1-644024526	S2-969014626
S1-190028025	S2-584419883
S1-723008871	S2-354947367
S1-436679151	S2-522676013
S1-400362819	S2-180035740
S1-736899097	S2-923601013
S1-609126446	S2-997626828
S1-42158971	S2-843237820
S1-896681208	S2-510601307
S1-844222172	S2-579537204
S1-692814940	S2-339023929
S1-853675228	S2-772098635
S1-362828798	S2-526514064
S1-519892082	S2-51134983
S1-38740829	S2-242869575
S1-140608314	S2-920975263
S1-477726647	S2-411028859
S1-759990321	S2-749855994
S1-698794026	S2-492430726
S1-130089665	S2-795086909
S1-99601535	S2-545903601
S1-460230942	S2-82026944
S1-209200263	S2-923084867
S1-659572154	S2-970684819
S1-929065765	S2-104481
S1-234003338	S2-25286696
S1-834905876	S2-660560505
S1-56292691	S2-977490322
S1-320279093	S2-97783462
S1-402196169	S2-814991880
S1-583553846	S2-127942296
S1-495534030	S2-60821982
S1-949445130	S2-900115360
S1-504586185	S2-526746490
S1-59618827	S2-844022439
S1-698817173	S2-666687709
S1-946500231	S2-555704661
S1-710560781	S2-563500161
S1-237613708	S2-61378519
S1-908407212	S2-457072630
S1-464433179	S2-771467471
S1-444904680	S2-606757490
S1-632418912	S2-440394456
S1-489857933	S2-47543997
S1-202452533	S2-193870940
S1-710728470	S2-433306457
S1-642313713	S2-690580957
S1-195059493	S2-304094129
S1-630989615	S2-841028979
S1-398437994	S2-98104461
S1-206349299	S2-65718579
S1-888127580	S2-704272143
S1-812202573	S2-971361973
S1-72671238	S2-103093469
S1-315714921	S2-596723300
S1-914222082	S2-513177498
S1-461145673	S2-388765666
S1-422663873	S2-265127358
S1-568360819	S2-86617314
S1-8664148	S2-258607885
S1-316723641	S2-745944337
S1-968969954	S2-58330717
S1-94994541	S2-750865575
S1-744534625	S2-367262929
S1-402436076	S2-495815324
S1-555240211	S2-148110362
S1-885817950	S2-108606759
S1-836225187	S2-684634501
S1-153166486	S2-593656128
S1-161534846	S2-75716923
S1-729485483	S2-833629948
S1-937164530	S2-963647820
S1-617326560	S2-695645725
S1-164907584	S2-772238255
S1-908300558	S2-857497571
S1-978006117	S2-112448810
S1-894490430	S2-528243270
S1-202140118	S2-641858345
S1-830133817	S2-146684348
S1-997968108	S2-119524150
S1-134584054	S2-923587212
S1-561627297	S2-247600336
S1-61591652	S2-760965312
S1-158539143	S2-55096991
S1-43719918	S2-310717753
S1-473019799	S2-603297995
S1-715586287	S2-557319891
S1-609692604	S2-471571879
S1-173813742	S2-972473197
S1-413881412	S2-860934884
S1-408065561	S2-437865309
S1-238199897	S2-342791344
S1-999775023	S2-179230367
S1-824758522	S2-162256776
S1-582013370	S2-712854574
S1-834338337	S2-375715970
S1-143877355	S2-512599443
S1-26936268	S2-972059225
S1-487215963	S2-771448037
S1-196110250	S2-304730315
S1-24210287	S2-916045016
S1-11065294	S2-763670424
S1-569573035	S2-906763981
S1-552421005	S2-11932481
S1-202949551	S2-300554208
S1-972659010	S2-629299127
S1-525455586	S2-503896041
S1-378546306	S2-381125894
S1-20889220	S2-29312006
S1-545663627	S2-150647559
S1-462432174	S2-426274569
S1-321638606	S2-907905468
S1-492930983	S2-515526876
S1-16018367	S2-965680390
S1-891492715	S2-377634052
S1-562444011	S2-551778451
S1-509553551	S2-286817785
S1-33914518	S2-398867470
S1-846540570	S2-764143294
S1-860736812	S2-859385261
S1-636379844	S2-586369481
S1-921789173	S2-768060360
S1-452852250	S2-469088523
S1-955643207	S2-406828772
S1-659130111	S2-681124632
S1-258914465	S2-419694812
S1-753225708	S2-552523446
S1-196230055	S2-13732646
S1-44621185	S2-654899396
S1-161826523	S2-448317610
S1-325343632	S2-739726355
S1-113277301	S2-592892324
S1-999406586	S2-793112405
S1-310556487	S2-746616168
S1-145517915	S2-120315714
S1-515714237	S2-132589614
S1-840456467	S2-140071409
S1-975267298	S2-251524813
S1-489745760	S2-519111181
S1-352862045	S2-64722665
S1-764307854	S2-523776282
S1-467410987	S2-380117082
S1-170554023	S2-70678066
S1-945578383	S2-914824440
S1-704903488	S2-393460427
S1-358315040	S2-215704740
S1-176394721	S2-346917366
S1-501772409	S2-843613171
S1-243180458	S2-925504432
S1-729978058	S2-185201170
S1-441265650	S2-977977495
S1-389520222	S2-697920557
S1-774138065	S2-746386698
S1-918800205	S2-33312446
S1-287916546	S2-626347655
S1-367158554	S2-253685832
S1-13238624	S2-22467211
S1-256230186	S2-429186497
S1-440255838	S2-497933116
S1-124087919	S2-536371328
S1-37261754	S2-800375621
S1-67689033	S2-689963740
S1-398383369	S2-106895177
S1-873557261	S2-802616353
S1-562750164	S2-215414809
S1-191150355	S2-761069411
S1-340035719	S2-696466602
S1-109288013	S2-521473647
S1-950536271	S2-168174968
S1-909112029	S2-717878712
S1-849746609	S2-190319534
S1-724628638	S2-969077308
S1-436299183	S2-480133351
S1-925423567	S2-692061970
S1-442828640	S2-418319340
S1-361305676	S2-683016978
S1-943631796	S2-396480776
S1-593705796	S2-562073591
S1-325616188	S2-771091223
S1-698318755	S2-534193840
S1-443419337	S2-315033620
S1-760267631	S2-264451700
S1-594816402	S2-355665447
S1-186865876	S2-642332750
S1-472793661	S2-30528090
S1-897368932	S2-916503040
S1-169672052	S2-635249122
S1-146070906	S2-339182891
S1-890684003	S2-32682299
S1-207617671	S2-935849722
S1-646363892	S2-251653883
S1-815431066	S2-981873922
S1-790719518	S2-864073691
S1-916844632	S2-119460028
S1-700773271	S2-605987019
S1-860215100	S2-45381488
S1-617155445	S2-777297483
S1-154557474	S2-982718592
S1-101169625	S2-35692522
S1-565773967	S2-65910693
S1-206835461	S2-545629300
S1-303320100	S2-917740199
S1-805612510	S2-96405270
S1-401218769	S2-823585117
S1-52441042	S2-733724721
S1-549676548	S2-793855022
S1-312490966	S2-43767428
S1-47042696	S2-347647608
S1-348175291	S2-672493211
S1-757077366	S2-178873085
S1-788331380	S2-149652748
S1-644497819	S2-785739834
S1-721893693	S2-733339516
S1-607432577	S2-468448120
S1-104579161	S2-852883319
S1-278499716	S2-59737637
S1-553735886	S2-169259200
S1-89883294	S2-483314360
S1-644061747	S2-435177143
S1-240794057	S2-23164699
S1-156816610	S2-583310904
S1-186844881	S2-885723133
S1-181813784	S2-650116949
S1-711235060	S2-546377728
S1-545760076	S2-115347031
S1-848626120	S2-967544859
S1-131400748	S2-500840641
S1-944892789	S2-997942571
S1-511325306	S2-984292994
S1-748576155	S2-915431594
S1-560366809	S2-534478257
S1-486520977	S2-708421500
S1-206263889	S2-562964937
S1-575165646	S2-546326270
S1-310830622	S2-891424260
S1-295085112	S2-838241676
S1-95597100	S2-500551862
S1-310516131	S2-251960740
S1-365781030	S2-743497744
S1-812129609	S2-649464984
S1-557318152	S2-264338023
S1-620419933	S2-935971327
S1-41757182	S2-603868058
S1-107646109	S2-41793657
S1-357290899	S2-358006078
S1-788065424	S2-794848868
S1-184286574	S2-851240544
S1-939656320	S2-823822663
S1-269230689	S2-290503676
S1-475067205	S2-951940727
S1-171085621	S2-27898229
S1-957841582	S2-638942883
S1-649449701	S2-924764358
S1-314390515	S2-267377258
S1-572347592	S2-965319363
S1-209793699	S2-135825268
S1-763646096	S2-60676
S1-377670890	S2-263392431
S1-191187202	S2-947986851
S1-299821538	S2-34127616
S1-675498275	S2-169755083
S1-534421406	S2-178567505
S1-585901549	S2-755492437
S1-108922842	S2-412264510
S1-500393167	S2-361780535
S1-89614018	S2-950324674
S1-921101779	S2-816999408
S1-847986243	S2-610190079
S1-136890042	S2-295816623
S1-12087477	S2-229031720
S1-182559304	S2-5768557
S1-606608234	S2-761449055
S1-762412123	S2-610284816
S1-17178155	S2-742290502
S1-293019821	S2-205682696
S1-690918009	S2-293200996
S1-982634661	S2-544365365
S1-172174300	S2-13287489
S1-424088273	S2-786966094
S1-899755264	S2-376036137
S1-627768052	S2-927830592
S1-395807167	S2-983173898
S1-806128376	S2-937110443
S1-495077065	S2-691791199
S1-161948310	S2-916218136
S1-594435254	S2-855134357
S1-585051667	S2-783612799
S1-430612091	S2-23219309
S1-82188237	S2-334002746
S1-506950536	S2-548885150
S1-930777812	S2-727142736
S1-233935995	S2-812650390
S1-179641994	S2-878629213
S1-694113867	S2-487007032
S1-275923313	S2-215219349
S1-586893478	S2-270678046
S1-94284606	S2-967685349
S1-588285114	S2-727642617
S1-778078928	S2-788548380
S1-698590262	S2-660819960
S1-594110780	S2-969871704
S1-731473702	S2-64102541
S1-645908885	S2-689045867
S1-676278263	S2-638457561
S1-535837960	S2-32004712
S1-185491285	S2-846806893
S1-558168273	S2-39678308
S1-939787676	S2-463130829
S1-155987983	S2-87306899
S1-553335657	S2-321773237
S1-384081994	S2-459755859
S1-833316276	S2-182262698
S1-519936657	S2-473524509
S1-959404446	S2-722965556
S1-267869998	S2-822446298
S1-66305891	S2-925883146
S1-118382233	S2-605437709
S1-851988027	S2-748966485
S1-626961545	S2-573248671
S1-577328213	S2-70034607
S1-16010586	S2-213061765
S1-990941651	S2-420997962
S1-550514269	S2-275005449
S1-339049878	S2-416935091
S1-244317208	S2-344082351
S1-864574514	S2-779782990
S1-12888605	S2-160002283
S1-869466215	S2-166554660
S1-456731410	S2-514089300
S1-278256642	S2-223358425
S1-396431652	S2-632094806
S1-215243422	S2-704511356
S1-307337143	S2-149760017
S1-581100845	S2-834357895
S1-887878986	S2-200298226
S1-511918676	S2-127517643
S1-761654927	S2-732794951
S1-890864797	S2-288820460
S1-799267183	S2-537088856
S1-903713693	S2-733276530
S1-882437014	S2-839138621
S1-275160243	S2-426585888
S1-160604911	S2-515848501
S1-455644019	S2-727701442
S1-561363033	S2-213192129
S1-741894899	S2-947069054
S1-465545257	S2-220259874
S1-75106480	S2-930321183
S1-551598826	S2-662743344
S1-629510625	S2-744936621
S1-994446134	S2-631805285
S1-303160181	S2-994005797
S1-139460636	S2-539657173
S1-609908603	S2-277519332
S1-965636940	S2-763109598
S1-573011203	S2-342069826
S1-705949902	S2-684961779
S1-707811226	S2-584334686
S1-203627457	S2-31536885
S1-54742268	S2-817940392
S1-608390358	S2-458707198
S1-536377402	S2-414081421
S1-615811947	S2-677267220
S1-573321298	S2-523344891
S1-146304058	S2-388222997
S1-905078286	S2-836716552
S1-50702675	S2-316141290
S1-507833926	S2-912473310
S1-118082662	S2-616659371
S1-837779515	S2-428132849
S1-313068797	S2-88772829
S1-435757738	S2-615901274
S1-538219687	S2-283161257
S1-927557537	S2-631238644
S1-335546649	S2-892687023
S1-365291743	S2-668682742
S1-312040904	S2-841592631
S1-516656082	S2-826619043
S1-722746142	S2-546333517
S1-929065765	S2-251840273
S1-543724042	S2-529072946
S1-624468152	S2-295164096
S1-675140621	S2-292771407
S1-949977551	S2-729208410
S1-614821918	S2-670773120
S1-432632763	S2-470353595
S1-846545134	S2-982103164
S1-233788893	S2-164027505
S1-779673108	S2-402134782
S1-392457753	S2-579634881
S1-712328058	S2-577387793
S1-871793645	S2-374622918
S1-14845957	S2-450523415
S1-810159617	S2-559378866
S1-680989336	S2-512358311
S1-11401103	S2-66722177
S1-764064958	S2-971448577
S1-6337645	S2-98480864
S1-573375554	S2-684725322
S1-766131002	S2-768658276
S1-989911937	S2-319786736
S1-583580358	S2-361702240
S1-599084660	S2-239731747
S1-652871698	S2-38035700
S1-277960533	S2-398324551
S1-970883287	S2-952491793
S1-736686994	S2-972838719
S1-237153904	S2-231328753
S1-489335989	S2-6331201
S1-7048571	S2-701326733
S1-283983622	S2-33786126
S1-492261546	S2-968339647
S1-906674329	S2-583676065
S1-279488094	S2-448832104
S1-985955927	S2-986422852
S1-706249691	S2-583239426
S1-136726468	S2-189205330
S1-610202976	S2-773717529
S1-175455581	S2-61622931
S1-705879565	S2-945972014
S1-570353536	S2-730069747
S1-694972047	S2-600258273
S1-996440059	S2-139043157
S1-374790959	S2-739718473
S1-717812009	S2-692850169
S1-420104937	S2-718855492
S1-126792600	S2-307074760
S1-727190614	S2-883509018
S1-36956037	S2-716367693
S1-335058807	S2-430909725
S1-118056788	S2-414629892
S1-877920768	S2-878867020
S1-566669546	S2-832886257
S1-890618776	S2-291885284
S1-802017375	S2-491512344
S1-631988407	S2-800240362
S1-527535347	S2-213588733
S1-170260589	S2-267744531
S1-280904854	S2-91233769
S1-378410029	S2-920513213
S1-566120016	S2-941122744
S1-185544257	S2-838836086
S1-763135047	S2-483259811
S1-61291902	S2-631117267
S1-444904680	S2-843053407
S1-895575216	S2-19819043
S1-819096773	S2-662338166
S1-802353709	S2-953549070
S1-719072031	S2-488046235
S1-573731272	S2-137377869
S1-237308727	S2-216051568
S1-765340150	S2-94657002
S1-937685778	S2-535738914
S1-308143633	S2-210581870
S1-779856891	S2-743848090
S1-482265395	S2-144287489
S1-49910317	S2-99259124
S1-997619659	S2-768624780
S1-379984599	S2-407571857
S1-47463707	S2-64178621
S1-280067683	S2-267785780
S1-621059764	S2-397137911
S1-880346781	S2-352743912
S1-767449554	S2-264530382
S1-850434846	S2-127502428
S1-439996795	S2-163172573
S1-250317440	S2-109924996
S1-521789395	S2-780318785
S1-838512805	S2-302338048
S1-830195415	S2-403287722
S1-271805052	S2-403486806
S1-211719187	S2-525513248
S1-71599525	S2-737223135
S1-833885947	S2-754978810
S1-824420728	S2-351854857
S1-103500338	S2-468220587
S1-881149331	S2-282321633
S1-485802586	S2-599424877
S1-944333290	S2-803730674
S1-547406701	S2-93354670
S1-401704919	S2-294037767
S1-932575519	S2-130718483
S1-626731320	S2-889923744
S1-361859682	S2-390374064
S1-495782283	S2-944029388
S1-422635252	S2-463126539
S1-966063691	S2-281675230
S1-532149613	S2-880199081
S1-151130892	S2-686740177
S1-616632221	S2-643065646
S1-911484581	S2-148427563
S1-929863634	S2-722070544
S1-99936386	S2-369416169
S1-453270677	S2-259113868
S1-203575449	S2-461242187
S1-277804264	S2-652020604
S1-205139354	S2-547434863
S1-923055524	S2-146432688
S1-772275846	S2-510936406
S1-130988039	S2-856142585
S1-901510566	S2-3626108
S1-28505260	S2-91354069
S1-702052200	S2-101185946
S1-22284401	S2-306398343
S1-22805541	S2-887910617
S1-857000977	S2-537452505
S1-917192052	S2-261278137
S1-673096539	S2-726188137
S1-177037208	S2-727457582
S1-321712086	S2-342093400
S1-722233557	S2-364008435
S1-974635450	S2-897799342
S1-510665759	S2-202490305
S1-789413023	S2-68518202
S1-290078350	S2-401091353
S1-92619240	S2-135395341
S1-957537474	S2-884121593
S1-748956622	S2-753637364
S1-899367002	S2-443732879
S1-108680851	S2-171032502
S1-776793175	S2-191467813
S1-664882902	S2-683639952
S1-963877558	S2-602620803
S1-995631326	S2-71518023
S1-965655636	S2-634227211
S1-914847559	S2-946207934
S1-703598396	S2-907755069
S1-622729027	S2-683609130
S1-749113381	S2-868924854
S1-231749071	S2-843649721
S1-64237489	S2-41751556
S1-83647365	S2-131130319
S1-851765041	S2-575091627
S1-320976577	S2-848422070
S1-464769409	S2-178110282
S1-807623022	S2-627370487
S1-500122759	S2-481305019
S1-133553694	S2-586942807
S1-399000262	S2-845413530
S1-42771987	S2-237990914
S1-166368371	S2-318194771
S1-786119614	S2-141920871
S1-656600298	S2-360115431
S1-968896948	S2-906997972
S1-109328664	S2-881486175
S1-384469192	S2-289005360
S1-955412191	S2-317626480
S1-918306629	S2-213122041
S1-861049235	S2-352969623
S1-157855786	S2-171149170
S1-436384947	S2-645909779
S1-674830961	S2-974071685
S1-424541331	S2-144067258
S1-623720633	S2-294715503
S1-703878399	S2-563188209
S1-48583365	S2-595354995
S1-320107541	S2-130685238
S1-735476620	S2-518256068
S1-477582710	S2-345988445
S1-540578764	S2-587933669
S1-534264022	S2-616256755
S1-432078215	S2-422132732
S1-240353633	S2-981124848
S1-204959216	S2-966031000
S1-27221246	S2-614209826
S1-155443921	S2-289288776
S1-465957824	S2-665410344
S1-803662675	S2-171347376
S1-473823380	S2-326401987
S1-340339712	S2-686790003
S1-740277705	S2-439545297
S1-412690850	S2-300234187
S1-448583772	S2-24445711
S1-39506941	S2-165967413
S1-627943346	S2-884911978
S1-121884203	S2-575272644
S1-957121176	S2-720516477
S1-963533534	S2-743279827
S1-501217484	S2-481137818
S1-752470374	S2-602938345
S1-566562049	S2-577257256
S1-582160503	S2-690719762
S1-618160252	S2-644694045
S1-502960630	S2-43853360
S1-606431731	S2-321259183
S1-628925428	S2-54631548
S1-839458030	S2-676943656
S1-737665153	S2-551858905
S1-801138439	S2-779811210
S1-236304588	S2-535086602
S1-335809618	S2-597229708
S1-329012553	S2-885830694
S1-89732591	S2-239345923
S1-554013168	S2-277642292
S1-908231011	S2-457532126
S1-10274734	S2-203002219
S1-191211770	S2-478586037
S1-593423901	S2-9222064
S1-766663561	S2-48370429
S1-541897531	S2-826030227
S1-978629030	S2-251537919
S1-434783155	S2-751974129
S1-297678726	S2-541887143
S1-445601289	S2-922714032
S1-400573210	S2-378738777
S1-751391231	S2-745309995
S1-574342858	S2-456739489
S1-245132632	S2-860508604
S1-99275311	S2-103134309
S1-688032065	S2-212542907
S1-992647859	S2-351383363
S1-734086995	S2-437402175
S1-363242003	S2-905194513
S1-462907815	S2-739349679
S1-525799850	S2-470168381
S1-892283256	S2-22617752
S1-256607313	S2-207137709
S1-177413778	S2-468290187
S1-974672901	S2-865710646
S1-212085060	S2-510010268
S1-281117353	S2-741750874
S1-235925720	S2-636231254
S1-200936555	S2-660601981
S1-218928332	S2-589438379
S1-869324705	S2-740077464
S1-878042723	S2-30430757
S1-450012740	S2-97237249
S1-562883878	S2-72439519
S1-230328606	S2-788078405
S1-305856022	S2-311492008
S1-687945635	S2-103153551
S1-870865160	S2-862860808
S1-366532416	S2-183889608
S1-917086316	S2-647643327
S1-125334657	S2-335028131
S1-892070797	S2-819207849
S1-71715794	S2-652499728
S1-278445094	S2-689223137
S1-19476777	S2-691538433
S1-401269002	S2-637050314
S1-400856367	S2-923593860
S1-996200580	S2-40601173
S1-167776546	S2-170201567
S1-496446764	S2-841174995
S1-848552449	S2-629236596
S1-121139134	S2-920131202
S1-629263716	S2-695933059
S1-218681773	S2-203714149
S1-737372746	S2-537932180
S1-849044708	S2-87937469
S1-622604604	S2-393555673
S1-553151094	S2-318337861
S1-542952408	S2-76571134
S1-386797632	S2-766710902
S1-454575737	S2-718201367
S1-684063057	S2-308097964
S1-80152917	S2-966008033
S1-50838418	S2-152072273
S1-222393100	S2-190689653
S1-758647069	S2-724710775
S1-847014241	S2-605057434
S1-809703770	S2-441709317
S1-402074458	S2-247852169
S1-847823967	S2-211975096
S1-370242333	S2-81748017
S1-34238202	S2-326489254
S1-637399400	S2-431435374
S1-653206091	S2-996021258
S1-15082683	S2-886880727
S1-652839557	S2-142810209
S1-976508576	S2-393775084
S1-867362999	S2-719233998
S1-670578830	S2-499789400
S1-290999389	S2-172651545
S1-828080145	S2-297447137
S1-659061133	S2-824289840
S1-994042135	S2-499323120
S1-233864837	S2-974442804
S1-616632221	S2-903203753
S1-421620866	S2-674107258
S1-891344553	S2-435485946
S1-193975215	S2-487966225
S1-751111750	S2-490723642
S1-882667163	S2-713657075
S1-285474627	S2-191629536
S1-279201358	S2-975994663
S1-430157503	S2-400309687
S1-187559066	S2-222222666
S1-808229020	S2-743731347
S1-317764984	S2-717916905
S1-784295877	S2-12170922
S1-917550904	S2-954728792
S1-103596563	S2-406884143
S1-522826211	S2-131437487
S1-591697663	S2-369459430
S1-254783046	S2-898014285
S1-364318566	S2-914558599
S1-74384287	S2-160174983
S1-118056788	S2-779494336
S1-414232933	S2-429010247
S1-891674321	S2-31019157
S1-106311881	S2-717559708
S1-785586599	S2-535834694
S1-161347091	S2-891596531
S1-117283796	S2-950406781
S1-11149867	S2-271890946
S1-70846155	S2-877197173
S1-979244589	S2-237730865
S1-505122452	S2-482756039
S1-291830290	S2-387663120
S1-152995579	S2-930136862
S1-870749905	S2-852715385
S1-981117178	S2-960271810
S1-672078135	S2-145574181
S1-830623043	S2-674786529
S1-510273573	S2-57328168
S1-129324186	S2-719459923
S1-371577744	S2-498685695
S1-179672780	S2-459266442
S1-239296169	S2-176415569
S1-267001778	S2-339250902
S1-144012622	S2-886402197
S1-560072248	S2-165141622
S1-315514551	S2-278904070
S1-922032744	S2-599080606
S1-561391944	S2-823703229
S1-865238448	S2-883963336
S1-38239604	S2-815041035
S1-771577036	S2-685096589
S1-808309595	S2-220733674
S1-985062488	S2-884398560
S1-537721392	S2-908423168
S1-657713840	S2-904054707
S1-321055523	S2-411185690
S1-789232970	S2-921977519
S1-740182175	S2-15263975
S1-931014364	S2-856556922
S1-726552986	S2-363763420
S1-549649058	S2-855714694
S1-136777404	S2-545070237
S1-859035840	S2-570849045
S1-816228125	S2-63290811
S1-857782064	S2-609041450
S1-749871570	S2-940327150
S1-206771978	S2-59873709
S1-205088435	S2-396188884
S1-133129662	S2-914865410
S1-77188770	S2-255547566
S1-337433828	S2-839663522
S1-663600248	S2-28230947
S1-742875365	S2-562088353
S1-284058087	S2-946184787
S1-444723154	S2-674202390
S1-499917197	S2-391183559
S1-284064338	S2-632892267
S1-273037282	S2-229740059
S1-124170619	S2-793312343
S1-495706216	S2-954267969
S1-279488094	S2-793262176
S1-874818363	S2-349141643
S1-733540704	S2-583481279
S1-671610494	S2-437952583
S1-101600459	S2-640299814
S1-104153529	S2-236887149
S1-721371202	S2-330373028
S1-505052281	S2-477181793
S1-492404051	S2-477528353
S1-405500116	S2-773476414
S1-785947561	S2-462479238
S1-262353263	S2-847304005
S1-985907686	S2-781014772
S1-74476288	S2-71823465
S1-423140100	S2-643877008
S1-55234694	S2-486238709
S1-552326944	S2-164989145
S1-288666242	S2-57991214
S1-221859637	S2-590769069
S1-22273997	S2-628285869
S1-313185792	S2-564403092
S1-98887685	S2-497295810
S1-985767693	S2-188932816
S1-394463221	S2-838290187
S1-490550710	S2-379929368
S1-831461376	S2-255713723
S1-786422330	S2-273018349
S1-405989480	S2-734223332
S1-935234782	S2-607200154
S1-779688768	S2-33942997
S1-675516168	S2-496412694
S1-755049609	S2-19963089
S1-294247703	S2-988215417
S1-734252111	S2-292699438
S1-308818292	S2-664169245
S1-195130391	S2-782702498
S1-196500584	S2-402928865
S1-756416697	S2-265428102
S1-811634976	S2-607355078
S1-411980754	S2-253700260
S1-574679432	S2-115594880
S1-164121018	S2-857353058
S1-317338170	S2-294998095
S1-930922363	S2-859932698
S1-371733367	S2-782356352
S1-161647493	S2-413674967
S1-17997279	S2-817025522
S1-126787436	S2-187031132
S1-855624225	S2-964260936
S1-457320604	S2-550610397
S1-311729411	S2-664528993
S1-760745873	S2-189394238
S1-16037571	S2-386492986
S1-933171148	S2-833966142
S1-813994094	S2-990232750
S1-970469459	S2-581267645
S1-190458736	S2-845785149
S1-467736405	S2-849340300
S1-529723049	S2-381150341
S1-518535475	S2-863804738
S1-580056541	S2-779206168
S1-8548652	S2-144002770
S1-261243609	S2-730543867
S1-967610220	S2-513871716
S1-345217898	S2-116777668
S1-225586280	S2-677166800
S1-354371958	S2-968661047
S1-971689594	S2-531809680
S1-300030216	S2-910448295
S1-555450157	S2-674386839
S1-624802797	S2-396320077
S1-331171545	S2-202462492
S1-911479875	S2-997487934
S1-830188379	S2-33370674
S1-591601241	S2-671333742
S1-627326202	S2-909540689
S1-306339089	S2-557475648
S1-931825490	S2-996150247
S1-287147255	S2-679476039
S1-755323540	S2-175537905
S1-821174587	S2-474950432
S1-997891509	S2-204816383
S1-231169533	S2-438218600
S1-591410262	S2-268565980
S1-55199973	S2-514599883
S1-857351601	S2-613681130
S1-261093391	S2-290132321
S1-101700216	S2-805380938
S1-21299513	S2-991044943
S1-337542758	S2-68017767
S1-79160585	S2-671842089
S1-9944862	S2-617020623
S1-724796513	S2-716822669
S1-667424096	S2-293493830
S1-930560647	S2-939728182
S1-543969334	S2-863969368
S1-922883177	S2-42666071
S1-917343610	S2-280652487
S1-331907483	S2-245138629
S1-335160847	S2-171538495
S1-287250149	S2-326724815
S1-700816143	S2-977699457
S1-257986568	S2-399410190
S1-338100161	S2-618443862
S1-772625034	S2-371091442
S1-255824486	S2-710608207
S1-752685037	S2-75944241
S1-83393542	S2-376615953
S1-125478599	S2-515904659
S1-489578347	S2-189643829
S1-650102380	S2-325406364
S1-536040582	S2-988674879
S1-438435592	S2-523238474
S1-294862120	S2-263840200
S1-882054001	S2-47051515
S1-659283518	S2-379928674
S1-924003869	S2-870871454
S1-387401850	S2-59411674
S1-897792715	S2-831863390
S1-315617587	S2-213993051
S1-328732301	S2-649270351
S1-303293838	S2-340930598
S1-583287841	S2-293857712
S1-229651535	S2-639573854
S1-351646049	S2-882213698
S1-496827130	S2-177478069
S1-349803359	S2-683518858
S1-840112752	S2-456149770
S1-333970232	S2-896474908
S1-98908426	S2-790194721
S1-640135412	S2-894783767
S1-629569378	S2-829633277
S1-687548901	S2-245981663
S1-775264911	S2-286452962
S1-344449473	S2-772064230
S1-62206089	S2-29255182
S1-99119668	S2-731897331
S1-609689193	S2-183038981
S1-422744817	S2-772097061
S1-309993443	S2-244105634
S1-353964589	S2-583732114
S1-550073079	S2-660629285
S1-264398852	S2-663002779
S1-526352837	S2-530148203
S1-206949424	S2-105715006
S1-595756868	S2-208861786
S1-67533729	S2-88756162
S1-890839367	S2-680132061
S1-550449062	S2-133944861
S1-604568630	S2-708450483
S1-950415097	S2-551171260
S1-93434225	S2-627026388
S1-938620582	S2-883502225
S1-235534153	S2-399261087
S1-776455223	S2-456921001
S1-408748726	S2-376566262
S1-29050162	S2-146881752
S1-814946202	S2-766794024
S1-597345538	S2-222568892
S1-687960736	S2-457389340
S1-715726363	S2-447607016
S1-329491660	S2-264323723
S1-581962824	S2-497955589
S1-310344429	S2-737815222
S1-960434684	S2-226759508
S1-827206413	S2-379619108
S1-210076182	S2-775070125
S1-772741028	S2-750614971
S1-484404549	S2-910017482
S1-155249347	S2-97866050
S1-262808221	S2-9326581
S1-280296471	S2-607643295
S1-510234700	S2-788282858
S1-628079377	S2-603539949
S1-687780354	S2-498772228
S1-105574178	S2-447004542
S1-194348059	S2-476816562
S1-246031930	S2-290521393
S1-605815748	S2-403255899
S1-333818470	S2-472941372
S1-855926631	S2-643682818
S1-867678606	S2-873355479
S1-124470606	S2-232989552
S1-789898804	S2-121385896
S1-792070300	S2-53266179
S1-112141583	S2-607970268
S1-429461482	S2-749139054
S1-658176496	S2-143098472
S1-622977328	S2-110914230
S1-489522140	S2-549079462
S1-451295305	S2-625894545
S1-806113281	S2-759805518
S1-50056400	S2-457475897
S1-617166153	S2-946281053
S1-208417664	S2-243899308
S1-83200082	S2-432153351
S1-635778118	S2-167308160
S1-300949524	S2-442125003
S1-414185154	S2-226750912
S1-259165398	S2-90085816
S1-797774775	S2-960856131
S1-215245588	S2-626716676
S1-257211819	S2-540265865
S1-431914513	S2-835398066
S1-988664896	S2-948778018
S1-880441294	S2-735552954
S1-657915588	S2-155086617
S1-336355687	S2-906162971
S1-840452266	S2-357767529
S1-552147357	S2-177267340
S1-182915278	S2-447146990
S1-27775450	S2-990968053
S1-466348572	S2-22505327
S1-818645050	S2-95626622
S1-675989704	S2-315806891
S1-830667222	S2-489671822
S1-251054597	S2-272829618
S1-411691394	S2-343569087
S1-833391855	S2-483047461
S1-990188271	S2-263885075
S1-6966104	S2-422304851
S1-40009754	S2-739047287
S1-450724330	S2-845979265
S1-912419479	S2-65815149
S1-297343380	S2-215582645
S1-683634997	S2-330619495
S1-832298865	S2-624781496
S1-712828007	S2-445256618
S1-203431353	S2-788297456
S1-260017383	S2-72500796
S1-611928801	S2-299260984
S1-690113572	S2-120753701
S1-640352727	S2-132747694
S1-654642828	S2-507978987
S1-419782573	S2-728895984
S1-463022283	S2-374215513
S1-512133534	S2-306755128
S1-199204463	S2-616773310
S1-964789152	S2-971773433
S1-818344165	S2-791748322
S1-503827358	S2-679550187
S1-504089548	S2-348150302
S1-760186451	S2-883930566
S1-455626180	S2-580974454
S1-142567471	S2-584581242
S1-604703964	S2-496281226
S1-170833797	S2-688291284
S1-389895556	S2-921010600
S1-221682748	S2-68901018
S1-245573261	S2-755187952
S1-461840150	S2-750151555
S1-737222529	S2-842322263
S1-593233475	S2-901598426
S1-777621470	S2-968575070
S1-142880961	S2-451643209
S1-940914143	S2-783520776
S1-700050794	S2-862909212
S1-956797870	S2-181778267
S1-183457448	S2-561624706
S1-618412668	S2-450193770
S1-548263942	S2-586215427
S1-404220926	S2-697397121
S1-88346631	S2-351890985
S1-241492981	S2-277329636
S1-863444228	S2-940149721
S1-506464942	S2-658433016
S1-897056427	S2-340592194
S1-557745160	S2-915036282
S1-552807040	S2-248555997
S1-33531012	S2-469700306
S1-766481069	S2-235768545
S1-568394420	S2-508926258
S1-888667285	S2-582163546
S1-766915948	S2-418359436
S1-833682708	S2-370724392
S1-508766681	S2-800339479
S1-556201858	S2-604859506
S1-458126079	S2-686294881
S1-934315566	S2-208250460
S1-320409770	S2-531653625
S1-922808856	S2-848529241
S1-780813289	S2-673612622
S1-130785829	S2-351139217
S1-41889781	S2-787102676
S1-274337454	S2-131798549
S1-137690221	S2-198729027
S1-472349457	S2-671688101
S1-24015329	S2-797503713
S1-531062591	S2-77851532
S1-991479968	S2-439760508
S1-735379127	S2-990288343
S1-893743592	S2-262200327
S1-163144077	S2-879913611
S1-299058744	S2-818248500
S1-715076402	S2-59636506
S1-56497968	S2-96832032
S1-204194734	S2-556010071
S1-664911536	S2-579918185
S1-159474993	S2-712101371
S1-473718422	S2-223976814
S1-607056157	S2-858869720
S1-534439460	S2-773891357
S1-354911249	S2-632189883
S1-846046544	S2-160154277
S1-749418730	S2-296434653
S1-655796423	S2-460126716
S1-998081561	S2-461659184
S1-67052846	S2-911141124
S1-64703586	S2-235615770
S1-905066229	S2-482314562
S1-226454120	S2-671548211
S1-970426120	S2-216078010
S1-586792881	S2-790939224
S1-657072345	S2-534847456
S1-618170471	S2-931954779
S1-114760044	S2-927940603
S1-358674852	S2-876202775
S1-739771712	S2-568477685
S1-325755859	S2-627591925
S1-646072655	S2-3661786
S1-940719003	S2-34738411
S1-227612106	S2-677911198
S1-380826886	S2-795810729
S1-16037571	S2-531228944
S1-471975723	S2-795346552
S1-481728398	S2-536771297
S1-145061440	S2-560443780
S1-401594289	S2-93577070
S1-840588258	S2-728869733
S1-672772463	S2-444991206
S1-651021824	S2-311404223
S1-947374296	S2-953000041
S1-571073154	S2-363459264
S1-134036872	S2-218962740
S1-107646109	S2-696100821
S1-709874112	S2-423273908
S1-778547645	S2-252109005
S1-951038719	S2-767564769
S1-292156081	S2-421473305
S1-942877562	S2-577523293
S1-752703406	S2-327949842
S1-906792191	S2-910261452
S1-343971043	S2-449333521
S1-803549961	S2-62364976
S1-241925610	S2-152757771
S1-20153270	S2-644748554
S1-172203097	S2-972217224
S1-238319738	S2-531536762
S1-963823512	S2-752875804
S1-240897582	S2-444541297
S1-152175296	S2-113252808
S1-390697167	S2-121076912
S1-35787320	S2-543926940
S1-573359977	S2-141207309
S1-477470066	S2-708156339
S1-13796436	S2-153961261
S1-29759320	S2-808488102
S1-953724317	S2-186288295
S1-465341382	S2-900967117
S1-844611522	S2-944364232
S1-201842202	S2-206808224
S1-891663573	S2-739417942
S1-591617352	S2-748173515
S1-542754233	S2-832952990
S1-812997530	S2-239502506
S1-624312488	S2-842811869
S1-788251245	S2-43620107
S1-72042701	S2-404260586
S1-336599294	S2-610262372
S1-184247304	S2-68179663
S1-119782747	S2-921041561
S1-866177577	S2-634827685
S1-89062327	S2-176077257
S1-189870667	S2-208042074
S1-38755785	S2-796035213
S1-450724330	S2-326465151
S1-520315439	S2-386148391
S1-162384818	S2-283744453
S1-425991213	S2-996577556
S1-964231768	S2-627012235
S1-918483928	S2-599496236
S1-320657910	S2-580140712
S1-777746638	S2-140401448
S1-938434704	S2-54905112
S1-949542337	S2-85432323
S1-451363561	S2-660153654
S1-69070096	S2-97659065
S1-812742319	S2-171964628
S1-219274228	S2-209544223
S1-547606639	S2-41328338
S1-384643808	S2-602660445
S1-181534701	S2-200575422
S1-138347693	S2-115716333
S1-450536545	S2-187229216
S1-46738518	S2-752510772
S1-381874670	S2-336023392
S1-61017156	S2-190699464
S1-469728997	S2-482614505
S1-932743133	S2-566852952
S1-171580497	S2-442644125
S1-5841304	S2-51059183
S1-597722592	S2-681107550
S1-120242122	S2-416763949
S1-192159974	S2-893929899
S1-815617841	S2-80824391
S1-989368805	S2-56512245
S1-8475515	S2-714266055
S1-5034858	S2-809415326
S1-167464369	S2-580658998
S1-365700091	S2-906847973
S1-320730577	S2-756211742
S1-600940703	S2-986239721
S1-502527113	S2-982708523
S1-540871926	S2-138183739
S1-133725060	S2-199793533
S1-384335418	S2-861891131
S1-606937681	S2-276207929
S1-833629643	S2-881317203
S1-509834542	S2-164236764
S1-45437047	S2-588984505
S1-240149673	S2-778703962
S1-276120546	S2-962751299
S1-734612805	S2-717770200
S1-218045888	S2-593324837
S1-923967636	S2-164028403
S1-585675342	S2-170937055
S1-732499340	S2-221245944
S1-980587479	S2-453042576
S1-119657830	S2-284207238
S1-623267218	S2-748260487
S1-663802809	S2-749335346
S1-918371970	S2-366291668
S1-749527567	S2-938608502
S1-654578375	S2-375451845
S1-915490805	S2-570954099
S1-866805614	S2-872587416
S1-985028212	S2-480828050
S1-773497207	S2-47604904
S1-452861849	S2-803441475
S1-537978910	S2-602715426
S1-711595316	S2-856189853
S1-761981503	S2-984923161
S1-184447452	S2-60683734
S1-700537878	S2-300501394
S1-824160158	S2-579217319
S1-249254822	S2-563541345
S1-965723986	S2-230277059
S1-704130386	S2-828225415
S1-58194234	S2-259067195
S1-348584211	S2-896243405
S1-764280767	S2-799493847
S1-76076856	S2-900191877
S1-175405013	S2-308577734
S1-26661092	S2-713420443
S1-232595839	S2-667387059
S1-689237301	S2-467443434
S1-886001883	S2-535673278
S1-550038331	S2-376314416
S1-655270612	S2-901330826
S1-759583664	S2-726721046
S1-34283770	S2-167382424
S1-320569141	S2-961352222
S1-683475320	S2-91121222
S1-91415221	S2-819599392
S1-231169533	S2-149397432
S1-279949491	S2-704668091
S1-682049030	S2-707242932
S1-799644954	S2-943615250
S1-839271699	S2-467092956
S1-76788295	S2-331048697
S1-211352436	S2-859851245
S1-741298432	S2-129194441
S1-113687096	S2-805440164
S1-672834079	S2-454081602
S1-587009597	S2-124312293
S1-883938354	S2-943870639
S1-392901767	S2-132101238
S1-325900088	S2-41553470
S1-122696735	S2-810641012
S1-696878714	S2-210804492
S1-757303142	S2-453775791
S1-409474380	S2-560025753
S1-884970857	S2-156906486
S1-53409659	S2-21068936
S1-831874004	S2-832939311
S1-14365158	S2-778830359
S1-603938007	S2-395062415
S1-122456276	S2-26915816
